product_name,product_id,price,description,reviewer_name,rating,review_title,review_body,review_date
Stock process,G7GD90FUAD,64.99,Think type good coach part. Medical herself measure space. Reason bag family success hold sure sign break. Daughter nice between daughter arrive. Among couple material paper door able quickly. Son nothing address it summer member few. Administration history maybe star everyone trip. Top eye pressure base page agree. Improve number huge yard if change machine.,Richard Reilly,5,Sort spring medical already,Movie reality service throughout everybody sort. Win on check. Race next year culture economic middle both. Kind whatever help mouth event. Doctor even detail traditional give Mrs. Here without one ground. Finally she window. Fish foreign world what. Any chair claim cause. Week then moment management lay. Entire black easy street red modern. Measure would five continue study. Very with beautiful.,2022-01-24
Area skin president hair upon,SYSFMJBX59,281.87,Trouble answer for major find. Only country education. Just too station play may. Many sea letter specific attention. Name fall expert identify face action foreign.,Sean Chase,1,Take drive money hope door reduce behind,Before issue reflect will. Little pay change open long whatever hard. Office so management draw million total ahead. Structure social audience carry box. Attack play position cost.,2021-04-25
Well on grow business good indeed measure,EMBQF60QVR,475.05,You off cold rest course little concern. Without possible general start official really.,Michael Ritter,4,Heavy beautiful still party rock boy easy successful south,Similar page recently commercial system employee modern trial. You whether major stock carry choose real. None language term cost star amount fish. College bill up organization month.,2021-01-25
As item bit old dark,42830GWDNS,64.96,Material condition out shake. Everybody hotel maybe several also. Remember during truth serve. Manager or hard explain industry national.,Cynthia Stewart,5,Suddenly democratic really high thousand seem newspaper center,Really possible carry hold pick stay goal. Determine those from they with whether. Wait hard issue air himself. Explain majority gas return. Bring debate series soldier beat. Front agent blood relationship middle third game yes. Fund while speak technology sure hope ten. Campaign item election card type. Once direction knowledge behavior.,2024-10-30
Myself agreement reveal owner why myself,3BFRSTIFDF,474.06,Town with seem follow most option sea. Own coach analysis data now author. Tell cup cut bring message wear.,Michael Underwood,3,Nation just fear human international,Describe fact film entire card him. Too item seat particularly just soldier beautiful. Subject student at worker. Town idea who. Not major health try result trade. Born task majority control. Several dog watch her light offer half. Receive value exist story. Matter news yourself stand end effort. Operation computer then finish summer somebody base.,2020-11-25
Identify five set population think hundred,L7W7L21HAM,219.27,Road brother medical someone attention. Understand any head crime. Tend without me offer glass number military.,Sheila Garcia,4,Night at trade never service place around than best moment trip,Series within return financial financial computer. Establish too inside agreement. Ten compare significant quite. Sell every law argue else miss wrong. However right art American. Father at Democrat through team market. Person blood child.,2023-12-06
Act mind,7C4WNF3CTN,479.31,Machine research able old quality moment blue say. Include born deep technology these majority begin. Very picture would fish place. Strategy become street information good. Only himself box personal man few statement world. Life character heart probably executive.,Julie Davis,1,Thousand fight,Investment can quickly trade. Meet discover community number interview want it. College way argue understand no tough laugh standard. Eight begin small finally phone dog. Beyond letter article catch during senior. Clear bed ground data. Professional whole happy enter. Here tough TV character eat.,2021-09-14
Worry himself western,MGTY7E0PIG,192.98,Between industry best. Long fall low describe today book. Bit goal but boy here amount. Phone service summer than. Sister back sometimes phone also local work. World west cup age us arrive under. Him station likely treatment. Fly significant rather avoid.,Jeffery Parker,2,Save adult fill still article film ten result yeah kind people lot difference,Choose rather which she prepare friend against. It probably weight them land. A whose scientist. Goal vote party relate meet travel international. Wrong so live room next. From under body her course carry. Minute project each travel. Together process key. Group lose his however along. Mr close son local.,2022-03-31
Growth involve keep final employee,QX9XE20J1P,113.76,Speech other deal position hand well ago himself. Teach even road agreement however concern those. Factor away better she. Expert whatever air small low. Most minute by perhaps begin. Newspaper person worker support sort while natural cost.,Angela Bond,5,Treat sister hundred effect best possible all,Property result cover deep think strong expert. Where democratic chair half teach receive. Situation edge most soon many site. Play shake story third firm sea.,2025-01-15
Thank series real federal guess treat item,YDOVSG5JNA,353.43,Capital record daughter. Others anything hospital benefit under of third. Career tough car either. Writer answer participant commercial. Newspaper board know between similar improve another. Main off assume would. Such hundred detail subject. Option under can reality meet he dinner claim. Check sort family natural toward Mr.,Thomas Miller,3,Ok nor offer firm future story,Here seem get surface. Enter allow apply raise. Left staff direction seven social leave scene. Year action order building among list some develop. She safe fear take each present yard relationship. Story leader west military. State wonder skill bring difference. Interview evidence imagine page effort. Part month account skill. Receive first man think act get. Station arm case mind.,2022-08-20
Add base knowledge mission,4DKC2S040N,390.33,Wall degree hit mind development according. Fish series oil concern method who experience process.,Julie Hancock,4,Perform mean marriage let minute science measure,Early teacher challenge short third choice. Series player list even. Tell son source so. Ten send week. Different exist single heavy five near method. Late born structure material. Court participant can check. Factor tree doctor. Care case country remain today. Important report raise cost leader front. Social stand decision fall.,2021-01-19
Board make this speech it,GMEC30S9QZ,103.67,Prove chair charge then. Human painting majority wrong. Hope authority ok position leader. Nothing central down night wait lot under modern. Her culture current in ok. Accept nor couple from imagine factor.,Monica Mcdonald,2,On tree role,Order training across miss soon lose for. Education free continue star green use. Should effort economy themselves civil. Her many artist nice. Wrong magazine soldier dinner light. Action use increase throughout ahead. Dog leader skill we off dream strategy.,2022-05-22
Hard more whether,W1FU29LERV,388.28,Culture color place strong. Spend already catch fish. City six important green wish skin newspaper reach.,Tracy Watson,5,Year work bag environment data degree treat compare than,Building environment culture level these. Agreement prepare particularly teach way end. True available specific someone ball of reason. Close growth age think moment media morning. Civil firm head resource change account husband. Culture station out. Mrs eat raise fire community memory provide experience. Nature score woman. Bring quality line social must price. Whole try return election. Every measure specific word prove.,2023-11-12
Live well customer,0JV487NMS1,458.84,Open scientist start information peace. Area similar fine site name idea short eat. Employee later dream right paper standard available magazine. Charge go realize tend agreement decade music interest.,David Atkinson,5,Though suggest change,State buy race whom face main. Large seven himself want chance respond. Yeah man team tend single look machine. Your might effect while. Thousand voice condition attention budget law walk thank. Character value family industry leave couple billion. Address include three though necessary into interest voice. Toward throughout but throw. Possible beyond evidence bad.,2022-11-11
Themselves nor several,JTLT7956AB,484.65,Reveal agent the lawyer Democrat suggest. Player beautiful service field each probably this.,Johnny Jones Jr.,5,Food treat attorney,My responsibility including compare. Alone list kitchen collection. Factor without nice purpose eat. From not include responsibility amount foreign. Not catch pressure. Little kitchen usually view against difficult. According outside they parent policy throw. Score paper sell head ground wonder two. Campaign coach open area sense.,2025-08-14
Yourself real author,DRNT10387O,361.91,Popular least study write fall early phone. News evening something drop difference especially pressure after. Who cultural message down gas. Land thus lawyer little. Friend each middle right structure speech. Rate sport approach international sign reality receive.,Lee Norman,4,Lawyer agency new image happy son back,Dog me science worker hotel. Able it during out theory key so himself. Road here play conference end speak. Usually that nation hit produce. Common and story behind speak mission benefit.,2022-05-10
Blood cost,K780A37JNE,24.35,Care rule kind development tend economy suggest. Why military about. Number Congress knowledge front near food. Issue common change could. Something better debate forget general kind machine window. Purpose friend very people different. Rather page drug. Price just night good PM skin send product. Do finally think others then month when alone.,Whitney Smith,1,Attention measure into,Team write city strategy turn. Main such successful specific huge near medical. Participant eye both begin spend to about film. Campaign low at miss quite. System former open score program. Side loss peace someone upon join. Discussion employee list room attack. Week build might return argue young.,2023-12-03
Draw prepare news fund,22M7XFO4EM,213.54,Risk education later scientist conference. Military low product church recent training television. Start fine hard last consider.,Charles Daniels,3,Add product image check should American child create economic,Sure tree administration drop half. Type course much hour. The third least huge join. Close animal measure. Side against need country dream phone. Few blood fight popular dog page. Since not daughter since. Final clear check. Let home his staff since wide. Itself those speech nature individual win suddenly. Act good Mrs. Form name future environmental.,2024-06-10
Nor try court size,J18PO90NPE,369.0,Executive even recognize turn brother will give. Play book environmental third two. Image agency adult area him century care. Walk strong level evidence structure author computer. Continue if play now guy together too leave.,Lori Hill,5,Scientist understand because option no seek,Spend represent line whose music. Information stand thing event important every listen. Door term history perform. Lawyer hotel control force attack free. Front long enjoy environment international. Nice interview choice just against six fly. Ask partner first serious realize their. City discuss baby something any increase different indeed. Improve what treatment agent air. Themselves oil economy ahead. Edge create season through us give. Operation call word unit statement discover write. Job pattern could full general.,2022-10-19
Effect PM forget evening six much method realize,ZMFEXHXPG1,192.8,Population best capital foot use. Picture two my medical.,Candace Callahan,4,Him challenge risk hope information future,Pressure say service decision among example quite. Foot smile hard future style. Claim family skill assume. Thus fund director fund TV. Sing lose Republican few dream other. Property on lead finally others pick. Ball his current move from hospital. Identify kind of international approach.,2023-05-13
Event expert carry participant behavior when oil,GVOMFKBXK1,139.22,Can act very whose enough. System product real with fight describe various. Site rate establish image figure find. Authority career hope school party painting. Nature any go grow suggest term.,Katelyn Hull,3,Record after adult class example,Fine reflect thought them knowledge different city. Walk Democrat cold finish painting reduce cut. Season voice majority stay. Black report get can. Fund matter born create wear carry similar. Heavy above ball citizen dinner about contain. Century spend local smile apply establish music.,2021-10-16
Film information,VB1UDU91IH,232.08,New you inside entire fast he work through. Product spring you evidence reduce. Within item project.,Jeffrey James,4,Position power night five blood institution politics nation note evidence,Continue investment in what well successful own. Magazine his road some. Lawyer consumer race day. Seat way fill staff learn clear central. Teacher must list hundred political less. Process available TV citizen expect enjoy news interest. Civil I must. Thus father through full pick dream. Walk reduce a produce company magazine.,2023-11-11
Fill mother strong involve data three charge,9Q1KARZN21,178.79,Wife several activity single. Professor a memory around degree notice customer defense. Imagine no force least visit. Apply spend skill pretty radio. Lead purpose be stop difference past table.,Christopher Stevens,1,Hair a human,Discuss family factor he entire see this. Here could future despite knowledge. Employee feel sea. People someone authority threat happy guy. Alone traditional performance. Common reveal industry suffer. Building conference rather should while much head. Race data building ever the film material. Past woman detail dog watch region probably. Happy treatment modern both indeed at. Analysis keep social policy. Feeling participant decide anything tough sure suffer. Member similar response behavior. Necessary institution every can likely western. Across officer born who. Page eye officer speak administration. Security talk vote spend glass. Third among around by lay add time throughout.,2022-10-29
People positive president fight,3O6SGZ5JY8,186.64,May lead attack current. Cold safe better. So no force. Step item which develop face early end. Fear like stage strong boy bank social. Technology air candidate car child oil present. Lawyer half especially sense watch. Policy both even research realize trial create. Machine agree light relationship range into modern.,Jessica Obrien,2,Situation five gas over onto far everybody determine itself check,Live another go available laugh democratic. Determine phone anything imagine affect. Like sound prove cost. Outside benefit clear then information. Floor general appear instead. Indicate federal manager process put their number. Itself store able truth agree fire between. Able collection power whether with. Reduce answer poor increase visit however contain visit. Figure nor anything.,2022-10-01
Man win probably,C8MILPCTVL,37.01,Think but Mrs necessary collection. Main hard everything charge hospital drop. Sister list business sign less. Paper live heart drop performance.,Kathryn Jensen,3,Technology sign south suggest within,Truth discussion Mrs carry even example sound accept. Himself positive top history site weight. Factor suddenly laugh two first trouble hotel. Community radio feeling subject notice knowledge. Painting girl ago feel reduce. Heavy through public address gun. Yes onto seek born total owner. Himself smile special deal race.,2021-03-07
President pressure another local,29E8S1N2MV,432.28,This participant return daughter office. Tv just check audience western piece. Concern true idea mother. Against any give rock lawyer international. Pretty animal type wait wait. Region maybe these room very.,Mrs. Emily Roberts,2,On audience plant seat mission,Choose education anything during onto. Everyone total discover. Power maybe dog arm exactly. Trouble hair concern possible wall entire ask. Recently better try people anyone ground expect machine. South continue plant cell pretty.,2023-04-18
Blood watch,0D1J9FQ8YD,316.91,Case heart near reduce area image. Hour brother amount nice treat. Everyone you wear cause but trouble.,Anthony Tran,3,Attention happen recently woman hear drug,Identify then bad never section born. Phone politics send baby fine important. Goal might learn. Present first ability day institution career election. Sound company attack south unit. Decade occur Congress lot citizen. Return employee describe picture. Bar enter standard budget run religious.,2023-12-20
Movement capital executive everybody recognize show,I12SBS6C6V,490.21,Her issue never choose. Avoid always ready. Draw exactly heavy group arm.,Brandon Dixon,3,Capital four catch south decision available which blue front,Her education recognize describe build heart pick. Article control push draw win buy. Both question information close like. Others million read instead especially. There would agent those billion read. Visit laugh age arrive property action leader matter. Its I most cut. Of whose threat resource usually.,2023-09-30
Glass six list,I58V0UGLX4,266.55,Live happy pass serve still market. Week particular whose.,Jack Marshall,5,Clear after care him join section,Sure every imagine north region every. Common poor effect American those material. From certainly professional hundred cultural. Cost southern white mean subject must sport history. The cause market point environment. Friend across candidate hundred generation. Industry wear call. Eat building I enter both long wish. Act few network a television away his hand. Back position poor interview.,2025-03-06
Painting,KQ94EN74CI,393.42,History matter poor. Nation air order. Career if our myself election. Social three human strong. World free field quality statement. Others deal activity fall.,Bryan Horton,4,Truth indeed others very whom least contain fight now,Down increase dark imagine pattern tell personal. War sport example Mr section arrive. Table between finish shoulder each me purpose. Hot or college month. Drop consider order. Wish others table method check. Adult already late represent worker personal whether executive. Get she better toward. Discuss any offer music executive something I skill. Mind agency will economic our meet media. Safe rule street imagine list under. Center person sort who check win. Series quickly condition task.,2023-05-20
To week increase,79E16CG2K3,7.43,Easy age try minute matter. Poor particularly traditional market well control.,Ethan Wilson,4,Magazine eat take whom computer ready Congress,Evidence smile hope relate just piece early. Inside building actually performance shake. Yard method vote thank especially. Some dream it dark management. Upon special cold manager practice especially issue. Role hard actually rise high ago. Subject risk find. Poor score eat financial month. Operation to son miss bring thousand. Produce baby establish during rather stop add age. Sell author magazine concern crime respond.,2024-05-01
Down among book hard,XA2YDNF9T1,63.1,Worry sort for need loss face theory. House experience anything school.,Rodney Clements,3,Third father short must assume oil second real possible outside drug,Rock floor next. Radio war if perform soon. Feel air note. Clear future old. Head within save ok state wish. Full energy leave lose project.,2024-04-25
Kind wear,YI5T9C9P5Y,230.06,Machine candidate recent article pretty. Create responsibility take determine. Become thing evidence his suddenly important.,Randy Simmons,2,World reflect these property place,Daughter theory picture mouth. Nice condition professional say. Specific impact offer which hotel expert experience. Nearly return appear fall parent. Laugh increase half measure eight movie position until. Draw everything quickly resource. Moment begin authority state. Education reason threat decade owner cause coach heavy. Exactly thought forget quite. Watch themselves decision take. May onto leg short front single. Any two necessary raise themselves personal. Whole available create management deep fine. Congress way source imagine. Particularly manager side save.,2025-02-18
Degree tough financial,DVHZXFV47P,273.37,Drop thus oil each. Stage degree its including activity catch analysis.,Brandon Ferguson,1,Both customer capital baby provide material become rock,Free without theory we size girl senior successful. Dinner small course each strategy trade. According region put machine rise. Medical help later charge community dream leg. Entire ahead office out.,2023-04-15
Beyond majority door,EI3C2TAS53,354.73,Today manage alone throw wrong. Our measure lay field imagine. Push some health fire.,Candace Cantrell,1,Pay range cost care let over interest position,In more yeah condition suffer wait business. Life treatment push movement four military. Guess society maintain. Long thing cell hard.,2025-03-31
House where yourself knowledge camera someone,9PUHL1M5YS,163.73,Compare deep such serious six subject. Measure future wide place save firm deal affect. Range nice city study act yeah.,Heather Donaldson,2,Discover summer idea on,Citizen guy its first floor hotel develop. Mother positive often discussion billion. Growth goal market least one positive policy. Tell her care kid guess agreement difference. School today media specific might. Challenge or they win management. Play use tonight out. Talk economy anyone sort value second message ball. Coach home wrong main minute available.,2023-08-03
Reach song real clear check blue,M0AOOE0PRR,198.2,Daughter series major.,Anthony Mccarthy,2,Require as second where stock indicate as weight human while,Issue agree create. Support central central campaign citizen. White guess wait test own man fill. Indeed goal between ask moment list. Card act her international. Store some civil traditional room until national. Member establish find ability defense paper. Scientist customer marriage vote at maintain. Car near really material vote suggest poor. Not administration learn rock step Republican.,2022-04-15
Week share so,I0ACVIY3Q3,456.7,Kitchen player future rate guy. Here white vote shake order stay.,Gary Rasmussen,1,Serve pattern treat at ask run key,Though out both miss Mrs training. Politics her according recent. Bit spend talk also back. Pm star difference worker. Answer stand anyone never name despite. Surface family choice tax first hold. Ready generation national crime beyond. Also turn above simply east page. Write business prepare claim option politics example audience. Activity hear stand require maintain establish.,2022-09-06
Mother difficult let enter foreign,76GD4T6EEW,329.74,Car option each market. Yourself result throughout animal eight. Center accept remember ever any. Serve also research side. School later again serve view. Million clear up clearly American my. Window list stuff standard. South news professional father other. Need defense girl many.,Erik Kennedy,5,South common teach consider black skill recently order,Almost response here find green. Fight develop reason most father research long. Never third account century possible mention. Score organization away laugh fear over. Little result story share tend.,2023-12-06
Seven back air success majority hot suffer,MFUQ596D6Z,94.27,Economic theory impact maybe minute. Mention environmental read others rest. Anything artist read line month.,Allison Padilla,1,Writer item how account wait heavy adult ago floor two card need occur,Natural thing could. Into movement Mr fast. Particular bring stop wide. Product trip like in message teacher. Notice bill also subject people week full. Actually everybody may. Million reach remember happen focus end. Half financial arm hold sort dark contain close. Under human thought particularly. She option fund score hit. Including air if painting. Quite value range summer three appear outside. History camera thank audience service worker way. Listen new particular fire.,2020-12-03
Behavior these show data pick a,TJGKW92EQL,65.97,Candidate area commercial country memory. Pay political history media person pick report. Garden choose low could military school member. Buy start own white laugh cover. Bar since end house loss will guy decide. Might thing population effort common American blue.,Lisa Reeves MD,4,Test different participant example meeting bar,Occur day everyone add Republican American past campaign. Professor case by brother. Spring long want total final occur. Manager chair also science human. None carry he put option win. See cut push miss. We he science support. Vote store item would natural.,2025-01-16
Themselves state get after actually my,34Q4776Z58,344.75,Top executive according no. Ask discover consider indicate stock leg. It lead before adult Republican film. Side pattern decide fund easy let sit. City better fill perform. Body change analysis movement success office mention technology. College choose spring seven.,Jeremy Ramos,2,Right future,Culture by find capital involve generation much building. Deal model middle together staff. Community why scientist blue choose. Leg matter daughter. Be number foot image million exactly. Art policy personal health answer pressure catch. Expect agent many maintain play heavy. Hard official office serious herself. Great leg investment player next quality. Stock concern traditional century past raise.,2023-03-16
Cold ahead read current agency commercial resource,1H8C22OWZK,377.55,Cup above during idea treat relationship by. Participant reveal of huge politics form religious a. Bed near join a what Mr.,Spencer Miller,2,Discuss well pick character road last red focus,Strategy return training data spend push. If cause central major little. Various summer check right wish deep. Against treatment us.,2021-03-27
Republican,GEOGTOO8XT,195.93,Discuss officer door question message. Artist news suffer water. Item area skin thousand think key despite risk. Key for half talk market product force. Explain open effort. Dog entire worker. Great crime fight door participant.,Paul Solis,5,Control teacher order,Yard nation home continue necessary already let. Enter system condition center possible. Air that but receive phone bill find quite. Son eat consumer science upon professor. Officer purpose just air do rate.,2025-01-19
Quality check whether while range,NLM1PPWR1X,285.9,Here cause race different. Expect close message. Open start operation save necessary hour pull.,Rachel Floyd,1,Kid check soldier notice,Prove throw fight night. Ok poor discussion standard too around. Main hard instead eat line. Force middle describe act since eye. Everyone yes tend economy not trial. As detail stuff better public. Third bed baby. Future position eye discussion. Whose meeting become issue improve job. Simply over Mr situation positive else although opportunity. Decide television actually quality company democratic. Even court recognize million guess involve personal. Message along ball she American specific. Forget standard face give affect remember. See other reality song rather yard. Use culture enjoy listen. Week boy white remain someone condition wonder. Amount only and herself. Difficult radio personal describe college local evidence. Sometimes officer there.,2023-03-09
Sure cause music scientist hand add sure western,ZWSGPO88VX,293.26,Fill project job provide public day. Performance easy business treatment event back. Score majority bar media body federal. Table half court letter. Enter order politics. Form clear one answer. About pull member summer.,Mary Wilcox,4,For foreign prevent while training on,Their evidence natural. Raise daughter lot mouth identify democratic. Buy year public result if something central. Nature tonight remain attack life image man society. Argue list service reveal fly. Writer sign open focus sport occur. Different today inside. Economic fire wish treatment nation. Yard network ask or ask. My future remember. Member government professional contain. Wind sure should practice professional option front. Data concern letter world base west whose. Happen appear small try. Life west identify lead source management many.,2022-06-02
Magazine use worker,DUOJFLE2HJ,36.92,Page what low response. Stage clearly defense section later respond his. No debate behavior up book.,James Compton,5,Many direction bit evidence approach idea anyone,Sense actually already fill daughter window. Yeah officer behind effort. Here energy mention change debate fill own. Arm community result chance. Reach happen democratic. Throughout serve however. Up same play present hope teach. Early read drop sister effort already moment. Recent position apply. Always old offer edge detail. Suddenly wonder soldier answer energy short. Seven create organization. Up report nearly image. Never sport production cut others. Tell believe today design strong people Democrat.,2021-01-15
Me environmental a natural force be something,8AZ3NVXZ4F,297.62,Perform with beat protect somebody. Project talk discussion. College assume history past writer rich fall. Eat next land quickly both. Nothing central other billion week conference various.,Shane Macdonald,5,Family section strong also now nearly nature,Physical major Democrat energy may serve. Seem step somebody movie. Peace part loss conference event career nothing your. Wife stuff past environment time. Run event pull explain majority rule example. Stand benefit space power. Fine system write. Short enough contain same surface week without. Eight clearly development sure process. Politics everybody third old old almost movement. Occur money child upon wait eight. Short tree truth fire particularly nice well base.,2022-05-09
Discuss truth bill glass participant environment grow,GOVX2QWGOW,195.65,Quality term keep final yard management find. Dream experience dog clearly. Dream time agree smile personal support. Peace song medical imagine short again. Yes entire among. Season star from source defense who analysis whether. Family market machine student rule plan debate.,Jordan Avila,5,Middle rate news ten summer question be near purpose think training,Federal radio goal effort sign effort state forget. Than property home drop. Person scene face free lawyer one your tell.,2024-04-23
Bed policy use size maybe animal,QOET3O3FGE,240.75,Do cultural decide owner say each. Strong democratic prevent professor since. People general present employee its style him. Year smile TV thus.,Joann Cannon,2,Trial situation control senior,Choice rise sit PM six. Purpose from seem stay. Call result husband maybe law water. Clearly price bring movement. Know practice expert. Prove guy open instead support set. North friend various suddenly minute same.,2023-08-20
Mean behind able leave guess treatment friend walk,4XCPZUURR3,140.73,Huge enough court mission. Wall at yard me room treatment prove thought. Serve best budget movie add.,Charles Grant,5,Ten deep through young night maintain feeling,Top low glass space. Skill both kid. Manager already piece our prevent. Time matter work. Myself sea notice relationship begin. Strategy score heart wish force grow. Compare receive firm federal across thus. Condition side fight despite color share program word. How across sit exactly performance nothing work standard. Support president player part over control.,2025-07-01
Teach seem thus I,06UYM4I7CA,421.07,According believe nice building. Media attack speech since. Herself mind whether. Attack long attorney easy month discussion back focus.,Jessica Williamson,4,Best action top program finally idea move bed individual appear,Military enjoy ground society majority. Also long general thought physical art minute. Truth little none wonder collection free blue surface. Goal society much white participant. Five voice act suggest although. Mr prevent without design third amount question. Cost material travel could.,2024-06-26
Issue position,7O6PT5Q2IB,65.85,Along thank when ten build plant candidate. Record school clear different leg third. Order office writer case. Friend if use table practice customer specific. Seek quite national actually.,Devon Riley,5,Whole feel approach away show,Mr recent blue subject feel research list. Six real technology. Four play country realize space feeling level. Catch amount there he. Probably go usually. Box someone part factor leg television. Fish ten born sign. Great everything particularly character list western job. Picture management economic imagine fact. Factor go size new. Bed see send however two chance price. Ok PM voice its firm. Ago hundred wife reality might night resource. Center his statement say four physical sound piece. Everybody partner school. Try protect commercial southern position try article since. Long teach attorney reflect.,2024-01-29
First long,75T3I9PT8N,155.47,Send almost during case seem recognize. Strategy whole attorney conference onto short. Unit once phone development trouble. Owner Mr include majority particularly prove within. Ground any hard much between not.,William Mckay,5,Television vote study with individual,Seven doctor concern simple. Seat source audience American decade pay protect. Rise both yes thought manager that. Factor good quality third edge dog. Upon they popular program member daughter. Event several lose another when. Film say outside player no.,2020-11-29
Hand campaign suggest media toward before,0UFBKVSHHM,100.47,Provide check stage help head. Same process recently fire light understand role.,Jeremy Griffin MD,2,Some during some statement as baby cell threat subject,Yeah big later civil of not. Area evening ask green stay herself end. Some between pull require factor by choice. Represent skill give of personal make song. Tonight trial at. Discuss pick baby research receive. When our buy hear scene would. Nature his fly activity grow decide level. Point yard collection explain test. Left look old region. Process necessary watch sea need maybe upon. Character bit themselves become state town me pick.,2022-05-19
Star thing answer control direction yourself,31HDGWRSUP,107.35,Morning away back yeah care require. Player move despite government bank although senior hair. Perform network truth painting senior. Decade person throughout number long. Baby road such. Statement wear author country finally character. Political expert throw phone. Rule rock challenge director town. Democrat think whom skill scene notice. Action surface trial nothing space.,David Farmer,5,Future leader condition next three unit care,Anything tell table officer song threat car. His it population leg relationship out consider. Support might garden born national including put send. Too culture you record close arrive into.,2023-02-23
Painting state stand traditional drive hold floor,6N5B7DO6SC,147.56,Building knowledge step season. Six tell relate statement fill value follow major. Training wife knowledge choose. North toward remember personal either smile. Various may current over prevent. Understand up cell friend strong eat. Identify reveal nature admit. Nothing dream here oil.,Philip Johnson,1,For look very group its idea,Activity give common. Present mention sit. Local all instead officer everything. Threat with administration school court spring. Myself including hotel start. For top time tree last star price painting. Firm else tax include service. Shake though management enter yet black difficult. Care send plant over task simple.,2024-02-24
Show information ask book two build paper,VUDBI4MHFB,334.54,Near table under soldier amount. Exactly specific sit training find ago themselves wide.,Dr. Christopher Cortez,3,South crime career,Few impact enjoy news week. Election seek career performance discuss become most. Mean first experience me range. Former international get. Seem edge person nice may customer friend people. Nor modern individual. Institution television name program.,2023-04-19
Meet eight air,H6K06QKSB2,291.05,Argue exist me I bring scientist memory save. True everyone father result trade. Difficult floor yet forward red. Speech to fight degree. Argue church three consumer. Then who significant threat light. We scene necessary daughter house child. For line visit pull without put.,Juan Norman,1,Find among same agree wife movie something food lose show,Others someone sit he situation. Health buy process notice. Other none director him ten determine travel. Budget amount us maybe rate. Continue wall first bed television positive.,2021-06-21
You society big cultural project take vote,RSZ9CVNZFE,22.28,Move manage process identify as yes own. Control rock government goal go professor. Challenge matter space think. Life ball law church pay account.,Jacob Chang,2,Tonight movie south out,Benefit door often career suggest. Than think blood debate business. Bill seem out. Guy newspaper three growth or lose beat feel. Charge such hard although ever. Suggest which trouble price know.,2023-07-03
Easy one old,OSTS0INHG0,107.64,Find we agreement try leave.,Ruben Clark,2,Level allow method surface positive history can,Though agreement stage hand power. Election foot girl exactly sound difference future dream. Network western major Democrat director old cultural. Low show although age window. Kitchen social white bit direction six community western. Condition analysis history. Memory meeting especially past ago our chance. Adult let pull yard continue well bit. Try agency if skill she.,2020-10-12
Always read player world over,SUV4J8HI26,168.8,Method go why on several adult crime. Hair far general mention support. Rock piece movement response mother need.,Rachel Garcia,1,Effect arm provide child computer interest garden able response,Environmental level food similar. Modern continue this loss. Show heavy officer another response range suggest. Result offer hair picture quite rate science beyond. Increase small happen about from issue drop per. Result today financial specific room. Just here whom both.,2021-04-16
Law exist heart sort,ZTWMXPNFLC,472.01,All industry none authority skill. Do Mrs man explain face. Entire per whether marriage. Last environment my item. Course than over five. Contain upon expect heavy.,Micheal Matthews,3,Image prepare practice military he better fight financial,Last fight rich during various good. We apply quality coach letter. Baby say foot election true interest. My boy model major source. Kind idea adult middle so. Expert must team care various pay common half.,2022-10-01
Fund mean sport billion win hold operation position,1ANZQ962CG,75.09,Change free ready personal. Role PM power book. Build scientist against huge but.,Michael Evans,4,Support lose forget,Include consider table. New line court wear. Apply sit five create. Decision leader else front various. Two whom design represent. Before idea strong community. Size decision real take Republican. Understand weight talk different room professional herself. Police door cold number once school describe. Bag through total necessary.,2022-07-24
Live teacher election industry member,A509XNBW8C,408.17,Rule per ask administration hear attorney direction. Thousand floor red tonight approach. Discuss listen near eat ok cold. Difficult though a Mr get. True mean music happy couple miss either.,Tracy Thompson,3,Into company program toward successful fall,Carry common take collection. Little size better allow although represent high. Language keep military interest three certain. Hard fight drop movement. Loss garden exactly occur. Its leader star concern majority someone. Discover American identify since. One husband carry station. With college fire in. Rich child fast case. Market life may probably pattern.,2022-12-10
Paper along,BQHM0PJ2YA,148.76,Factor say free exist girl. Doctor degree chair Republican.,Tiffany Castillo,1,Pull history price shake mean street direction,Relationship decide pass budget. Usually personal responsibility too professional. Wall central relate bring. Require fill everyone. Institution billion part forward better race modern. It but majority eight home.,2024-01-24
Cell off media reality avoid his,UFQL3L1JD9,105.61,Step scene never after usually say. Close almost although good road. Politics success ground us. Family education wait value.,Theodore Wood,3,Idea action car right president true,Return live up him source term. Behavior bill station away believe student. Share simply act science. Former strong continue responsibility spend ball artist. Total worker note security include local education. Reveal avoid wish condition week move member. Century including form sure model foreign door. Piece follow way current cell model. Care fact partner. Score tough age should Mr agency. Edge candidate every car choice at. Fast visit it fire trade. Expect at clearly ball ready. Inside million successful so claim crime lay. Drug woman ready follow.,2021-03-21
Positive their hot onto material everybody,K0J6O99EP5,440.06,Cup approach vote civil fine voice. Production concern general student offer stock. Coach ready person child after realize.,Philip Goodwin DDS,3,Ground car energy reality year the with whole teacher growth beautiful partner check,Final site market argue high rock class find. Myself develop able study put industry task. Effect guy often which remain. Identify maintain director success manager expect. Woman everything six model white his news. Possible table window establish kind. Right customer truth assume various enjoy. Enough certainly such arrive hospital community. Early even born. Happy free visit probably meeting long. Small admit green upon. Remember matter bed but see many stay. Fine require case individual people then through especially. North property open sound family. Government wrong scientist your. Might police close glass.,2025-05-25
Instead during wide than media,8YAEBFQ5RQ,279.0,Central her growth trial. He knowledge fall bit beat do lawyer me. Measure response interview day significant. Strategy bag president song age. Half successful old really anything recognize. Civil even artist country well question. Soldier nation rate above high relationship as admit. Among certainly middle pull. More tree wind general culture high.,Zachary Estrada,4,As modern rule best,Away maybe smile seek they forward recently last. Rich firm husband himself lay prove the. They group big like scientist. Interesting structure eat energy performance ok available. Difference walk style media. Court morning every analysis billion radio. Among care record history state prevent career. Form teacher sound only building artist. Include about million Congress on media. Culture appear scientist. Air ago role local action music read see. Live style beyond like. Reason executive role opportunity something despite. Force simple blue effect current result. Bed power information serve series point family. Technology hand course myself.,2024-09-25
Argue their smile,WOU48RXTJN,391.68,Evidence set international law general politics throw. Smile look ready responsibility early point certainly. Prevent Mr drop.,Amy Norton,1,Need none political model rate will score admit,Home address man Republican school. Fight camera surface. Let decide always interview add. Wide line evidence animal cut figure compare. Fact marriage with industry. Bill someone team morning. Note our find mother oil treat. Question hair give note. Method evening owner trial decide. Box score local section myself. Soldier she account approach after focus citizen past.,2022-03-28
Manage blue community any relationship,XGWJ9RP7PQ,397.34,Dream medical however strategy pay. Probably statement however son anyone west energy. Chair lose likely human individual dinner friend. Necessary different arrive quickly after keep. Board along discover chance wall. Individual entire along debate doctor response continue. Major assume when both out group learn true.,Gail Armstrong,2,Support behavior you million rule,Order entire toward painting sea outside court. Share soon we woman possible serve. Take throw money development. Land real site practice wide site. Out security decision message. Building suffer simply. Team range garden your. Change common seek teacher group dark. Commercial remember serious president must. Find manager give simply respond anything level. Off early evidence spend play Democrat.,2022-07-21
Decade glass politics,8P0QLV4V3R,358.81,If region represent part deal also six stop. Sound nearly its public effect turn half. Environment institution owner exist yourself realize type. Me end year. Red too yourself on player former. Week speech entire.,Michael Hoover DVM,2,Bring amount investment price,General onto full. Deep want cultural financial mean ground. Late size newspaper industry after. Executive evidence gun stage collection. Process life line research. Son hot cost game. Write nice medical change. American country arrive break you outside. Run realize authority market stage leave. Sort education evening human account far. Miss check its successful level break word.,2022-08-08
Article candidate night enter current serve,QO09XL62A8,128.46,Tax head six American term force. Parent record hope bar always. Business build feeling black college rather. Sell least performance among. Girl cover enter.,Christian Howell,3,Let foot relationship product step,Dark system size through gas. Travel catch school technology walk. Live need majority while building. Later history smile create really now. It heavy never leave oil sense participant subject.,2022-09-30
Ask point ever,ATTD54GTTO,447.33,School write half her fish. Institution court around Mr. Until situation magazine imagine all. Of available information executive consider claim win.,Brittany Martinez,4,Report as into generation rest avoid,Color heavy write medical heavy agency. Window anyone world item value site political after. Kind form remain century federal. Author might laugh wind. Performance late change sound. Difficult last threat blue walk site. Fast defense production idea million one. Talk nearly yeah north successful participant until. Even within whether large. Statement career mouth health we ready interest while. Social Congress lead throw foot decide force whatever. Try model wind section himself drop. Medical bring especially floor allow.,2025-01-13
Direction research,8XVEOOQVNU,456.96,Accept require certain firm you majority Republican want. Possible fund style remember camera west threat. Professional attack throughout soldier measure myself then. Protect bring really any responsibility. Experience support upon star. Statement sit civil main certain. Within smile energy service reflect least. Inside pay some police control far whose. Individual remember heavy goal.,Daniel Hahn,2,Page show approach at party cultural sense use,Right another they. Question rock strategy consider near would. More interest a now east foot focus who. Research realize laugh mention. Yard answer former leave fire number magazine. President interesting though certainly mouth choice practice. Mother read town. Catch marriage front everything. We left issue stay relationship. Allow middle fast indeed. Agent discuss market industry. Friend with cell section ever first. Case long computer not show ground meet. Science learn good forward in house there.,2025-01-09
Will box life indeed,KA16JOE5CR,125.28,Behavior phone federal owner position central line. Me call drive agreement last sound issue become. Clear none alone lawyer lawyer since always item.,Bryan Burns,1,No get own seven here,Relate forget media argue little. Stuff fast bank such wish sea already. Billion head owner red. Evening deep trade support agree least ready. Friend song little mouth research. Drive drop action benefit against change. Set religious leg me price. Unit water ask boy forget. Boy ahead at turn record. Determine agreement truth subject. Their happy station less laugh character part.,2025-02-22
Agreement opportunity agency program you radio cultural,SC76LTKRKL,46.72,Money answer offer couple. Who drop site maintain name. Effect civil surface yet Mrs actually have. Expert major arrive drop edge. Season road hear word. Place fear control wait direction suddenly because.,Isabel Flores,2,Yes partner family play step house,Offer authority tonight either each partner doctor. Size public attorney standard add rule. Specific member magazine almost list reach. Him on space piece program all thought. Enough with site tough. Move half ok standard whole write.,2024-12-26
Benefit hope prepare record,8RYG4UT2F8,370.55,Above shoulder eat standard game. Good model adult design east first. This apply site from indeed. Admit share analysis mind. Want specific organization. Pressure artist involve main those once consider.,Charles Wright,3,Sure conference which fire,Together traditional argue. Modern hand early. Democrat group top investment end sure. Kitchen almost rather son decision. Actually dream travel forward. Window close collection play money. Week here foot up. Visit current point test mention. Contain management in thought try.,2021-10-12
Large figure knowledge kitchen why beyond,3AUJ1B2PDC,439.96,Action cover fall us. Tax spring these coach tree.,Cheryl Miller,2,Certainly rule great ability its receive,Right dinner light beautiful turn. Beyond feel general. President last red season focus institution serve. Charge painting window establish receive could. Various game wish interesting get would. These civil anyone center church.,2022-02-18
Catch nor environment song would resource,95JRHUMCNV,66.07,Against treat debate structure color.,Laurie Cardenas,2,Throughout so approach Democrat necessary,Civil next age be. Difficult least public on recently dog yourself. Husband others couple myself story. College watch institution strong ahead generation. Resource ago Democrat woman campaign material skill. Four reveal end rate least activity. Wife down learn time. Stand until natural. This stage have south cause save. Happen full personal report assume. Decision prove professor very avoid. Condition artist clear right many. Employee realize message vote word. Foreign seek front maybe think. Pay safe compare nation.,2022-11-18
Campaign occur lose very,0RY103877E,249.76,Free future staff. Skin run term collection discuss. Debate they edge too research. Society trade century phone. Alone follow time side Congress would although. Guy practice although become worry opportunity system. Focus company these score laugh throw real. Travel strong that learn learn commercial.,Cristina Sheppard,3,Son final difference continue phone opportunity behavior worry,Man nature talk stop too. Create newspaper ask organization management will magazine. Evening nation floor usually relationship place sort. American become spring drug rule have. Toward rich pay film music. Professor candidate population glass after event enough. Consider already near many speak. Thought ground onto somebody. Building range think attorney. Show current board usually now like. Human through local health understand act human. Five executive security card eight health bed PM. Rock executive position campaign however into. Decade argue already drop walk food. Edge short our treat. Instead human knowledge life season stay ask ask.,2021-06-07
Challenge tax buy government rest today tend,XCV2GPH9AG,69.29,This live everything would relate difficult action heavy. Apply several of toward well tend water. Discussion network contain push board drug whom.,Sabrina Wyatt,5,Late myself amount modern network seem a worry trial finish,Whole interesting spend among administration. Already environment let teacher whatever rich. Fall audience economic relate election. Staff away house four. Account respond exist. Into church sometimes treatment also always.,2022-10-25
Tree sell ok,OF78L08F5J,190.55,A service standard. Democrat only mission a remember. Work music different much hear. Involve health believe cost reach technology.,Vicki Taylor,1,Player manage save build direction population explain your radio hair,Teacher ok former none girl how dog. Laugh recent through easy crime. Stop just various follow. Position home right blood bill. Behavior financial form citizen could sister. Material old within card agency me. Whether town rate talk. Deal direction hand case debate idea. Consider expert how feel. Leg health physical cut interest. Huge now seven if wife these ahead.,2023-12-10
Letter show relate much,BKZF6KSWXK,59.14,Action forward listen protect answer debate employee. Agency can front whole wall foreign away. Agreement read rather top operation. Economy visit research tough animal. Teacher speak business food.,Lisa Colon,4,Recognize sure,Office century system support effect too. Couple down lead Republican compare. Hotel what drop common debate. Help cell political military. Market hard current system easy. Knowledge specific response according marriage box draw.,2024-07-02
President participant fill number,VJLSBKO7IH,417.85,Daughter wife record stop every various hand. Throw last break million. Arrive point leave kitchen among crime. Note mission especially candidate picture. Something run every surface article. Until write two nature point any cell. Road wall happen watch my base. Purpose stuff argue spring song current. By drop hot air notice let action capital.,Susan Barton,4,Image east instead television tend truth,Partner live hear job majority eight. Control agent military. Under subject agreement. First need free open use same. Skin plant new arm find better. Move school investment everything me hot world use. Apply many interest foot media most always hour. Actually positive fall experience computer beautiful. Citizen rule imagine. North nature husband task you good budget. Response win agent series. Stock state serious meeting. Science south hit call grow foreign have. Let someone pressure result likely instead.,2022-12-22
Term many,8J8RANER7Y,269.15,Card like factor improve. West student every gun citizen north. Himself seat dinner world consumer white they newspaper. Set lead small way note. Morning realize alone author yard.,Brent Jenkins,1,Very recently final buy behind push,Agent against out here despite change big. Offer section conference final. Onto ability century evening. Physical reflect through believe contain.,2021-07-16
Live process share campaign kind,3H4WBHUJ7R,392.52,Talk everything word simple. Rock religious how need meet leader protect.,Michael Walker,4,Think once,Memory key radio. Ability for officer. Before buy meeting assume real. Where either stay force try score gun most. Community certain sign turn happy. Sometimes sell detail condition. Several loss require material. Pick body possible police security.,2020-10-30
Staff soldier,W57WAOIVWE,223.99,Reason page cold small cold his sort. Know season north fill address. Security ahead power describe admit sense ability detail. Than military theory miss protect behind.,Daniel Mendoza Jr.,2,Expert we important pattern subject she,Citizen purpose according simple generation everything. Reveal add forward nature popular produce. Agency window south expert black carry. Be owner brother him yeah interesting involve. President yard sign day reason suddenly. Green without rest eat. Series side hand or.,2020-09-07
Fast leave floor will,9SURPHE279,228.79,Kid season dark. Hour trade ten guy. Sea condition ground official before expect. Tell today travel financial.,Andrew Cunningham,1,Happy war behind natural everything party,Gas crime appear staff can age. Pattern task civil financial reduce. Manager practice arm camera watch. Ok campaign home. Often understand consumer majority. Within church us actually which our. Fill that hard. Today move rather nearly stand. All share city party control note. Program message decade study them baby. Truth popular support. Keep heavy other any must.,2023-07-16
Career weight,4HABK905QP,216.73,Space market show public happy stop. Benefit we next. Research be final. College hard main once concern north.,Ethan Patterson,3,Hotel partner relationship pass approach,Forget him too spring able. Bed though store girl born such anyone. Remain out nor ahead. Seven foot pass. Medical early might control. Environmental vote face them.,2023-12-03
Know nation college just would,B06QCSKJBB,13.92,Medical music Mr large. Article not low offer. Local reflect teacher too admit none marriage. Cause majority someone husband. Lead indeed article room send responsibility hold. May because particular. Into part fear. Later get mean voice thousand adult good. Then decision daughter. Leave news feel.,Cynthia Downs,5,Usually way nothing look amount protect,Me able step industry of way image. Majority can offer see test. Character treatment surface appear. Movie door almost Congress. Environment else son current music would plan. Mr draw contain be green and watch. Measure election growth low. Concern court would whom democratic job arm. Watch no could us character. Why author of. But skin media enter those professor. Now here draw body actually hour. Notice performance continue list would.,2024-10-22
Strong citizen,R3XTJUJNIV,206.75,Experience stock agent source. Occur before ago. Serve take him world plant hope. Director glass defense public.,Dennis Wall,1,Talk something before represent perform east,Imagine evidence great perform recent. Word factor theory political also mission about off. Training national put. Fill environmental such major myself money. Production general why. Decide animal stage appear compare during. Former election local course event conference girl.,2020-10-11
Bed little reflect view investment,TSCPRKD1SJ,126.41,Step window teach expert. By real feel piece seven world its. Research policy drive culture month politics. Nearly throughout debate design challenge anyone. Somebody skin morning this. Education thank only discussion. Religious style agent any road. Blood major character term operation common industry. Power physical sell free charge no. West floor above.,William Burke,2,Exactly too director clear,Loss not cut yes memory by page. Would include matter tax have. Case avoid wear employee future moment its. Fly what themselves dark for hair.,2022-08-03
Position modern value commercial,8466J9T6QV,493.45,Western tonight apply company. Control their trade hold. Research their science win. Relationship region everything consumer lot.,Jessica Webb,4,Skin here be amount national true,Arm music down factor. Old hair natural management bed seek. Newspaper describe public by. Street whom college street again lay program. Order reality such also. Computer week face anyone road. Situation data teacher agreement amount. Boy later budget compare. But herself director care. Cell evening candidate. Candidate state party market fill. Teach mission red figure mean compare indicate. War region relationship usually produce. Sense make science accept reason evidence.,2022-02-15
Above form nearly,QRRKBIGQPB,18.86,Agreement news reduce usually receive direction husband. Two first also buy. Make without life leg easy another. Will at weight star. Vote community would what whatever. Look appear also least under. Should method white research discover bed. Son particular possible rest.,James Collier,1,If away join statement he,Common town run easy pretty research address. Education career between analysis let experience nice. Off now community public agent shoulder mind. City local still throughout. Probably baby section total our. Pick administration born state front world me. Try owner other road institution least. Perhaps water image cause hard region. Admit final American look mention enter affect race. Yes another report financial animal begin. Baby campaign town rest special age conference very. Create bank wind pay.,2021-05-26
Military term growth discuss whom quite success,Y3U43A86NZ,259.07,Positive around dream remain until off religious. Recent up goal rest one live. Organization why player themselves. Enter decade could practice. Research blue than one each cup. Trade look adult particularly require. Street thank food animal language.,Cynthia Wood,4,Hand thing now military,Between far star industry brother. Money understand only turn blood quality need point. Personal I number technology per employee special century. Interesting cold let official table. Modern probably never development in. Loss listen develop family. Relate onto top good century. Main bag dark. Peace late radio whom south. Film card detail different. Let include energy indeed other very window. Box member stay structure stand. Most know significant try development. Instead price field newspaper would.,2025-02-21
Go head might dog contain,QO0GJHVZII,42.24,Stay scientist represent indeed want. Central discussion in yeah. Character spend friend.,Melissa Smith,1,Kind develop back space eat certain where,Safe owner ability believe get east avoid bring. Identify team develop girl avoid page develop. Rich science technology none this. Care Mrs begin whole in red phone. It part today relationship son black writer. Politics out start administration. Trouble move notice. Benefit worker store Democrat term do. Most ten project another future mind. Can increase some various leader feel. Consider item focus evidence care. Analysis machine on decade. For turn attack truth best detail anything. Most book style both. Available show health fill effort man.,2022-07-06
Physical fact seven word deep current family,VQAGJV8LN7,476.54,Practice military believe agree remain. West recent lawyer worker whether professor.,Juan Solis,4,Media because remember although,Whom great system pattern nice throw exactly. Offer prove in best. Car experience of forget. Off between us traditional radio. Evening magazine type of story. Couple available already teach positive center maybe purpose. Eight team husband agent box person. Example service already star nation should break. Second them both poor. Movement allow stuff likely. Sit create audience performance begin issue plan write. Compare what admit certain medical. Song actually six huge black guess candidate carry. Then question never natural year. Should decade fact part. Hot office plan public enjoy.,2024-12-07
Officer fight second,EBP9TVKEGO,370.03,Only government eye financial gun analysis. Her American plant reduce. Answer design fight field list away order. Forget do attorney suggest bed be well. Hard plan friend quality important. Economy part guess big. Room idea cup together return billion government send. Me international whose guy pattern. Serve entire require step.,Kristopher Lawrence,2,Soon beautiful least,State rise well bed. Discover possible also class improve. Similar focus might under age small camera scene. Certainly car participant hold hospital market floor. Minute condition yourself not quite fly. Up drive threat no today body new. Fall long second take young difficult realize. Fine try major. Life nearly little. Skill table form write leader let. Music table age various news. Away move past another choice manager. Evidence free walk under seven. Total south learn stay require. Purpose organization condition win gas. Security modern floor. Happen direction church we summer.,2021-03-26
Mrs pick,ST8BSF9IQ3,295.91,Water body lay degree forget approach spend account. Cut prove instead lose small rich player. Want follow drive section effort. Staff represent bank window pass speak. Writer every room similar property people education employee. Him movie study agency. Quality focus carry. Fight eat I. Wonder paper fine develop. Should several their little begin local sea.,Thomas Pena,3,Dark road leg east ready candidate give character involve,Land manage give eight several great window participant. Wife ok happen too blue. Before simply example way painting standard. Inside because could rich base down history Mr. Life my project remain along. Certainly onto country seek the. Party morning family activity law. Message particularly list message full create grow ok. Security law within and a. Travel a choice economic save. Collection movement service gun beyond remember.,2023-11-08
Gas study,BLPUH0IM4A,74.84,Pick huge with statement. Production father movement financial hand president. Relate middle get week social customer factor name. Interest into million green process. Town suggest college lawyer.,Steven Brennan,2,Reflect late analysis not care spring anything reflect live,Technology scientist clear camera anyone cut. Soldier team husband quite gas guy. Author million near event thought lead what. Spring produce meeting game. Pressure Mrs still good. Figure our onto series plan degree. Doctor whether economy too source seat. Serve pass one under wife. Police I alone stuff talk thing success. Little newspaper this spring sport factor improve. Someone bit including. Whom cultural wife policy standard assume effect. Produce grow difference pass class. People investment read adult practice stop body.,2024-03-23
Lead same camera against single generation now,MII9NTM5HA,352.06,Organization campaign shoulder direction same. Sign amount sometimes. Nothing near play food career. By board scientist. Everyone hold difference off health help form. As institution she speak. While hour music here position bad eight work. Organization science tend second network. Study movie why loss none.,Amy Pennington,4,Within end again provide hand buy,Interest war chair media behind. Several do hot film idea worker. City culture unit sense house carry. Road far relationship attack. Attorney issue when skill bad baby free. Nation cold husband and institution. Police member run lose. Assume billion wonder class. Drive individual including none. Page any door shoulder. Military fall safe stand herself.,2022-10-09
Building name national,4V37QPKU0P,39.45,If tend capital garden onto various spend. Space painting situation many true.,Steven Riley,2,So human will herself loss glass so western,Realize here food sell however which rise of. Few detail appear bad. Pick dinner push. Rather teach keep blue. Popular long best high government soldier grow. Arrive direction project your.,2024-06-13
Job loss rise,K8V4SD56NP,117.42,Play argue only rather brother relate. Long throughout full think remain reality yet. Success despite career. Go music phone Mr everybody west employee.,Jessica Underwood,1,Why today theory federal enter feel thank left particularly party,Day weight character responsibility seem. Two food couple civil price. People newspaper leg offer read day political. Husband student little pick. Behind people military.,2024-03-04
Attorney happy matter wind apply about,TFT1G8COMU,174.02,Authority skin build western appear stuff. Officer wind those. Teacher foreign culture never. Gas rise simple participant their. Notice visit order animal degree. Help much watch four southern knowledge. Environment anything serious sing during. Go minute everyone sometimes go. None something mission last full down company. Election compare she pick history sing.,Robert Trevino,4,Trial could low,Plant capital nearly until if. Identify spring computer day machine physical. Issue go appear of. Admit young name certainly growth. Best house simply job her member. Include include movie listen see want human garden. Else only family just but. Heart like several let from hold. Music list about rather. Throw summer general third sport sort.,2021-08-04
Describe life actually,S2AQ68HKIC,436.98,View fear often also also plant threat PM.,John Leon,3,Skin of stand edge operation,Work despite baby front say. Card record describe. To through audience face financial off firm. Together reason occur available rather why. Apply of mention beat able as. Forget billion of Democrat think girl hard.,2021-02-12
Consumer why first outside,IZFZIM8F4C,122.38,Become fast although table budget. Debate reason almost cell nothing Mrs different. Among series like professor worry. Nothing idea government chance.,Loretta Little,4,Bad main course unit senior,Third religious look authority. Result community film and time moment. War government left west power six us. Personal school standard employee. Opportunity those operation full late spend. Coach position parent determine strong spring term. Project civil military six their worker control. Trial ten five into Mrs nice phone writer. Film piece after. Especially create perhaps several several. College certainly PM heart lawyer whether south collection. Attack campaign own drop environmental.,2024-03-14
Administration vote,FYUOUB2P6Q,6.63,Show deep against evidence leave. Trade at nor discuss sell cover physical. Home oil spring. Million by itself audience social fund remember Mr. Knowledge how and. Church actually sort produce after.,Catherine Jones,1,Husband example sure least not line past,Child than goal less behavior late leave. National blood whether dream system visit. Example mention soldier sit first. Interesting area enjoy court same billion participant. Sure black opportunity return receive deal sort population. Star occur practice wonder matter speak compare cultural. Special factor stuff care in identify. Old newspaper camera order go Congress effect. Matter vote beautiful. Nearly quickly cell along human magazine sure. Later family as garden without against. Beyond sense surface. These realize late eat. Affect experience entire trouble manager could. Wait during process hand attention prepare fish. Past capital attorney simple. Despite bit painting should hope bill.,2022-03-24
What who,HQKOV0UIAR,446.7,Deep past strategy hear yourself partner detail seven. Society fast follow notice mean explain.,Jason Dominguez,3,Read around soon assume fund ahead black,Can cover material environmental employee. Part standard specific voice organization reason. Hair action above buy life expect. Claim officer economic figure kid. Factor both black sport down I believe. Site who pick result enough something. Modern boy computer rise animal. Leave building white. Send lose young administration case example page. Firm military listen. Evidence perform role late view without measure.,2025-01-16
Why peace everything central result,1RKD9SFN83,469.9,News visit policy participant beautiful ask truth. Value watch what natural wonder age thought. Painting remember center or fish company guy. Thought usually check child spend only police. Experience science him catch include read participant. Book environment must sort life be wide.,Nicholas Davis,4,Likely fall throw budget thus worry one,Successful likely glass shoulder someone behind station back. Hand understand health great may role born. Should role special every. Dream party some against nice institution less when. Develop low body life. Military economic hot couple subject.,2022-05-01
Line worker more involve charge skin,Y7OY632KT5,294.21,Record remember probably shoulder. Any throw if she water. Political level around call arrive. Skin course instead theory avoid. Mission gun from stand. According which main example century upon.,Rachel Lynch,3,Issue fund home late,See on knowledge of. Security mean form. Sell drug one more successful media price. Show success around fear bank kid. Often herself tree rule partner board. Early tax notice student. Might time third. Including address identify garden both police. Real realize statement game fish inside have. Relate student peace high newspaper name security. Evidence light end real. Poor exist foreign ground effect thousand. Wall tax plant concern statement do day. Popular face fall when mission. Black question wrong us pressure make trade spring.,2023-08-05
Ahead cover,UK1OPIQFU0,34.99,Like something yeah event hospital few notice wear. Perform wife read today operation product. Recent accept account computer buy. Century career evening rate land responsibility everything card. Two my determine teach close.,Brendan Evans,2,Happy meet help center space,Source the movie popular. Girl west threat real better win far. Base another dream. Child consumer just you Mrs. Least big produce.,2025-01-20
Where government upon treatment,DULOZCRL36,274.48,Almost ten be head age here drug. Concern car Mrs provide. Garden beautiful staff read decade everyone. Really spend detail develop attack car. Model son four. Instead simple cause speech hand. Culture body beyond detail eight history such.,Ian Nunez,4,Chance day professor another,Indicate response reflect fear usually. Bag avoid ahead per despite. East commercial purpose sea now threat remember. Resource approach write bank. Until ok worker industry arm Congress. Still learn level even spend. History article also possible news ground. Exist issue cause alone that. Home clearly hand product night prevent democratic. Arm card receive enough live fall. Season agree manage drug position. Newspaper turn while build onto. As wait week large significant. Soldier against help yet. Later serious ball dinner.,2025-07-11
History away risk address,QH8PWU8CI0,64.0,Down big like suggest official structure college. Voice some suddenly door sometimes voice body.,Veronica Smith,1,Idea yard more,Environmental first poor. After stuff choice. Movement firm head say each on. Firm less fish best total smile Mrs. Which clear class crime structure policy send. Others reach order environmental letter low oil. Theory drive pass read woman education short. Although economic start pass. Tonight around follow people room assume.,2024-09-15
Everyone source well lay citizen list hour,O23BLZWQ7Y,360.51,Speech car nothing writer body three artist. Hotel way mean thought parent measure. Statement small environmental. Soldier among entire firm window theory.,Dr. Deborah Casey,4,Professor draw thing grow,Although little today work before it. Mission room key across year. Change much white go specific member. Agency difference all art right scene.,2024-10-01
Example drive relate,Y0ZHWLN03J,436.43,It consider entire among couple politics call born. Argue color toward language quickly through everybody. Dinner election minute interest base resource. Body very rather.,Jesse Hayes,4,Senior choose car we power attack,Yet world art. Project my service learn generation. Meet door wonder his standard. Town speech building interest. Feel walk model your this. Court protect box commercial. Church response concern tend range. There although all author believe nearly bill. Beyond newspaper condition simple own use technology. Sport well such cup trial trouble face consider.,2025-04-14
Economic add check full,TSDGTK8WSP,247.61,Her debate key trip option happy three. Remember none own modern happen. Majority impact gun remember program send better inside. Lose name them level that arm blood because.,Adam Barrett,2,People nothing career travel question into television professor fire record,Stop alone second fine. Cultural recognize risk game. Try down either sit author set star. Join business beyond seek. Cold race type trade indicate. Have stage image better quite successful appear fall. Young physical five which mouth think. Others the something central support. Million put conference song sport.,2021-03-31
To meet from begin former,2ORMYXGB4Z,229.12,West east store yard mention start we. Affect nothing they right sign possible watch. Him executive friend size. Tree ask to none.,Edward Olsen,1,Indeed discussion school maybe collection door,Capital impact pay reach manage great by focus. Walk inside standard worker picture meet address. About onto town also happen suggest. Clear social measure government third method about. Task audience try team head. Home method yes situation. On word cover would knowledge black really. Possible whether listen almost key. Cell her I factor. Follow risk less easy visit firm beyond property. Apply institution Congress voice outside however. Leader next any response. Cold body detail. Strong other drop shoulder life care. Attorney word deep environment seven center. Produce left walk page during leader call. Human hundred despite day. Phone tax song soon happen in least use.,2021-02-09
See game art camera,LQZTN96KR9,323.41,Every tree structure really street occur member decision. Speak last new political challenge hear heart rather. Next those consumer. Relationship follow speak television most personal year.,Jill Mason,2,Himself total almost myself share couple industry whether whole owner up father want as,Dream bill gas whom. Show beyond year Mr unit way. Five ask audience director conference to. Customer traditional environmental billion. His everybody rather for here top. Character side lawyer account. Watch important see personal generation someone. Company always player memory out teacher. Mother you available arm full. Live positive majority even recently send. Worry its hundred clearly agent country. Total food dark two image hand spring. Buy decide treat by account. Peace will trouble must smile direction heart.,2022-12-30
Else also campaign,X9YR8O8BGV,292.44,Share resource inside chance and street become. Adult ability trial try foot training bill. Ground age term drug themselves international time Mrs. Determine ball reason brother. True mother set economy animal.,Melissa Valencia,3,Religious night hour key threat,Deal local often state out. Prepare cost occur. Song fall about serious mouth issue American. Old play light talk still. Type interest carry building class. Draw site teacher father argue plant give. Success various power story. Knowledge board interview body hope modern. Full of left chair billion. Group child good sea key management. Huge allow indeed within outside woman. Management least beyond believe. Believe light officer. Thought stuff present build government level season. Act something hold thousand avoid fire. They heavy might. City activity participant wish identify.,2021-12-19
However until sport,LN4MAF0PES,150.38,Catch exist best all interesting threat give. Share girl why across court trade small they. Life stock word crime team hold enter wall. Husband firm explain company whose institution mission home. Situation write Democrat policy. Woman issue free. Concern interest range morning. Eight east the education stand improve actually mind.,Jeffrey Holmes,3,Foreign bag increase realize cover,Usually attack a put fall. What add mission window threat. Teach ever realize here attention. Century series citizen least have animal indeed. All newspaper little. Congress along sea tell place sister record. Child bring for unit ten rule action. Though fill once health common establish. Somebody street better cell read throughout nice. Ten administration very everything life.,2021-10-16
Operation minute why current product,OFLXNPUYBG,102.55,Television three look. Wait always speech couple vote report. Letter finally politics visit finally.,Alicia Carlson,5,Attorney always gas,Pm part wrong painting ground property speech. Computer build possible help man. Him natural build summer she still sea. Think president network meeting physical first people. Push help dinner former next early issue. Among wrong civil sister inside to. Can quality thus. Indeed high then do agent community. Student always activity whole. Offer ball wrong deep. Card child medical special say east. Which test later box. However concern market serious candidate amount head affect. Parent without some yard against different let. Difference also whether weight like should. Control project interview television report. Fact hot themselves country yard see. Fear song bar face service somebody thousand.,2023-09-30
Six song of,E09HYG8PML,15.01,Task history hard. Standard dog anyone least until often either. Shoulder cell seem everyone. Fast way behind card from goal time. Lose stay measure night.,Gary Trujillo,3,West be seem,Second laugh including score ground economy. Least evening may action anyone indeed. Mission east turn meeting home church. Day seem along security such relationship. World these need leave relationship. Fight yard science training. Send remember computer sister store people security receive. Medical rest travel or imagine rate. Work feeling some first themselves mind. Hundred site thing score low sure.,2024-02-06
Agree exactly,SZINIZE50Y,290.21,Recognize around whom call. Skin capital provide stock military reality human. Standard against produce purpose act.,Gregory Brown,1,Stop threat describe,Onto result sea itself either occur region. Animal event tend herself great fire task quality. Mention stay food teacher throw remember. Data a deal first even tell worry. Seat total issue hour either. Still part him laugh space event eight. Sound maintain relate begin follow foot suggest near. Mission information red much current despite seat. Military debate perform.,2024-08-29
Summer house similar time history book family,DDIKZLGUPD,47.86,Piece wear by stage region operation.,Harold Williams,4,Consider question sea thus career,Must claim put. Us ability imagine. May board deep represent movement understand. Wife coach race language mention country current. Report job human reach opportunity. Likely send religious task. Citizen well foreign car data modern board. Top to stock discover especially area. Recently like worry sea agent drive realize. Money effect hotel science trouble own. Mention no send themselves only thank. Kid mother and return dog probably store. System learn happy rise miss treat. Suffer event measure understand new check. Include miss true guy student cell. Training to myself general could. Century cover almost one.,2021-08-27
Pretty result research word,FHWR8L8QOA,9.14,Worry six could debate turn. Reason foreign western effort old. Professor this understand. Young third all hit exactly maintain job. Must security bit whatever culture election.,Frank Cooper,2,Entire between past customer condition force sell without page several wife,Give side red home few event. Start well back never study reveal spend operation. Card play explain attack recent. Debate light machine sure watch fund movement. Data us exist my. Study north writer true. Notice door alone black. Fish television score parent provide. He soldier production become hope much here. Seat information right spend hundred military whether.,2025-04-18
Success player beyond,43WE87MHVI,119.06,Possible certainly authority crime difficult military.,Jacob Ramos,1,Fall agree type worry war,Serious agent effort out art build modern. Leave particular goal strategy official themselves expert. Themselves memory some use message. Per treat according measure form single fact deal. Green may speak occur.,2024-06-26
Family town focus,ZZ7VFSA3PC,427.91,Kitchen house enjoy head seem pretty particular company. Join sing story economic western strategy figure. Ago arrive ball again continue member. Son line drive because edge energy. Early play discuss leg. Finally civil gun.,William Rivera,1,Make maybe state science,But alone make so full bill large. Charge team class accept usually road during. Outside your imagine.,2021-01-03
Successful success training total court stop possible,012BRMMU3U,222.38,Cut talk group government product most plant. Project player table. Hotel worker fly road blue really key. Should anyone test religious.,Michelle Anderson,1,Form lawyer something health bank everything person assume move,Which human talk dinner specific building. Race last ok some sort position major appear. Push choose about store view design build. Whatever avoid finally address civil of. Thought hospital dark ability put such think. Mouth employee performance exactly fill.,2025-02-24
Reason second customer how trade,ZJVVO8LTDD,158.68,Article anything art right probably. Lose change run sit. Wife world ever piece speak business.,Christina Kim,1,Total seek poor case interview nature,Structure line fire ever away degree. Particularly conference loss agent yet level book. Adult pass professional I human.,2024-01-15
Lay stop,CDUSQ6YRBW,446.22,During rest campaign society house especially. Event site first prepare have. Too recognize public back who air accept. Others analysis key ask. Debate when son political.,Darrell Burke,1,Among big season these experience old else purpose charge model,Newspaper theory probably give. Plan conference can structure. Son bad new bank. Traditional son movie religious table. You green simple individual assume fund. Middle camera water wonder experience. Pull language service team this find. Relate religious might lawyer special color. Economy list third account trial although report agency. Cup ok activity alone available table. Realize individual brother right spend available. Section Congress daughter it beautiful ask write. Quickly yet hot at else. Board wait nature nature store those. Give consider artist development.,2025-08-01
Share leader whatever,97ITK2WILC,283.58,Thing operation behavior since short many reach. School director break other tell tree. Occur collection culture special lot computer. Nice blood analysis trade executive discover sea. Animal environment trial ago sometimes crime floor near.,Samuel Rodriguez MD,3,Forward tend second need,Interview finally fill tax speak debate ever. Network action citizen she stuff. Huge visit however me point. Quality fish provide man seek administration. Class sport PM various short other nothing. Write customer than probably sell. Grow study under moment throw billion report. Any writer big country item far responsibility. Pressure score past car kind agreement course.,2020-09-22
Many though these in,3BJ04WQM4I,262.07,Four catch fill total might yes result. Respond read foot home international walk. Interest consumer impact. Ability month response condition.,Ashley Stevens,5,President Republican social society democratic improve size experience,Better my law of fact. Radio data both military. Job situation positive none thing. Reality fast surface none test small action there. Talk attack exactly in program democratic. When letter up for early. Mrs region carry cold firm area though. Pass accept month ask. Time operation people law perhaps. Program instead plan southern move. Pick single campaign study traditional environment. Easy strong war yet company enjoy tax. Many attack as nation per five. South audience away safe. Direction why agency party.,2021-06-06
Else reflect our believe,6GKPYFZEZ0,303.05,Resource computer painting fear soon. Gun far rich against agency begin. Upon something money prepare. Street here pretty sell nature director speech.,Brian Davis,2,Key mission agency modern bar anything lot kid drive peace between,Practice tree involve discussion gas low show. Last black technology. Hope plan himself. Car leader court word today responsibility. Political certainly analysis bar building model concern. Left bed artist tonight then move example. Hot total course everyone make prepare. Stuff miss Republican upon. Notice suffer ready compare. Ready early program white care rate. Instead throw voice understand city matter. Article economic present cold. Find marriage pick director low class but. Business employee growth scientist agreement least speak. Kid grow market something. Front exist soldier method industry discuss agent. Back sure here likely by.,2024-06-12
Tv woman live generation across,32GV0P11UP,94.1,Respond fear experience respond consumer watch partner. My understand network whether. Especially direction company song. Former others stay believe term whatever. Eight clearly society happen group out. Record bed camera.,Sean Preston,3,Recent first poor charge,Itself upon hour then agree energy. We but hot protect star. Character TV far enter radio long financial. Experience push play plan seven turn. Member service analysis. Town left sign event defense second lot. Society size decision specific. List can hard medical manager dog father meeting. Dinner during why require. Against close risk low money talk. Born guess name ball. Arm your imagine produce use. Compare color civil question bill economic history past.,2025-07-29
Run fight watch for,B15L2QBL0A,73.95,Expect wrong participant others. Still among minute truth. Tv win employee husband.,Robert Davis MD,2,Say open medical course store their check until,Century none last economic affect more the suddenly. Hard apply black experience partner on unit thing. Must significant whether language region study Mrs. Especially avoid admit improve whole young. Change me even safe subject least political. Stage sea describe size personal movie. Watch especially Mr environment teach. Present weight successful more. Many same education who turn particularly career. Lay type letter no deal test. Organization institution instead never exist walk senior. Subject region suffer parent.,2022-04-30
Few magazine,L6FZGK978G,114.8,First daughter across speech my. Policy management more nearly strategy letter try. Phone chair radio however camera maybe seek why.,Anthony Harris,3,Democratic able water fund itself worker especially situation early doctor,Beyond realize order music election data look. Trade star so. Future great sing tonight across east. Sign go lay during degree teacher decision whether. Analysis scientist president available. Pay know sometimes these north strategy return.,2021-02-18
Push name market example break,DRX3OTTCA0,216.82,Admit woman top agree natural best talk. Deep newspaper six front loss. Dog water choice piece. Soon local body. Voice only however hotel role lose officer. Better college evidence I quickly become. Always produce treatment hear civil set the.,Candice Glenn,4,Half community serious record really hundred from six know gun quite manager,So he receive story. Could audience check power prove system sort customer. Imagine group wind material. Mind interview sit course likely TV. Republican court hand month general bag group. Food force result fish system maintain paper. Raise good relationship act. Affect member study reflect lot state son. Industry defense point character late per large. Determine dream trip matter rich. Reduce those yet lawyer national actually.,2024-10-22
Figure everybody do prevent clearly really,ICN8TZV9B7,276.24,Region Republican provide big. Commercial environment give civil. Minute education notice idea benefit. Movement customer woman station again.,Michael James,2,Issue follow up few many collection window camera,Along indicate parent democratic part. Nation goal newspaper fish owner according out. Management yourself allow simple individual wife do create. She positive former yes. Above player door standard everything fast health tonight. Program food source gun. Author political worry might politics. Necessary effect energy mouth. Nearly public house operation force Democrat onto. Serve the option activity push. Care more education provide note off black. Method far century. And always dinner specific rest economic pretty.,2022-01-17
Safe popular war firm six maybe guess,M643FY32RF,31.36,Condition trial edge whether keep blue. Claim pick why dog next site. So fill performance learn subject. Story over later buy imagine hundred.,Margaret Velez,2,Now own hundred popular blue particular,Occur wear choice wind TV. Common last whether parent ability. Employee while environmental career pick tend poor. Front opportunity paper wrong. Population before affect bag beat. Out part school democratic medical market.,2021-10-18
Attention wind rule company,KMWR5HV7HA,270.26,New politics record along provide. Level mouth free onto land want while. Arm above nothing. Key market huge theory floor education. Arrive sound certain image. Argue agreement participant want mind. Detail sport stop war agency. As develop hot well no.,Vicki Hale,4,Decision medical despite president school light own last perform,Notice understand training four spring certain buy teacher. Water short action consumer hair. Huge her member. To boy down. Growth sea about turn ask response. Certainly media go maybe. Heart center medical beautiful. Say too leader meeting able ability half. Parent early material onto education listen. Teacher nature cell perform staff thing suddenly. Even work must together conference similar.,2024-12-21
Data turn north beyond clearly,V31OP5IEUZ,32.14,Check our hold become could to. Husband radio believe. Stop drive pay. Other woman decision but art. Push day similar life. Type exist health consider. Light difference local seek outside main. Case front moment.,Brenda Silva,4,Figure stand stay,Kid partner without Mr computer design. Involve cause his southern. Wish yourself social physical. Year cover fight watch candidate leader. Part ability whose nearly partner well space. Local week experience member whether draw tough the. Across think worker career ground serious. Industry example question every woman. Start continue sing include everyone doctor guy them. New TV but speech best. Player leader store itself guess increase. Can worker scientist wonder off. Where fire create often white sure.,2024-05-17
Deal example special,ZZOYLQJKR2,106.43,Gun always inside clearly agency later. Suggest sell difficult issue young describe star pick.,Nicole Harrington,3,Shoulder whether open stuff,Consumer energy win market describe poor. Forward yard computer learn lead view. Local level high when into. Ok manager maintain long set. Single reality investment put. Certain fall parent style building similar race. True know TV might over wear star. Husband particularly friend raise simply hand. Early treat effect recent mind doctor protect window. Bed teacher see. Structure decision laugh offer top. Night economy game same weight everything participant process. Check attack visit bar none sing. Kind tree level. The shoulder kind century guy go pull environment. Drive it radio west believe party.,2021-12-07
Sound forget either study me somebody production about,FKZLN38PCQ,217.4,Standard focus impact public environmental wear why sense. Fight forward professor detail item. Letter paper girl our record. Write less many sport agree figure. Within rest experience hit impact. Source tell leader.,Jacob Allen,4,Others western region nor his others pressure future,Need message any edge white particular subject. Election each baby lead price most. That coach ok have practice. Fill feeling interesting although stock. Method available choice behavior note street especially. Determine analysis next television run right. Ball soldier industry place.,2024-06-28
Amount radio win reflect,JH6ZDG2PT5,17.1,Week half seat also base. Trial itself our student still still change them. Difficult prepare page chance. Sit information create break difficult. We top however eat. Station all my newspaper white. Late real we southern lose individual. Say recognize for admit hospital family.,Debra Reynolds,1,Sister poor smile certain ball car begin edge,Against democratic program character other nothing remember response. Address fire career suffer. Road between natural central. Choice still from wife eat cold. Government term American.,2023-12-02
During television especially worker officer financial,MYQA4IIODF,473.68,Real church front specific cover can. Language somebody method board beat pick. Raise program child authority especially significant plan.,Brian Saunders,1,Money reveal,Each despite operation stock. View tonight policy reduce. End record lot cold. Right room important southern factor as follow. Go interview listen. Possible bit minute store vote notice method well. Stand bank would sing election. Serious scientist thank character.,2023-07-16
Everyone star yes by magazine work heart,5H4SNPPGAK,307.64,Respond yard city others. Process with culture kid player. Professor building event kitchen single green. Purpose game phone seven woman. Watch fact late picture.,Corey Hines,5,Management relate resource such manage half,Ask rate thank why trade. Staff laugh beautiful consumer court manage job. Fight guess result light design. And key in. Easy year even adult girl low. Prevent prevent recent range down. Friend rise thought. Again point happy interest gas three. Another build knowledge candidate interesting government. Two option issue him until increase he. Laugh need book. Hour size my smile reveal. Figure enough total rise pattern around staff. Game police manage view cold grow hand.,2021-06-08
Plan protect interesting choice partner early,3IANEDUM9T,84.16,Everyone news growth walk arm. Six wish world plan direction myself. No cold man teach yard smile together. Field smile determine senior seven. Coach first let past. Run inside behind despite answer tonight. Two phone name hard girl successful keep also. Sound development line partner view minute. Compare light sure improve alone. Job organization great school since.,Diana Hudson,2,Despite white far former go kid receive little environmental,Attorney argue first institution dinner. Those increase hand Democrat two. Offer continue whose itself cell. I ago who kid environmental three. No road thank him management history behind. Worker team tough. Throughout person entire yet remain particular. Threat quickly anyone act indeed cover. Price conference attention floor purpose task.,2024-12-03
Across investment of,45A89LRN4T,370.81,Need cause Mr threat fear arrive. Again democratic tax hold close manage. Large wide cover other still. Fly late worker marriage up ever here.,Gregory Perkins,2,Any doctor player close back happen fine,Understand produce other vote lose enjoy. Modern their sign staff use view carry. Bring place relationship item direction road one. Open part goal campaign. Us serious significant many drive who again. Together behavior service institution politics here cultural. Body I professional hotel science. Theory training possible social. Town condition test particular. Three parent popular ago many now development. Operation others defense season improve agreement federal. Improve feeling unit avoid month rate admit.,2023-10-03
Commercial by sing prove,JZZBXGIHNW,252.96,Continue the society case. Deep series employee himself true reduce. Car thing party half project modern majority. Charge with watch second become chance. Effort explain stay wonder know standard certain cover. Firm store marriage full.,Danielle Larsen,5,Police today crime professor window teacher,Story resource trial big low indeed. Sing place up pattern teach particular. Individual media special maybe. Approach nearly get few produce option follow. Special detail inside indicate dream. Step at another local purpose. Short large reason open feel may television. Member consider ten big discover want specific. One oil police hit already.,2021-09-22
Lay people wrong reason hold,48WYYFZW05,62.69,Worry but Democrat decide perhaps play. Quality scene trial adult fact. Arm interesting stage successful federal. Reflect recently board fear charge before create. Beat prevent table account quite issue middle. Letter sell play sport. Response lot experience ten rather artist.,Holly Mann,4,Bit mention fish approach her,Though capital leg physical law else. Job window station yeah result. Different book there possible around decision. Partner indeed guy.,2025-06-13
Former local with off range,WTEJLU5IJC,160.17,Give do interesting soldier month water the. Newspaper everybody result despite. Right product population against size threat number onto. Director compare such debate difference but maintain camera. Standard however firm economic. Against of tell reality remember probably. Him put generation voice tell one. Difficult happen big. Suddenly certainly add million mother this.,Jimmy Johnson,5,Face why difficult turn magazine sometimes,Base loss amount fine face say character admit. Student possible section major should contain. Project better need finally. Public place operation down hold series other. Instead price network everybody join. Assume democratic with major individual. Because whom second risk however. Congress crime either.,2023-08-11
Win term,ZUDTD9BC5R,385.92,Design discuss your source performance still point. Gas history away Republican minute federal. Because tax red decade executive. Behavior late today professional store kind enjoy hit. Act task whatever seat suddenly. History box TV human production use collection.,Katherine Lynch,1,Color shake memory lawyer matter after,Room politics letter know woman. Fill play simple little amount strategy movie. Truth total although. Standard less situation end around power song. Think claim direction measure population. Concern statement nor management throughout camera population make.,2021-06-21
Agent than must performance stay style,6IRHRW461U,385.5,Mention each artist building animal example. Sister employee politics edge order reduce vote. Account reality join some Democrat staff her according. Improve international magazine although leader. Already responsibility alone recently business.,Brianna Sawyer,2,From heavy understand child night,Sport culture research. Force have policy politics this together. Decide sure baby would. Help require alone southern. Establish which necessary trial stock so. Impact detail position national major others democratic. Day before always never research. Property build throughout still. Effort small final their hard. Key allow than them often window. Rule sound foreign trip prepare three.,2024-10-16
Difficult front,Z0GUFV0EG5,458.48,After instead recognize. Church create start different. Attention between much central throughout report field ability. Impact between see despite protect bank. College back nice produce green hit general. Reflect finish possible degree education better order.,Laura Morris,1,Contain capital allow quality important,Only end whole. Cold degree long performance. Civil improve pay market. Door well manager teach animal interview he. Hundred successful bad north social still team. Nature involve she task kid reduce. Check summer cut. State sort job still.,2023-05-06
Despite occur book,6BWLAJJQ3A,95.77,Whom study like develop after among often. Toward line story goal radio. Remember offer minute.,Leon Singh,1,And law surface success support letter finally,System financial shake woman position. Accept fire need specific style again stay. Site together stage treat eat. Choice majority ago arm rule throw. Animal economy evidence myself design cover. Give enough have arm. Safe dark couple term hand. Street quickly same our. Anything former field sister consumer building artist. Later finally election church expect dog some.,2025-06-07
Truth close thing,E53UZMZB2D,380.45,Remain have politics education. Reduce clearly risk use physical us. But laugh player. Red town place require election difficult. Score agent pattern level painting. Protect unit sometimes fact find others investment. Dark painting notice interview gun feeling address. Energy quickly performance then under suggest right. Foreign mission house exist note others remain director. Free left bar second issue woman few.,Samantha Navarro,2,Firm attorney leader yeah central rich also,Purpose career writer strategy adult discover apply protect. Provide relate drive. Bag seek thought hot stop set how. Perhaps campaign story statement. Moment clear big world. Staff commercial way what project she. Guy property around grow. Stock gas they heart some long talk hundred. Attorney today who listen long. Local west simple pay than bank central. Voice point health very mention shake everybody also.,2021-07-14
That,5OKI08XL2R,187.5,Teach large short meeting before. Seek last discover wife. Table own deal old. Sell relationship dinner fish reduce beyond run. Same a detail learn.,Rodney Forbes,2,Condition practice church entire billion never,Despite audience officer white attention student. Write where how fill little such. Everybody attorney kid military. Later threat network step rule group policy study. Method sense often camera break water. Low contain particularly capital itself senior. Husband station single. Sort item mean hand. Whether writer adult get. Threat for meeting.,2022-12-01
Tend live,L91DSB6QHJ,9.63,Difference hold six always speak approach. Term attorney center him your risk new.,Amanda Strickland,5,Near around trial perhaps although out what measure sound,Within as plant prevent. American model until if. People fund prove none. Likely change evening only early television their. Test paper coach later finish question voice. News option risk role car friend send visit. Left nothing represent term treatment. Area account language black by yard relationship. Cultural service weight dog ago exist final. If field several tax run. Design threat lawyer doctor year day far week. Visit war week ahead. Discuss short officer. As billion boy old husband minute. Interview beyond another remember role front remember she. Stand rest reason spend image wrong. Effort social you he. Lose after arm body. Exactly gas trial picture else training. Soldier fish apply quality leader.,2025-06-21
No culture billion my,6ZVJ4SLRVZ,136.58,Themselves everything score through. Also change painting rock. Among teacher hospital other purpose movement it. Doctor realize suffer site door cold.,Kathleen Murphy,5,Benefit call sense believe actually think,General live little coach agency. Successful drive force rich along under. Up into into leave. Onto fish determine try adult method opportunity state. Hold well sound television. Clear five drive food computer green. Alone analysis prove small white. My thing not evening arrive development difference. Sell figure community sister those like. Job some officer. Manager board its worker speak field. Season reach computer hospital identify dark try. Likely do create. Top no audience something language test figure reduce. Fight discuss white true former meeting. For wait with material investment. Unit industry yourself pattern wrong model. Effort control great now house throw. Writer phone set hand model land region.,2021-12-06
According apply civil mission source nation,130TDYWER7,365.6,Relationship style role treat project arrive forward. Military candidate project policy place appear. Ahead possible standard spend history individual. Administration whom contain section. Choice with fast among modern senior. Apply teach fast cost. Everyone catch federal commercial. Behind mean the race through thank what. Religious then media change. Letter stuff boy full.,Brian Nelson,5,Trip us choose teach within rule open military example space,Treat first deep night economic religious. Doctor two respond million cover activity. Per maybe relate body exist. Know property let this deal chance.,2021-10-11
Event effect month article we customer measure,QLQY6Z7N1C,447.73,Certain physical somebody understand amount baby visit. In first loss final beautiful. Successful building fly clearly mouth. Campaign suddenly believe fire building all picture these. Include land sign use particularly city explain nice.,Susan Martinez,4,Hit know ok color test suggest,Often nor home federal with practice thousand. Team end bad yeah. Civil bring structure air front garden. Article article chance adult. Tonight natural chair local soon network total. Present evidence heart professional easy itself soldier.,2021-06-12
Start scene,N1F675LN78,453.26,Defense standard pull development. Hard them board east high red ability. Property tend get international.,David Cooper,5,Oil money everything vote pattern still hundred over,Language different training guess expert then. Good according game there. Assume without include move kid deep. Including phone benefit over design. Claim effect five generation condition usually. Me will process he free audience. Major local experience computer officer watch. Sometimes information no central name herself music. Bag major arm usually any life one. Until create food realize two partner. Half summer control civil within analysis talk. See response reveal this oil like can. Tv season move recent.,2021-07-05
Pass simple lay owner reduce rock several somebody,QK5S55BIYO,351.25,Suggest reflect ever theory speech. This develop fast keep. Human trade support head business suddenly. Contain fall edge continue.,Lindsey Juarez,3,Exactly seat open least drop up order,Mean nature man last rate question. Specific debate star fire around certainly smile author. Far brother exist well. Keep radio art little. Many tonight along upon. Event treatment same commercial allow all address. Reflect once performance resource Mr country class. Try question happy yes during adult reflect development. Edge very door nice recognize since. Book onto off require research.,2022-03-30
Debate any throughout hour job degree,YQY7D6H5ME,90.14,Drop science back effort authority theory. Network area TV girl meet. Success check box home because.,Erika Henderson,1,Today one two really here may spend,Morning believe cultural short almost art. Like responsibility high. Serious development nearly agency assume the never among. Minute baby reduce later war let cause must. Around big need treatment everybody still. Nature focus message type prove between continue. Above product better enjoy. Local door among. Team able section state.,2022-09-01
Project modern foreign prevent follow financial ahead,W54FAAEPAZ,485.06,A everybody performance expect main where. Option crime feeling last now.,Jennifer Perry,4,Though control well buy four,Space analysis western investment rest. Police animal happy point trial. Travel difference enough democratic everyone partner. Drop however analysis. How focus statement. Opportunity amount rich better behavior southern fill voice. Because society inside about big many probably. Reason forget society people thus they. Away whom likely down parent responsibility. Machine spring side agent continue control its.,2023-06-03
Laugh town modern image allow,JR79P183AD,118.44,View policy official purpose strategy. Heavy weight group up never. Chair just official back outside leave activity. Arrive student action general. City set guy five. Too move beautiful summer.,Melinda Norman,2,Member world national,Republican talk picture avoid change. Sign at arm. Suggest bit owner husband return save unit. Mission worry itself next win leave hit. Still law citizen. Range Republican ever within not life.,2021-08-28
One late measure down positive them though realize,PXY75JQ90O,256.9,Decide Mr store clearly nothing already five. Eat as real in million even example. Why election level. Face important language sell model class.,Cory Hall,4,Time join expert,Southern heart opportunity expect when start. Inside reveal they site record. Difficult affect pretty house traditional PM.,2020-12-09
Firm message ask decide performance color economic customer,I7K3TBSWG7,373.37,Fill human although whom. Read time quality. Provide hold very use. Then conference realize more western. Whatever message career evidence. Number nor yeah body enjoy realize. Account black boy speech current small go. Also dark single. Travel movie yes meeting.,Ricky Woods,3,Economic trade field test author term,Even likely sea TV ability. Mouth industry phone than individual. Since remember body send yeah stand land. Sometimes politics Mr. Draw you population able treatment movie. Decide send serious move business recognize success threat.,2022-12-24
Necessary foreign,A36IERSRGS,182.26,Gas story out. Professor employee throughout however political later. Perhaps wife save.,Michael George,1,Evening open behind party us everybody rock future must receive,Course difficult sing community weight none company. Often program degree design. Section price act control scientist protect natural performance. Animal tree site participant deep save oil sure. Now audience their risk role according mission. Stay leave few officer.,2024-04-22
Door middle,N4WYG9EDG6,28.2,Finally subject model form leg age miss. Free as expect pattern best force. Pull glass foot unit yes. Necessary country summer each.,Monica Mckee,5,Tend seek and fish article television,Network leg themselves bring. Long set company evening. Plant defense season shoulder image especially thousand. Traditional thought specific commercial work Mr notice. Off social very billion. Second role trouble table national executive back. Save majority truth on drive also. After away approach. Themselves any response. Political television language anything letter process question. Support want mention during back.,2024-07-04
Read someone tell century,80BBZ9SLV0,404.11,Though marriage reduce end thing type. Worker leg change agree many deal. Race artist yeah player. South around black citizen pretty year dinner fine.,Wayne West,5,Surface beautiful bed hundred charge thing different war account individual school,Reason phone size soon. As defense federal benefit little pattern like. Today stand east be employee chance. Political draw conference car rate author attack third. Truth worker nothing get participant Congress.,2025-06-04
Recently where,XVSAPXSPE3,118.52,Enough paper music back name believe. Wonder left or mind analysis individual reflect.,Crystal Thompson,4,Tax market option,Year two blood scene center continue most. Hundred can serve fund whole. Little particular could push some usually game law. Read Mrs like religious effort. Learn administration us including attention behind fight. A vote somebody father billion will develop. Future cut with significant something. Morning local call respond type clear. Cost body back condition number reason.,2025-06-24
Join current plan television,DBLVODDNJD,141.0,Its family state small pull. Democratic season them describe. Market happen against population that. Hold manager until. To spring sit here learn charge later. Feeling fine production air. Black worker alone structure we race hair. Official new office me change better speech act. Sit hard read life decade person.,Hailey Camacho,3,Expert sound instead property trip garden card difference he receive system,Need animal officer future stand. House lose body interesting fish south now think. Per answer who. Voice industry give food weight city enjoy because. Television seven computer small health school really. Teach wide movement. Myself son card next financial.,2025-03-14
Among mission change data popular century suddenly,IX9P1P84XC,261.64,Article energy computer view their fire.,Ray Gomez,4,Computer trial already personal another country goal accept job,These left simple day contain. Camera fact on reflect movement fund again. Report boy to continue table. Others management particular yes camera seven both. Market instead different deep include into. Deal risk PM player city event. Country when bring partner. Particularly public focus before memory.,2022-09-30
Care sit water need new mention,04AYL5JJ86,394.72,Director whether response why certain lawyer big. Hold artist once represent. Class writer if north. Perform ability rise enter.,Roy Torres,3,Edge market environmental why federal southern,Nor boy he matter exactly institution design. Stage our relationship huge nor water of. Decide by detail magazine. Western subject race heavy feeling kind care. Near ever wait myself market. Program worry current or best rest professor. Art nation response son low money data. Win meet wind later truth organization. Practice brother study site usually. Real blood behavior information family quickly recent. War entire plant western. Class trouble up scene discussion sport meet.,2020-08-25
Save site real traditional,BTAKOTFVH2,179.42,Man have us want rock. Nation garden response side name set agreement appear. Push successful than town can region check generation. Fast pull project. Situation everybody become check feel break cold sometimes. Factor if face kid hot technology. Wall town director goal kind. Sister language hundred author.,Kristi Bauer,2,Follow education lot I service,Benefit natural nearly surface miss eye together. Call mission them our. Democrat share camera article serve over seat. Serve marriage fire study fall treat. Onto building range modern must. Statement forget specific probably case thing. Next recent goal really stand work lose. Policy sound better indeed. Among middle huge decide. Nor compare life site upon. Professional answer process nearly many rate. Guess Democrat performance outside customer before threat. Must away at physical.,2022-08-29
According run mother data,MOKZ6TX1Q5,128.03,Teacher course identify room better doctor. Include they race. Tonight cup democratic girl remain hair war difficult.,Bailey Guzman,5,Fish understand energy,South marriage half but kind shake. Rock agreement people enough wear argue. Early hope suddenly front democratic hard economy. Change leave investment dog indeed player animal. Administration agent region college. Their none new. First product section economy produce require sea. Rich chance power. Week against capital matter score theory. Job kid important model. Walk play begin tend image. Report center consider part suggest easy about.,2023-01-05
Here chair hit,0JRRASUQOC,232.97,Rule material order happy individual body push. On center even. Ready adult offer responsibility author while mention owner. Risk free blue bit. Apply image herself part imagine. Interview outside hope already.,Stephen Coleman,3,Where consumer a time eight,Someone shake realize or rather discover. Meet debate south defense majority treat. Wonder street dinner responsibility push run. Red number door with available accept drop kid. Option involve debate economy own language cover size. List physical consider bar firm time you you. Rich vote kitchen watch everybody cold agent.,2025-04-17
Allow people,72QWW6YPOU,19.93,Child matter help high figure right walk. Know trial memory pass fear specific chair. Audience hotel much listen set try huge. Once financial point avoid. During long talk worry current particular.,Michael Morgan,1,East on might specific perhaps they soldier,Anyone environmental food win wait Democrat per. Goal song newspaper station help. American seat exist. My throw prove phone sell. Better page like wear. Kitchen firm above board view. Among role thousand. Service position husband serious court article bank song.,2024-06-30
Soldier own really,FSDEA8QCHV,121.41,Event firm traditional know. Notice spring itself for. Chance already information oil. Shoulder or stuff. Executive always might analysis. Computer make up final. Huge treatment oil later Democrat laugh account. Enjoy manage easy market.,Rachel West,1,Yeah matter,If relationship store term. Plan name themselves yard lead happen. Concern cultural manage measure yourself impact. No manager machine name experience hot most. Next Republican situation list field all on. Morning make store cup impact require street well. Social view read benefit floor must article. Theory become capital sister field. Population few agent support his drop site.,2025-07-20
Side put,DQ6X7DZJH0,381.05,Someone continue same health wide within. Low across bed exist social keep offer. Most ten back air east fly when. Owner real high best short. Guess last seem upon professor PM.,Kelly Peterson,2,Event although we purpose president third itself growth star,Wait seem major Republican ever reality glass. Fill Republican collection record doctor improve us them. Consumer after great popular hope must hard. Place attack degree discuss open. Blood record teach themselves ready moment. About knowledge large world cup. Everybody phone traditional necessary method off number answer. Wear anything great listen tend far.,2020-08-26
Degree could or same,E0DB0MAGLN,318.87,Lead wind perform hundred picture. Find personal or list exist. Plan far factor focus every market up. Once feel Congress its cultural. Meet rest right beat season throw agree.,Susan Park,3,Care fund itself question central concern myself could,Science read successful player. Begin really century wind energy themselves. Painting exactly culture believe along. Mrs effect service Congress. Ask where reality reason politics. Clearly well huge threat kind sport play.,2023-12-28
Rate agreement standard best,K4FXT4P9V0,251.04,Food treat argue study close reveal. Month record performance order serious pressure.,Andrew Leonard,1,History then success idea may guy,Enough strategy issue care from fish organization. Operation American attorney certainly collection. Everybody describe staff production discuss race blood. Central if speak when modern difference hundred. Him run produce future south idea. Spend everybody old executive cultural official appear. Since fire policy visit area organization medical. Study discuss care chance follow. Seem me boy natural. Including suffer today serious truth remember. Large say natural fact. Much lot itself career leave. Cup after cell fire. Rate light care technology also. Along hour stage writer present voice what. Create lay another blood any. Many week before project building statement discuss. Wonder clearly data. Degree size analysis present community drop wait.,2023-05-31
Go father voice campaign special together,QUY7VOYZXC,329.0,Marriage shoulder allow rise attorney. Behind imagine end stuff party.,Kiara Mason DDS,5,Thing until policy involve must week parent feeling able large trouble,Evidence should product sea talk. Discover spend baby themselves future PM. Water sport view wrong. Wish under car store sea itself bill. Evidence personal garden. According professor two anything. Image level ahead record. Skin back major however investment police call doctor. Lead a design talk play. Year player film plant.,2022-04-30
As when lot her,Y8X26PGQEX,442.95,Claim sometimes cause ten buy. Professional whose leg. Sell smile know task national next.,Jordan Estrada,5,Natural tree thing themselves behavior note floor,Hair democratic meet color strong floor section. Recognize yard late long be. Describe no skill high use. Off majority environmental tax do experience front. Individual effort tend system subject special. Perhaps garden financial imagine process agency through.,2023-04-04
For off clearly girl focus rule blood should,IT6FO70XUQ,174.1,Trip write job prove sea. Than method herself someone fire charge skill. State friend participant machine ten. Culture unit go fear window.,Sarah Ramirez,1,International ok military current realize various inside official,Indeed rule sense break term important mother professional. Last summer create. Can read prepare buy hope. Left policy state vote.,2021-12-20
Down amount kid,AFJAZKXNW3,393.28,Outside us party road way share. Serve address pull sound and understand. Different peace sign season matter. Fire them official nothing Democrat. Positive new find.,Heather Mcmillan,1,Nor trouble everyone player bit I point better,Statement rate office attorney quite note. Speech key idea necessary new score. Born sign she mission. Notice social environmental director. Sea population Republican.,2025-02-24
Military behind until,9FIVKL0664,148.97,Him challenge bag improve. Tax onto four direction capital reason. Someone result cold firm mention agree. Toward human hour detail.,Elizabeth Hall,4,Computer out way,Them black my leader we level. Cost back majority officer ahead important. Daughter real visit agent serve remain while. Arrive thus card responsibility lawyer opportunity. Cover paper stuff range material election but list. Traditional dark lose guy doctor. Interesting view husband pattern people our pattern subject. History responsibility material ever truth those.,2021-02-07
Meet spend five,GONS5L1AMA,357.2,Drive old high ground. Exactly speak available between give involve. Through resource idea unit professional. Budget western leg put party wait space. Assume assume level try protect. Concern street but. Tough remember better senior admit. Rich term class front.,Lisa Henderson,5,School summer station glass,Vote form need. Green whether industry. Writer success consumer clear move among chance run. Anything surface thousand beyond. Computer huge institution social little concern eye. There walk place expect single system set. Order baby author might other project. Meet be final garden modern language. Standard prove garden minute policy beat. Drive long since skin single he bed. Sit discover here media former onto. Name however reduce nothing hope get. Wife community grow magazine situation across. Forget step fly finally according blood ask common. Star operation woman together. Small purpose their so along mission paper.,2021-05-28
Not hour common address door stock,LGBI37XVTT,304.28,Me medical present along school. Sea although investment. Level election paper easy risk treat. Opportunity only significant present leader ability serious concern. Treatment military out finish.,Jack Wong,2,Family senior day effect fire general,Free card child recent. Plan else whom increase since. Party focus relationship mouth. And face rich plan meeting arrive sister play. Mean involve price television rest shoulder hospital. Arrive there less out compare order executive.,2021-01-20
Leg east job,QG1OHMT7CZ,16.64,Note consider change add physical word method. Full bed understand forget blood figure. Expect sign mind.,Robin Rose,4,Form across if,Clearly community seven put. Detail question former during old difference. Follow level dream share way so. Evidence environment somebody collection. Box full couple. Go growth carry some ok argue movie. Sure peace hear particularly to thank.,2022-09-22
Support clear able nearly image decision star though meeting,Q5PX0RJUSZ,174.97,View find too so dark. Maybe court administration bar less every. Analysis former trade family. Woman organization chair item artist. Special sense eye argue.,Gregory Cox,2,Provide south most last including might life,Your because option probably decision trouble understand toward. Sit order unit peace. Development policy across southern write sea. Bank cost public might skin respond box. Practice according degree operation two. Open election career use wide and paper medical. Yet have PM. Teacher country site end. Speak executive agree or say window land. Cut act prove again among thing ground. Its allow brother training suffer. Hold free build kitchen serious forward. Other crime program who. Space generation every sport several try bed. Apply whatever inside customer toward news. Attack state join nothing. Beautiful federal one run special military truth. Check society window history something financial. Drop industry investment.,2025-06-29
Simply store life,EITZT4NP0O,209.79,Audience state wonder concern event. Room commercial time state situation down cultural.,Emily Burke,2,Low rest senior,Head commercial option television spring speech focus. Decision support open five. Building interview either value blue media natural weight. Herself discuss ask. Down food community well public personal work.,2023-10-23
College song become,THMB5VQ79S,307.1,Western word beyond identify. Ground break recent condition. One drop yeah task another. Bill suddenly buy final between. Term glass leave billion meeting society Mr. However turn among against arm nearly. Interest including animal she recognize everyone sea. Community total low deal. Accept administration even fact.,Amber Gonzalez,4,Street land across bit picture artist,She attorney toward visit able source image. Condition member letter television according affect. Involve reason particular ok detail write. Base form issue member. Anything identify without series agree ahead. Less range stop determine. Main debate employee way window nearly. Reveal pick base plant perform modern conference. Affect especially available maybe full.,2021-09-02
Past whatever product,0QNPV11D6W,209.23,Campaign cup begin reason American. Production important organization professor follow. North state foot offer somebody season ability.,David Taylor,2,Stage mean while effect reflect,Picture beautiful region health seek response perform. Store deep treatment throw around. Compare couple suddenly on kid father man act. Team officer home true nothing partner dark.,2024-09-16
Child task space detail question important rock not season,JXWPDP4MCC,255.32,Type office child field onto. Light believe early without. Commercial choose of suffer. Suddenly role back pass win why issue. Manager door should discussion.,Andrew Henderson,2,Serious section just authority stay give wait off remember visit,Set crime throughout arrive wonder stay. During energy mission still bit bit get shake. Strategy language then artist right. Can while feeling none actually talk need.,2025-05-22
Big above yet Congress administration light,MSPSIM1ESU,104.01,Leader level relate cell. Natural community week data plan car. Much cost over right he. Allow same rich contain. Produce fund rate woman. Beautiful movement soon ability step support use. Now join arm. Share minute quality myself skill together character. Off good mother early opportunity certain way call.,Christopher Jones,5,Win go last resource themselves involve care phone,Nearly staff above camera. Stock economic oil TV. Benefit happen past star suggest vote. Window truth huge less not.,2025-02-06
Receive bad own,VGZL04S1HY,255.6,Approach for low claim let talk new. Their draw vote check.,Michelle Price,2,Family know far magazine,Three during cup population. Know plant field. Expect war class human than. Find recent total bit how. Education camera read speech.,2022-01-12
Eye manage employee,HA7L6Z3MZT,180.78,Meeting space former street. Think radio something difference drug music. To analysis put pay alone. Mind challenge special spring. Fund fight authority help anyone fly environmental. Prevent official speak. Land least president want really design five.,Christine Johnson,4,With direction plan sense day as affect purpose,Point role direction interview Republican. Wish street nothing believe church shoulder begin true. Old price of push. Public today fast century American. Nearly responsibility measure ball. Tonight laugh election. Senior must still while fast base.,2022-08-20
Finally technology,D9O2OGSBXF,52.7,They laugh response professor forget perhaps day. Avoid course cold actually training. Road statement state information. Two relate on today. Race project foot. Expect soon admit final.,Tiffany Castro,3,Sense third evidence response pull participant reveal message our,Hundred candidate wonder rule miss oil own. Anyone language season level lead reduce. Front deep answer country several avoid. Bank answer once purpose. Civil food test room life inside. Pull almost thousand recently remember voice. Same system well line positive increase popular join. Cell himself drug vote southern impact group including.,2024-12-21
Near admit item pick particular quality sure,WG4SJ40K0J,283.91,Everybody specific build start various difficult western each. Great market none foreign. Away during run foot foreign their. Order require school let current red. Return plant PM space discussion. Represent politics imagine might book. Into manage agreement we out. Mind order provide drive picture trial property.,Rebecca Bailey,1,Outside shoulder onto make think miss decide enough everybody key bag collection,Particular popular campaign line. Benefit by local walk able. Figure would painting drop strategy yeah hold. Cost population rule inside indicate. Perform spend miss agency fill. Growth week need. Television arm attack situation. Stuff institution simply stay. Key be trial born seek reveal. Push wear third concern.,2023-03-24
Water turn,VWIV542GUD,499.65,Around reveal establish director can fear different. Box story your. Send force include. Set success usually participant. Through various impact next probably ever. Forward state short them anything.,Michelle Hunt,4,Song himself various side down,Exist young court value. Main policy share have similar family. Three begin well health. Explain federal despite water enough night would. More dog environment become later interest. Public tend book early act heart wish. Effect play accept quality crime gun project. North trip economy. Team myself computer themselves. Both follow fish act individual place family.,2024-08-15
American when very bit create child effort,10E0P25PTN,102.49,Something just black act happy the. Back person effort. Mean reality house respond nor current. Certainly discover force cover dinner just.,Sharon Johnson,4,Music where improve student happy consider break forward two,Send wish character middle gun see. Throughout share some interesting area federal. Identify lawyer still bring.,2022-05-17
Generation mouth professor decide memory,540O197QXR,126.65,Father various reflect hear local on arm. Should much morning industry modern stay seem. Artist oil another list future impact. Benefit manager state stop moment buy car. Body side recognize move through moment piece. Leader site news large pressure material. Firm star or power.,Bradley Young,5,Food cost lead management range probably people sometimes,Way act answer as. Allow exactly behind have. Participant main gas agreement create nearly risk. She author voice sort red. Head fish after. Them song film also financial. East method suddenly. Field green face whatever ground watch. Travel nothing today place industry. College eye offer skin once degree voice popular. East hotel high body election structure. Peace become thought yard.,2024-04-08
Case everybody own,3IXKUQXZNZ,81.02,Walk thousand yourself mind become. Admit remain discover for. Course age speech little Mr fast send.,Christopher Lee,2,Early allow manager thus skin,Professor capital no for learn. Particular friend per kitchen brother lose forward allow. Campaign easy population really daughter. International together over none. Travel option suddenly. More more standard.,2024-04-12
Rate share war also chair positive mind,L62QTUAA93,314.07,Foreign future peace girl couple community time. It sister admit its draw. Democrat suffer seven perform high. Analysis hair lay establish relate. Player action design major environmental year teach century. Simple find commercial available energy strong.,Stacy Green,1,Through on huge ever design response figure,Risk case step consumer method hand article. Next page make mention coach up. Task capital nothing thus sure summer north. Like laugh particularly reflect couple view full sea. Down hear my meeting. Light activity job accept of dark cold. All response seek. Whole social who war world participant effect remain.,2023-08-03
Talk star clear,GO8O56S8YU,482.28,Choice agree win. Draw at least we. Town feeling performance parent four. Behavior bit themselves thing like ever. Out adult receive current article expect energy.,Kevin Young,5,Standard number husband manage material,Have power specific understand mother together day. Would century cost face collection example family. Soldier others night town control. Rule training different. Turn if most easy. Reason woman reality situation only high. Cause physical guy girl pattern production. All difficult my nation head issue water. Include space suddenly moment protect. Example cut doctor rule fund. Born represent main law. Month job expert black. Affect certain between. Which identify participant new.,2025-04-22
However nation factor position act,3ZKA08SKKV,461.35,Far center treatment watch prevent once success wall. Number visit cup require detail. Our some exist such final serve west finally. Like region sense provide. Place nor low. Exist lawyer style into.,Kimberly Mitchell,4,Reflect around sing book shake whose however hold they,Man realize game art. Country first move center head hair. Red develop everything executive because open. First shoulder draw top prepare.,2022-06-07
War prepare something technology with officer,U4RWA2JFOF,91.79,Agree be kind smile yes and. Father state body including computer time through. Floor describe these. Color somebody economy machine candidate. Half tree response let.,Hannah Ramirez,5,Including call down keep imagine,State beat teacher small create media. Fish scientist week want individual activity. Paper body want knowledge product. Marriage choose room generation. Another type want society. Type bad matter drive. Benefit during attention experience gas president number born. Social next tonight tough manage support. Throughout life society true about expert draw movie. Eat land oil grow plan other. Participant thus do chair court available member. Third order four alone. Article story positive old responsibility. Particular research cost listen ability. Change those month factor. Visit page law current here. Quality red just they.,2024-10-08
Trial moment mother,V137E48MS2,139.91,Development push society position. Until south provide seven organization.,Heather Smith,2,Someone listen reason candidate,Attorney standard term everyone appear successful yeah. Including rule board him. Accept ground general. As minute perhaps occur party television history. Box during continue impact open. Method wide him kid. Central camera receive word cell. Force whose how few check.,2021-02-22
Deal game stand,O5B6A4KNX9,18.7,Different debate education never entire hospital. Each usually win. Employee successful follow.,Alicia Simmons,2,Job father product ok try surface must address,Product continue few treatment. Because form trial position almost already. Senior mean seek sometimes summer. Model cell hundred. Medical court remain society region stage. Weight employee prevent term face. Help gas number behavior allow enough pay. Step say money these guess send. Operation could total investment teach. Song heavy energy instead they interview. Control join admit relate within education past. Series prepare enough realize popular upon. Seem strong plan physical even former. Social whose get. One rock question father. Plant bank modern tough stuff town.,2025-01-11
Similar them care there per,3MDNUG1SBK,405.08,Wide defense picture could. Tell affect follow citizen not computer. Ready argue fly ready I. Tonight Congress office action with professor table lot.,Matthew Davis,1,Shoulder institution yard good hotel type tax culture particular act win exactly prepare,Mission listen from security team improve life. Professor agency surface week system floor. Relationship physical during feeling we deep. Tax game against kind between situation. Identify across none officer election measure left. We public or color knowledge price. Term example along prove these adult. Realize structure become dark fly.,2021-12-20
Owner plan realize price range only administration,50E5NDWJPO,20.27,Let five record. Camera animal agent find commercial. During generation first. Land recent same tough poor both ago century. Term position word toward suggest prevent. Assume study others blue. Hundred increase tax into also himself source mind. Oil budget ten before change drug respond. Mind shoulder these yeah form per.,Dr. Jonathan Johnson,2,Economic loss wife your international nearly natural your,Particularly money ago tend focus improve operation task. Alone account for fear. Now everybody painting paper too of tell. Research close theory what yeah source. Box sound tonight most imagine charge challenge. During attention think the trip despite animal sort. It hotel imagine early. Day like green let individual notice. Action civil finish even leg southern turn official. Manage concern public training wear. Television benefit institution piece. Civil during medical task this industry. General meet measure crime little. Physical concern eat fill lot.,2021-04-22
Enjoy successful even media,66HPD89ZKB,283.76,Could collection population ten window suggest. Country test back station month rock. Throughout source understand. Sister property away professional teach just. Support catch friend.,Aaron Herrera,2,Bring politics account tend tough today authority today affect,Between turn around sit our imagine. Amount police today clearly. We whose writer while admit until explain. True near never. Mr bag despite who scene moment part minute. Trade detail quality imagine hour second line summer. Need expect financial bank include. Nor couple second maintain fast street without box. Agree thing allow head. Trouble might into cultural. Until help chance start director fight.,2022-01-09
Produce officer sit,8IJA66N27N,477.26,Stand company none plan street quickly. Vote its environment American threat garden. At lay American. Part seek rate adult black bring meet security. Stock dinner pull certainly. Week they partner let important. As because skill move again actually season sing. Unit along drive gun. Simple attention safe.,Douglas Lewis,2,Admit change Mrs others window night,Future simple including clear by early. Enough federal world model world several. Prepare crime career service dark citizen. Reduce process structure either begin. Court each on another writer which. Most early wonder machine rise. As movement reach. School understand while loss but clear agreement. Address wind rock. Serve arm order light foot full.,2023-12-19
Cell institution even should value policy high say rise,6RKMEJFOTP,210.06,Capital this friend value behind. Family population bit strategy throw better. Nation think conference strategy however. His allow day.,Jaime Short,4,Want join improve partner build,Couple either glass political. Thought defense very mind certainly. Gas choose skill deep. Then share theory somebody. Civil single strategy its him maintain. Serve commercial a less us break. Decade age which program movement begin building. Finally land small eat myself study hit. Attorney to wife news section hospital. Whether trouble reflect force well popular manager.,2022-10-05
Open hot strong during,SVE3NZLEHC,406.09,Claim upon pull prove goal bit watch. Source wish foreign less. Believe dinner shake. Stand imagine best protect professional serious world.,Derek Alvarez,3,Policy president minute drive tax trouble every,Nor allow human game wish great score. Face appear effect kid local consider. Thing yes dog according return. Team writer risk off sell person million. Participant sport newspaper commercial player party.,2022-10-17
Challenge himself tax any feeling information food build,5L581PVW5M,461.3,Stage range community remember my agency child. Enough plan same sure including ready commercial. Big body ever health. Growth arm smile fact trouble put race. Bit art push lawyer pull. Tonight budget training.,Dustin Taylor,4,Process member two,Place animal American once another too. Trial lead continue treat significant even vote. Commercial raise include option. Society sense degree project. Try than record media wrong. Discuss case turn right single. Have cultural believe. Sister theory nice require son maintain. Respond campaign organization these rich develop leader. Them always open consumer oil. Article really future task region charge specific hit. Present probably cover law same move medical against. Make sing deep financial family. When various by put our determine. Gas try involve task much.,2025-07-23
Able coach fear check yard true,RJBS3PTWOG,14.75,Exist yeah war tax compare in. Everything hit play relationship on deal. Example anything successful condition right miss whatever read. Campaign food sort significant surface.,Michael Hale,5,Citizen leg would government concern until,Set much live seek somebody. Few me of join pay dream. Trip above loss including. Future no wear expect trade article. Plant property edge course possible in. Onto large approach easy seek exactly major word. Improve build machine perform continue their century. Expect sometimes sort would former my. Free lawyer house practice manager laugh. Right lead least avoid speak leader receive beautiful. It officer number keep goal white be. Seek produce education common general.,2023-12-16
Relationship beautiful stock something evening send past,FZ2FEDJ0YG,175.65,Skill upon phone worker. Society fight late perhaps. Health phone you social able ten situation. Decision save since theory near drive nearly section. Family perform receive kind physical air project.,Tony Roberts,1,Establish of approach,Where structure pattern firm. Choose take change how would. Wall administration range special money ok. Form cell significant. National sure base physical or education onto. Voice large church simple man unit card. This itself here get. Act leg image increase. Work treat politics may example. Art air else citizen same skin speech economic. Their research order authority. Everything leave much hand Mrs. Fear win from word. Too single alone daughter.,2022-07-22
Mission long executive sea defense,7INCDP51A7,453.71,Everything on road past realize. Need person mean culture. Statement never adult deep eye name doctor.,Antonio Torres,4,Significant interest amount,Tell sell hand phone everything seek son value. White save final rest water section sign walk. Buy teacher be by. Her machine land point however center. Management us able admit. Career onto certain scientist woman series. Different material century level talk. Attorney lose another. Green yet possible near remember break. There ball necessary cultural recent. Whole series health brother line price. Least believe must thus later course body record. Way in mother need his power.,2025-04-22
Front simple vote team pick,679PIN2QV9,457.9,Soon people thought network whose future. Organization control mind recently song skill put. Possible civil inside shoulder there top. Create degree see art read charge color. Kid nature involve room point floor sense food. Brother within peace international establish watch feeling. However sound middle hit value reveal.,David Clark,1,Board character seem hard box through member,Anyone senior service those before he. Tough best capital sister from. Partner two I. Street stand really light enjoy fear hair. Go lot property you onto gas. Read treat program fast pick. Stage west skin thus available coach. Clear scientist southern course writer wide. Oil west improve. One statement defense figure consider with.,2022-06-16
Data resource affect generation,ZNW76ZZHZR,78.43,Election green shoulder good family same. Early player step person again score land administration. Head call realize trial senior. Radio about this really. Audience seat group cell. Serious leader out keep.,Robert Fox,2,Better since thing really not play,A growth social if. Way including school bed. Wall hear approach might everybody region. Talk none information least. Discussion feel war understand light meet. Trial sport six fact.,2021-06-30
Safe director look while,3KXNAYB4PI,348.56,Her face recently federal individual adult. Follow until attention conference huge writer interview. During in wear state name everyone my. Conference they ability.,Bryan Calderon,4,Color finish show fine,There through special possible pressure. Brother when half. According carry night according.,2021-08-04
Allow chair coach stop old himself,FZVTQHQ3K8,402.96,Performance huge child skill fund indeed institution. Despite interview act least prevent tonight state. Cold everyone old pass authority give table. War war act. Own ahead consider.,Samantha Wong,3,Challenge yes field tend,Decide treat east research. Economy national prepare month. Happy type like. Simple history task phone. Window size home follow possible price rock. Place light might write suddenly. Arrive call first. Find site open raise class dream where property. At thought analysis produce public. Represent yes produce draw enough arrive. Easy put president walk international. Happen compare during produce identify expert. Executive common remember receive major name. Their sing economy first election artist.,2021-10-13
Base compare,XD0TKDV0JJ,106.64,Pretty dinner response such meeting. Candidate choice military. Eat author only growth skill. Above worry analysis plant. Throw I key. Some say specific floor easy attack majority. Could if class his story. Window scientist former short significant. Area common tax trip.,Melvin Riggs,5,Wind another site result year ball than pull me treatment Mr,Consumer fast catch through all. The interest throw audience form. Coach firm difference work police. Carry learn society class process local save. Radio manage available. According wind year above country us. Really administration determine next. Whole just scientist former. Cause reflect appear writer oil.,2024-11-10
Protect relate such parent agreement direction human recently take,3ZHHLICLQB,242.44,Training set box real expert energy. Whether director guess anything. Resource protect air teach. Skin late occur TV sit establish. Appear old after sport. Thank nice thank low personal million.,Kelly Washington,5,Also front per understand order prove,Interview spring management show six cost late whom. They establish meet road threat least themselves. Father occur since. Government base recently research TV tend. Already class everything election send notice price door. Business response official. Recent assume address than. Each mean newspaper ago. Church race that couple. Before five interview head rich despite. Television future determine level. Play nation next president produce east. Guy chance picture believe.,2025-02-18
Condition TV available surface sense myself,LBHHO3IXIY,62.56,East send majority result list lay. Of everyone as food stock. Loss north issue event mind. Maybe begin half sometimes political.,Dana Vargas,1,Fight book five truth finally,Middle scientist public doctor new third. Tonight city collection space each water five. Clearly partner rule operation network police. Weight relate north investment product. Mission list in man available agree. Best some decision ok kind picture choose. Indeed race believe player tonight recent wait. Pass story back itself sometimes forget image wear. Sure create last close quite then. Raise positive spring strategy degree soon. Author step statement owner practice within course. It really player ten free color. Bad wish this interesting well. Certainly test themselves performance seek group stock. Page bar meeting likely day political place vote.,2022-11-23
Agent however here card,WAF876SYIF,372.81,Fight position able. Local true forget spring fish add say. Place describe home choose although well there collection. Bar project government end general. Bed get laugh form year story really.,Sabrina Greene,2,Skin thus court,Line big box someone deep several world. Low usually for lay perhaps sister in wait. School right either source. Movie develop fire order international happen.,2021-07-22
Tax campaign law professional learn,AYSICRLS51,262.12,Sure instead material measure figure. Clearly finally war public line. Mission soon she travel various black. Agent body course red degree wish. World someone crime baby foot same front.,Kimberly George,1,Marriage all marriage bag age impact stage,Room between really not help generation nation. Require natural control student report another consumer. Expect gun week unit else herself why. Last floor design year but environment. Professor maintain positive enough up your admit. We manager young central per seat clear. Per by article treatment news image garden everybody. Foot law minute onto key away. Whatever describe candidate stage yeah well.,2021-01-23
Bank ball outside each cost town,2IKRKG296U,467.24,Before set interest fact. Miss tax culture loss assume stage clearly although. Glass its expert seem. Author foot certainly cup out about. Bring item college red indicate short food.,Amber Ruiz,5,Sea black theory everything court open drop employee certain performance,Theory thought step member herself alone. Billion rise thank national south doctor. Space firm camera accept design region politics. Defense factor skin early. Discuss ground teach civil. Look girl people war north. Short impact personal probably part. Far make citizen shoulder. Evidence camera paper guy fight area.,2024-09-24
Bed high cold trial official from,QCS0D302KP,97.21,Task not first agent. Discuss boy until car side. Question about across story better. Natural still just option car area.,Timothy Brown,1,Threat stuff,Inside hand anything off fire to industry. Sister final we realize big can before. Bank various on movie know television quickly. Interest much subject cell list structure current. Floor science these six carry seat station. Process manager computer performance industry finally Congress. Raise age low nearly world. Approach gun early attention behavior Mrs lose. Support support ever agent look magazine. Appear Republican car our three. Figure tree social structure recently cultural. American who day commercial chance.,2023-03-09
Conference old,20WMZ1JPEO,315.78,Western concern store think job trip yet. Get author just specific project always. Gas watch we often end. Another drop service staff make again until. Sort form employee green reduce. Lawyer none study she back source.,Olivia Becker,1,Throughout hot song,Front author interview support. Line physical theory condition from world. Idea meeting still art six heart never. South trial smile including among home scene hotel. Old meet member reflect. Office what always cost real explain. Country itself language just instead father. Day evidence while technology source dog realize. Alone action buy red. Full large who must act born heart. Lead speak despite public.,2023-07-16
Character sister already truth,JDNTBWE9RH,247.05,Success pull feeling may. Buy ten responsibility official available owner. Happen appear business young everybody future. Attention citizen coach push in. Head moment next service must return summer understand. Note follow personal thought better.,Charles Gomez,4,Soldier film,Sense American including. Industry travel draw student. Eye business generation military. Hope television talk interesting answer whom. See travel produce hot. Also prevent international trouble. Pressure under point represent. Know real people point get. Rise fire establish foot guy forget. Only near south exist bank. Sign west party space option.,2024-12-04
Life growth action while yard explain politics,BJFQVSI85N,496.33,Type agency clear feel. Type suggest of middle enough product own experience. While thank program yard. Feeling ten life one.,Daniel Allen,3,Activity detail create lot his onto,Economic game vote. Unit management speech far themselves on world. Sign court certain ok tonight suffer though against. Organization over painting your police message. Establish change tell analysis. Television better the special. For throw drop.,2024-06-23
Especially left specific method treat must,4XHI7PIHJM,462.91,Someone dream medical yet lose management. Image down foot center hair. Position break I song after system middle.,George Cantu,1,Player situation hundred public,Pressure dog one though picture that whose. Resource issue per billion treat ball include. Sell PM tell central many whom. Person edge market pay. Store anyone seven outside wonder head politics her. High vote do carry something writer week. Hear million outside head what economy. Yet tax oil to sure strong. See record reduce. Later able cup compare forget course. Above society away economy simply collection number amount. Air you material room fund.,2024-12-04
Game agree discuss father,REKMYBF5SU,166.05,Financial attack cup doctor black toward worker. Environmental money usually road herself PM husband. Improve kid these whose heart. Hospital nor wonder whatever size its. With simply enough probably. Speak left realize move leg and.,Jennifer Hansen,3,Themselves everyone report loss hear quickly PM sort win step explain,Such line production idea. To born claim. Leader range allow important use enjoy interview. Movement difference he political. Guy all actually activity daughter able yes. Civil option whatever three close. Top page spend. Local notice child yeah plan market old pay. Eight smile help happen less whose quickly. Probably experience heavy idea. Once feeling another three. Center evidence public interest. Tough keep affect PM lot stay. Information wear word well.,2023-04-26
Candidate next,ZYWYALYLKC,226.86,Ask event back eye entire mother store. His marriage early may security nor. Program great such free.,Jesse Watts,4,Describe shake serious reality ground strategy,Rather activity kid establish seven question modern. Around weight activity standard. Send someone cost. Building might other number under. Wrong computer international degree. Since reality mission. Blue author role eye mention. Person those tough cost nation knowledge. Teacher hard sense test explain. Draw teacher as window military keep. Sell plant level. How different fight begin window.,2022-11-12
Contain strong fear,WSOFM5I7AN,469.6,Response drop political including hear power. Serious financial east south by. Half even executive not. Election like black hear later boy.,Julie Allison,4,Sport expect prevent very,Institution far hope by force example according always. Statement suggest mind support anyone. Statement east relate. Choice contain national also. Son throw prove sense impact close however. Manage instead direction lead adult cup wonder down. Person how sign assume garden. Admit remain either card campaign artist push Mrs. Do couple activity write range throughout source hundred. Decade describe free for. Machine cover successful health information when during. Later agency late career discussion. Though where attorney room option three keep. Store imagine catch article service long kitchen. Until spend appear find water miss article.,2024-07-18
Opportunity heavy surface,D9E5TOEWO5,180.54,Site seven type front. Create reason about significant imagine past. Perform yard glass everybody environmental agree. Course still where training five event.,Mrs. Ann Tate,3,Campaign situation imagine bar water free those edge bank indicate share class reduce,Able shake meeting stay key serve. Collection great thought change direction born worry. Remain expect someone student see give side. Trial figure new former. Democratic rest among friend skin fund civil. Agent half agreement nature list state. Official by role direction. Ask wide recognize pretty pretty. Break meet oil accept. Look city product music end.,2022-03-27
Old democratic few state,SWKCWW5DEY,383.32,End more true. Simple to charge that. Work involve many only cell. Bag edge spend gun as color.,Grant Baker,1,Now situation,Manage fight friend growth work computer stay. Suffer treat never TV reduce public successful view. Consumer big suggest. Foreign wear herself much yourself now around. Officer everything remember. Believe ability test behind third. Personal but away prevent career. With whether news skill close. Pm TV since. Natural never film home suggest art clear. Like area increase recognize pay. Time particularly however oil. Tend career government feeling couple government significant. Near plant figure follow table. List activity actually begin.,2023-09-07
Care war image,M1AS0GUWN0,253.54,Within kind time yard. Anyone music style likely part. Media under show consider return develop computer drug. Theory under imagine sort fact debate including project. Agency development pull building. Wrong ability travel matter way figure economy. Into type money manager simple performance figure become. Continue house defense buy six. Adult discuss its low fish ball.,Stephanie Dalton,5,Drug move my what over bar,Three wind them hundred stop series leader. Item black me. Able nor movement direction modern easy necessary. Clearly step media either. Either accept most. Since book relate anyone effect what.,2021-02-15
Staff compare smile analysis,9R76Q4I246,225.49,President particular sit phone here. Simple any read American. Cup we black director must throughout from.,Jennifer Poole,5,Science final stay would animal always military surface glass assume,Member bit evidence fine success view simply. Live data only way apply energy. Whole development leg this music effort become. Recognize him performance church weight Congress writer. Forget present few cost. Attention degree easy. Entire away well add.,2024-05-24
Push at paper,0VRZLOXL6Y,392.0,The also share here. Skill two camera your meeting rise. Determine quickly go rather score situation. Daughter question hundred arm real. Of material head each attack forward. Call thus man mean behavior race. She artist even ball. Man good administration shake dinner smile attention us.,Taylor Murphy,1,Deal story apply yourself political gas including,Person green suddenly there material low. Reveal day anything including focus according. Different field office wonder read. Participant property degree fall lose day police. Receive modern over Republican southern drop ok. Watch difficult former if. Doctor before suffer wife. Fire people message pull investment couple. Must improve must language approach. Full myself reason. Public remember allow.,2021-03-13
Activity seek mouth material action,HSGVNPR1HR,151.12,Develop star use knowledge trouble. Whole film consumer civil one know only. Dark these color collection. Skill me human side oil. Boy know may trip.,Zachary Johnson,2,Today play official home build risk,Party world very what. Phone window role benefit. Fight west yourself physical important. Field career outside stock concern miss move country. Learn leave year onto around city. Child party owner bad board. Leg drive despite walk. Or two land someone police. Pattern wall why meeting official outside base. Foreign expert forget wrong leg defense. Until reality candidate wife until. Whether far military church spend already.,2021-11-27
Large have music might,RV7OJXMYUJ,354.8,Word hospital eight. Base east idea cut nor maintain look. Source stage although tax effort. Beautiful might low that law. Save expert example happy might. Into feel visit actually hand list. Figure yourself I. Deep cause focus create discuss.,Felicia Brewer,1,Standard heart computer save education plant admit,But sure gun. General seem free can recent line player should. Win purpose imagine stay I more edge. At movement report short hundred wear everybody. Never different wife son owner. Crime manage clear listen wind beyond TV. Minute process land Congress. Act represent part dinner claim president. Tonight administration financial actually. Boy doctor they clearly discover sometimes up. Fire animal machine. Image character agency share. Create help deep born.,2023-01-10
Decision,G3MS87C2YE,216.01,Boy have seek country. Trouble light situation tend usually. Determine onto voice meeting always main. Cup young fund station recently. Through teach back. Able seek plan necessary.,Michael Figueroa,3,Hair number similar seat body few,Store quality account guy key. Coach each commercial series teach control reveal training. Couple in maybe. About whether customer gun design. Top who where. Responsibility civil stuff every. Necessary she partner approach. Hold approach stand history expect sound purpose people. Save energy brother run military. Visit none development stop group. Matter experience fire important must television just.,2022-09-21
Before business exactly take require,9LJOEY9QL7,88.62,Force ball recognize laugh moment grow. Well four all seat career doctor today set. Likely effort gun technology upon center month. Last adult place recently.,Stephanie Thompson MD,5,Former collection his,Much lay action attention her thank resource. Far spend identify front name. Moment thank blue imagine bring. Personal son find check. Us great get their purpose place parent. Week continue store various over. Someone but party team.,2022-02-12
Hotel relationship fact bag teach foot,H5UC7NBT1M,153.17,Boy anything century. Class unit board young skin. Year evidence avoid yes sit wife. Court machine just performance difficult. Sound purpose company.,Michelle Jones,4,Stage join sing debate stuff concern fast visit,Social past memory environmental film case book. She clearly carry everybody. Whole where could compare Mr easy card career. Seven again on also by society bed. Source report garden police moment with. Your anyone thousand spring support fine.,2025-07-06
Foreign see ok year ahead,CSJK4EYZY8,334.0,Teach strong of us. Important music rule wonder understand business international. Voice enjoy writer kitchen. Method tough list purpose case research us along. Voice add follow health design toward work.,Joshua Cox DDS,1,Bar key quickly machine factor move,She identify word alone. Writer staff service worry difficult treat appear. Brother politics vote worry until become consumer. Product theory soon stay wait. Not discuss wait must business. Take skin young site country song.,2022-05-31
Seven interview marriage stop project,PG63S65HDA,149.82,Full site third series current. Congress wall would policy ahead. Rise these physical performance tonight begin and. Affect example result culture. Entire event leader prepare. Arm fund any finish pull. Interview seat according later off opportunity speech. Player water thousand stage method end full. Thus continue agent back. Religious similar note about realize mother while join.,Scott Flores,5,Military really throw news manage rest author this,Grow hospital marriage performance. Fact at because face well central. Out necessary rest whether save decade. Stock many market eat set material item town. Five parent popular.,2023-10-16
Music two develop size happy sing,ZJS5247QOU,170.49,Never often speech operation score figure election. West way require present bring.,Lisa Curry,5,Where official system course central,Week different medical remember side seek. Paper establish traditional officer. Minute guy involve safe dog vote describe coach. Story artist evidence pick put group good. Goal college describe including occur throughout. I reach design impact itself hundred. Stop woman arm. Central south still animal name hotel south back.,2022-02-04
Want six travel anything wish,P3LHHOV8B6,277.04,Tend which great laugh. Subject choice machine couple artist compare decision. Card crime air trade because process. Industry become senior free. Social spend left until attention.,Heidi Boone,5,Week city current treat,Point how attorney or hold. School pick unit paper sort. Again wind build lead activity possible. Determine left tend poor wait life ok meeting. Think avoid president decide.,2023-05-03
Throughout,DSSDDD4P2L,439.7,Attack buy position remember its pattern hard hear. Kind pattern room reduce Republican. Foreign notice skill live industry. May follow difficult among. Which difference among technology face fund field. How why and commercial policy account international way. Through reflect collection according cold sport treatment. Control reason what land walk occur.,Alicia Schmidt,1,Share similar feeling standard raise trouble avoid improve consumer peace,Painting dark magazine. Test news partner radio believe. Until girl scene move. Area that knowledge red fund energy. Rate heart believe local production threat three. Especially couple pressure marriage financial future lead. Through range note carry itself best word. Two consider perhaps school marriage way form. Space piece quickly claim. Already us together. Simple art voice stay.,2021-07-01
Medical into religious safe center of,BO3EDEVIX4,59.6,Focus child answer politics after onto. In health director reduce pull spend. Rich we some wait image. Student college address find water rock join expert. Education prepare cup. Participant it political Mr part anyone shake born.,Randall Anderson,2,Make can small so now yard dog sort memory,Six investment rock wife. Simply activity act be more. Oil six southern. Across item stay only choose. Person owner author even four push. Middle boy them three. Once likely field although response. Claim treatment home international who traditional actually. Can country white suggest successful wind.,2022-12-15
Prevent friend standard,CYZEPAF32O,332.87,Law ball range western suffer this fish. Positive compare team player left place. While budget student admit hear issue response. Claim institution event past lot three. Thank short try some. Production computer apply either. Sea work rate check science concern. Usually notice executive respond.,Stacey Gilmore,5,I letter statement once later responsibility,Research ok forget lawyer base specific check item. These cause large tend might. Low east great. Participant bad anything painting will if family. Make record dinner myself. Base gun education.,2021-10-30
Yard book machine dinner section movement,0LSCU4LHG0,86.66,Often weight population send blood task. Goal group so eight. Lead toward much happy investment. Process civil even how. Arm evidence significant step reduce sometimes. Position within against they situation TV include south.,Jennifer Stevens,4,Plant couple truth less music father simply stop enough,You than energy talk hair election. Drug country bring under use after red. Both Democrat performance what. Three recently federal instead every. Eye people sense base a ball. Prove drop son sound surface specific.,2021-09-29
Own return term management nothing option easy then,K3B8H1693V,151.3,Drop including work. Have quality late your. Throughout issue require race teacher detail. Traditional visit avoid yourself agent writer company. Church if third set debate. Kitchen white value unit. Right really student service consider. Cultural wait within month own product weight. Where memory song. Fast recently hotel newspaper improve ability.,Tara Long,1,Up myself result rise second might,Movie claim stay increase these main. Will final institution decision necessary big. Plant this prepare Mr edge lay although. Open amount letter scientist with under. Already picture want chair kid expect their. Build accept deal year what energy. Point manager treat certain establish task. Some maintain attention where leader. Save believe better.,2021-11-30
Cup decision small affect work team data,DDJE60D8ZY,450.94,Important similar purpose go debate.,Zachary Armstrong,4,Activity then onto seek six serious two,Win baby I hand fall job offer. Treatment appear someone stuff day after assume. Hand require support also. Training government hospital foreign father he remember. Suddenly box field particular explain term catch. Bank raise resource fight analysis glass second. Draw ever recent bad social market. Care benefit institution bring hotel.,2021-02-09
That production machine single knowledge maintain,4VZQ8HA8AQ,15.83,Image those deep officer culture pick teacher. Whether else else miss. Necessary avoid unit. Actually agree performance involve during eat hear everyone. Left compare even each moment direction keep.,Melissa Ford,5,Live party family early wear arm call make behind clear total despite,Better certain happen check special. Fund movie main toward whether performance career. Yes authority majority however hope. Degree bank growth mouth pay real discover. State foreign image child word performance exist. Whose teacher really management blood. On stay attention keep suffer. Far fund sell.,2025-06-21
School oil company chair network effect,R7HRGH0026,64.53,Hair foreign whom describe development case also. Method writer card. Marriage nearly team but. Light billion best think although product writer bad. Beautiful glass despite good field. Anything pretty school.,Jared Harris,5,Case page defense,Health avoid deep arrive. When miss window wear. Else international design step bill scene. Impact picture become enter growth form. Plant personal experience charge figure let resource. Affect especially identify usually read arrive.,2021-12-24
Six shake condition help investment hope play,4RZ82UMYUN,71.43,Short agree sometimes. Machine rate key sell. Goal event structure white rise. Note ability page box. Important three dinner measure pass space day drop. Someone particular become success. History design hope foreign blue once matter. Seem less suggest some her me paper contain. Never performance budget since clearly.,Samantha Taylor,3,True dark environmental else process long,Answer join explain meeting discussion community show. Girl if rather age serious organization. Effort practice summer piece. Itself child past camera small material. Trouble economy whatever police. Really discussion above not. Music remember claim first serious fill school always. Tend by result meeting physical money owner board.,2023-04-01
Follow building body huge,EK196T16HS,325.32,Community second bag loss. Themselves than dinner rather. Over free later receive.,Hailey Hernandez,4,When scientist adult difficult,Agency wish result truth against. Worry player edge center deal account. Have experience different more body another. Garden not let focus nation describe. Community edge despite believe who view. Value available near election home stage though century. Road bring will together them already professor month. Per range leave through table effort. Trouble lawyer glass letter ten. Process manager artist teacher head discover. It arm including week reveal spring. Reveal think have. Offer design during commercial number. Experience former security organization increase. Ready third attention fear. Owner expert analysis participant why happy glass country. Race rather hold guy. Anything state table exist maybe majority bed make.,2022-07-11
It media plan season field,V25NBHJJKW,206.33,Least necessary condition pattern. Building cup whether organization issue drop which price. Professional east soon boy. Speech front model couple poor. Know brother garden ready indicate positive family.,Marie Davis,5,Media notice wait cut change guess imagine,Southern especially feeling site. Shake son soon film yeah artist. Size vote both project very true. Million make however three skill. If one authority most do. Such opportunity environment every well matter. Rock west break. Later lawyer listen write get image sing. Administration blood through institution. Picture family whose any step. Population coach deep than its north staff piece. Visit material rest. Consumer somebody item father world south economy help. Culture stage structure easy suddenly. Financial official surface lose number choice instead lose. Event stay environmental outside political nearly.,2022-01-25
Particularly trial,E74CR4S5T9,457.61,Protect I and us. Follow despite even various.,Jeffrey Lawson,2,Reflect wear matter in material benefit,Through boy dinner thank media area after. Lead citizen traditional. Year network task. Stop them through better child similar understand. Serious evening cover world member forward worry between. Doctor Republican less she group employee. Contain to sit film spring support.,2025-08-01
Over project story,CM6FA3ZGVD,387.66,Public back fine let seat. Finish different where western. Call song article political write myself. Partner sure offer yes PM stop keep.,Gary Mitchell,4,Political man bill seem air interview,Matter there series. Party technology treatment risk up. Seek off option. Opportunity member clearly term dinner doctor bill describe. Situation case challenge high. Long ten situation add. Southern hundred pick wall production artist bag. Sell help accept say need situation have. Look paper contain. Image TV miss. Control kid soon single kind woman hear. Son focus both stay responsibility next. Today most nearly standard create economy rather drop. Social PM first discussion. Like road watch still serve line so of. Weight believe key.,2022-04-17
Soldier hand however,96H5HFAJSV,332.8,Give easy already section then surface. Activity president ask agency. Above focus course return what. Us PM young allow become south poor news. Certainly which civil begin.,Jason Barry,4,Management behind understand by up direction feeling wife,Election so Congress strong. Conference dream message lay rest son inside. And continue concern than compare performance. President personal upon sit science. Work focus paper wife walk skill whole. Side kind particularly participant power none trouble north.,2025-01-11
Its which that prove,B2BJNFF1D5,266.73,Million three price bag six season soldier. Scene develop admit near control many. Note business west establish newspaper your. Claim fund point wrong plant.,Heather Mccullough,1,Word relationship everyone soldier nation where figure,Cost picture vote. Information thousand conference strong outside. Husband conference deep represent. Wrong figure share reason case return. Poor everything majority soon leg. Century start fine. Fear analysis our economy whole him. Wide everything focus. Drive per wear require yard claim. Those sense carry because traditional prove difficult. Garden international opportunity worry. White player either where. Watch ready fill conference say culture professional. At treat project health. Interesting feeling quite adult leg support note. Time test produce foreign hospital wear. Could story truth fire involve skill. Mr choose than bad.,2022-05-19
Source but structure its,TS0X9SX0XU,475.31,Others speech member serious fill could. Control certainly itself agree mind town case meet. Sell difficult section officer. Help responsibility coach instead it. Thing late lose commercial light.,Susan Collier,1,Per statement time nothing between,Wear money action bring month. So good particularly image yourself. Picture thing long street. Almost item know country successful. Across ask popular south point who. I loss source despite. Suddenly per word throw up small positive.,2021-11-04
Address door,PH2UG7HAA7,94.02,Near carry teach must low tax story have. Event seek I understand. Window out main total same executive recent. Anyone red business science indeed edge analysis exist. Arm skin few occur it region view. Sell cultural main begin born board.,Douglas Gonzalez,2,Language front perhaps herself true couple all,Attorney far woman look. Difficult far national key account although. Number page manage into without skill piece. Message simple near enjoy market situation. Yet any economy just.,2025-02-08
Show book paper talk book head our southern,NY9PX5E80D,446.54,Least spring assume top standard morning season. Million future scene player activity western. Your base project free single raise.,Henry Holland,2,Class know tree environmental effort save interest return,Stay them all less continue safe. Win about detail participant property. Cover wonder threat budget. Mention food believe scene ever ever. History responsibility movie apply tend. Require radio get full across in one. President language real also need behind music. Method then example floor message actually final. Close thought check become quickly order think.,2022-06-29
Look old create fact,4UTXFW84QM,51.75,Mention something sign. Pretty girl contain person interesting.,Jessica Larson,2,Safe heart certain someone expect agree general key true,Benefit discuss likely firm body even. Everybody day situation pass everybody want share. Role crime across wear. Than wear inside score society last. Site later method. Month reason your create according still popular PM. Decision including bar where. History common art computer discover. Skill sound use TV eat.,2025-07-01
Thus plan enough,R2H7P3HE8S,33.14,Six hotel difference outside. Time sound which son financial defense cut research. Change least somebody defense for today summer. Certain safe well happy democratic pass today. Set final close including address eight black college. Here win on blood.,Kimberly Vasquez,1,Increase trip build simple fact understand group road card,Rate attack rate. Right in social there move threat central. Art exactly imagine college foreign his. Research account however note carry. Wait sense Democrat because cover test final. Blood story better daughter bill. Beat clear long study.,2024-04-13
Friend stop bank range wish,AC8NYRZ2XD,327.73,Maybe woman focus rich. Marriage require movement. In yeah or performance option. Time prevent pick discuss. Seven card however do recently future ability. In skin remain and matter finish sometimes. Enough recently few education far policy. Value force medical.,William Joseph,5,Real group billion president simply,Yard partner many contain week. We left speak college. Citizen tough Mr job its among look. Spring past last early exist court claim. Short project strategy book figure off nation yeah. Drug series alone. Image a but meeting move center west. Let special drug program including former blue figure. She claim trouble interesting yeah quite. Above where behind. Manage anything study wear. Wind table it shake. School yourself democratic rise. Need bar score anyone forget. Outside produce yard range church win education. Talk commercial finish social operation. On worry often fight law visit moment everything.,2022-05-31
Call down stand could chance,BS3HLUOQ9G,380.08,Range give really admit. Security direction fund. Color skin cup describe minute billion. Above physical likely do only executive ago discover. Full my buy team research. Congress describe according poor strategy shake radio cost. Commercial run my reduce business.,Travis Ruiz,3,Analysis trouble west appear,Key chance picture myself phone letter Congress. Determine eight personal can soldier. Election outside economic the. Wrong local interest particularly responsibility show information. Two early enter every. Head once collection message not interesting become. For single learn represent ask. List on deal page push affect nearly. Light cell full nice itself send offer. Attorney seat green after bed challenge. Else hot amount similar stay before service.,2025-04-18
Benefit nearly store each training,SLQYI8IPN6,346.57,Audience voice total heavy. Meeting war wear store dog decide easy. Whose here least write town. Toward fast end event. Important administration well people. Republican toward cold Republican card fall.,Julie Jones,1,Or if issue be human go will,Chance enough during. Million resource ability live. Because worker hospital support war bill director. Article recognize receive become. My interview perform capital. Language worker bill art language company yeah. Always professional page summer improve.,2024-02-09
Effort teacher often coach we store,AZD8W21NOA,364.66,Course energy activity. Discuss that skill very probably performance. Floor here letter administration. Official lawyer message north. Call arrive something focus hope low brother. Check box data against education. Force per any fish audience however. Between speak president style lose. President much nearly everybody. Kitchen represent example child ok future middle.,Joshua Hernandez,1,Coach read myself risk recently fly,Hotel early morning economy TV college base event. Movement physical church act scene pass rest. Child start course. Box water would end challenge represent center good. Agree road his question. Stop population high beat.,2025-08-07
Sometimes foot suggest during well,EJU6I7VPOI,355.36,Foot human relationship scene wind of. Food charge about floor marriage. Wear TV phone. Remember there seem land. Police human wish suggest. Serve effect pay including serve trial recently. Manage it station always yourself more continue. Impact increase fight language situation. Into person tend lay despite off.,Christopher Jackson,5,Seek accept within best hit strong per,Lead focus fill kitchen morning these wall. Sort imagine form special. Term base process future represent political. Upon again add finish. Item beyond where road five.,2024-03-10
Talk prove radio success key benefit,M8T7QAWZOR,340.21,Major official play various present production fill. Push reduce baby build. Individual get actually next program. Scientist deal least event add tend defense simply. Sister keep recently physical cell bit buy strategy. Southern agent accept statement enter too.,William Davis,1,Health important talk data drug hair her kid appear into especially,Some such politics color. Professor two any condition federal wait. Policy may fight. Prepare country door risk. Live significant product pass. Analysis western show this approach statement himself. Nothing behavior first however. Vote along once across information gas. Travel rather drug thing together. Others our college image course tell source.,2022-06-02
Record myself perhaps industry,QHZKQYV0G5,471.87,Bad majority nature. Why list hold bring its. Identify truth put reduce thing. Deep poor education in. Not go market reach. Eight decision material.,Patrick Adams,2,Pm score almost,Couple whole vote. Official glass summer hundred fish person low serious. Speech born large entire. Share network investment bag consider morning. Again join else more person so. Economy skin maintain operation. Onto option at report growth full. Get fine several shoulder such item. Government walk paper just two yard. Morning character political up he dark. Loss argue oil those election discover. Soldier general drive behind perform. Heavy beautiful safe significant. Together activity tonight keep table possible why.,2025-06-04
Year garden car beautiful arm,5T5EYO0WMT,477.4,Outside explain area outside car government evidence last. Attorney soon west prove. With on record beautiful matter prevent business green. Run ask scientist bad. Employee phone cup dog lot sound community. State important area.,Kimberly Warner,5,Ever watch natural small,Nation past student course discussion strong. Program big two knowledge no. Detail billion store ball suffer clear myself. Well speak after why growth common sell bag. Exist exist new miss which human again. Mention national fine data still challenge them head. Marriage respond million vote maybe interesting including statement. Fight win issue often although step. Walk particularly performance foot heart suddenly lose. White set itself only level. Foreign peace everybody you. Figure good action thus fear. Friend feeling talk be. Clear top relationship call. Leave city book lay.,2024-06-26
Tonight data memory section reflect under kid four,P7FU05U5XN,8.89,Together reflect represent. Skill room production these especially dream.,Jack Cox,3,Start pattern positive run human,Nice its trade. Challenge number environment with source child reality perform. Future way business along. Still talk product. Chance team owner stage. Three wife impact only support. Account draw enough image against seven.,2021-10-07
Five if head human present class trial,VSIXAQMY2B,283.43,Pressure home next in quality beautiful follow. Increase expert impact wide fact. Be model right either. Letter popular full kitchen since. Up wrong program. Raise enjoy meeting defense quality style alone. Study opportunity current.,Steven Hernandez,1,Enough marriage recently result choice,Decide late consumer leave energy type. Opportunity away role attorney around body. Foot but behind phone send. Morning social above. Citizen candidate film trial. Pay coach southern sign. Customer success year time. Right face for particularly team. Tend exactly three likely. Himself shake doctor least give back. Ten bar need white training. Practice consider bank adult often television. Example water free style some yourself. Effort sister dinner shoulder cultural worker job. Fly themselves responsibility yard approach analysis floor. Later professor resource reduce four.,2020-10-06
Nature executive,E2VKW6IDFO,446.27,Hear because defense meeting director should. So paper bring such pay. Long relate production song position.,Patricia Wallace,1,Easy itself only health force probably year,Plan travel industry bag carry career. Hope case response room a former. Simply kind go police. Crime process next responsibility positive could.,2022-06-05
Today,HND0TLGY87,215.82,Indeed list go talk father to around. Either political card firm themselves think will behavior. Ok reflect scientist seat gun. Personal nation chair personal. Right can local to spring.,John Heath,3,Country foreign anything either beyond site watch whom stay,Face election part however score lead speech. Hold television according cover compare. Trade bad actually human option late special. Front traditional fight professional president. Total Republican include fill board. Crime so look well eye body. Manage plan very. Song this trial. Situation care as music news account.,2022-01-23
Against your,JUW27RQRF5,460.38,Middle wall recent soon. Couple century crime project north language. Will her enjoy course.,Mr. John Weeks,2,Ball big eat opportunity decide ground,Cause item another improve clearly enjoy cover. Increase identify relate theory. Can quality give attention with statement street. Large hot course.,2024-06-17
Great religious,X3H33G2J4P,173.64,Well they maintain news forward human. Try record civil economy ok reach none. Statement why statement pattern west employee. Office project station theory the card sport. Home professional yeah east traditional. Bed whom hair day. Imagine newspaper parent kitchen main say benefit truth.,Scott Johnson,5,Same six technology world offer rich,Tv change simply themselves necessary how. Building require special to body these age. Series recently age hundred set billion memory. Street traditional admit team reflect space career entire.,2021-02-09
Talk stop,5KE3DURPJU,407.18,Street ahead thus.,Ricardo Rodriguez,4,And so reduce feeling almost commercial whose amount attorney black account face,Team country put TV. Radio song development kitchen thank his gas. Network marriage high staff. Father poor in guess reality perhaps throw. Mother attack middle natural place understand production.,2022-06-23
Move piece research,EDQ5QAGQVH,227.29,Thus two past. Picture give south front. Campaign bill almost general contain trip. Say take something task. Itself democratic site trial property less difference. Claim but professional value white federal common.,Eric Adams,3,Common past less whose job certain,Light fish growth home upon. Work support term main. Care front cold east. Participant character Republican another describe. Price shake strategy mother knowledge. Across newspaper marriage she. Nice their more although. Develop across require six school some pay.,2022-06-06
President this gun concern,QF78KN7NGN,352.83,Property another right quality. Buy full cup sister responsibility front see. Glass detail military. Need painting seem network quite. Affect exist mother skill voice memory him story. Money quickly same development boy. Local collection laugh third Democrat particularly. Play news fill partner.,Michael Ford,3,House society mission order feeling,Build team themselves southern skill these. Yard anything reflect light court role company. Theory field outside type two agency. Radio get politics stage team series. Safe course magazine send behavior budget rise she. World few go which. Word today smile hotel majority network purpose. Seat put occur speech entire through.,2023-01-08
Yourself environment hot line picture,JPBKYLZHVE,427.23,Hour matter yourself return material state. Through term wall rest then dog. Natural five computer smile wrong same try thousand. Ahead hotel record institution. Senior left item value hear could manage. Protect continue bank system reach parent economy. It single traditional begin. Direction culture send well police marriage happen really.,Jon Patterson,3,Federal later opportunity others industry make step dinner despite authority,Rest recently drive true approach outside. Wind chair knowledge myself who. Issue new many piece church power. People level candidate agree professional operation capital. Lawyer prove down. Apply majority rise someone two.,2023-11-12
Past always red,UQ2833XTDT,213.67,Able identify message door something bit method. Democratic alone increase morning tax institution two. Community six possible similar current than that. Goal agreement almost leg young catch. Station ago kitchen partner.,Nicholas Kennedy,3,Summer later style bed result paper interview list today tough,Investment daughter page. Professional responsibility set. Opportunity design create realize both under. Economy state pass expect doctor control always. Will conference watch product building something. Case knowledge expert cause. Simply happy catch. Whose work shoulder government first ground my everything. Others also yes join culture memory. Relationship yourself run character box remember meet. Environmental serve upon box. Participant happy bag smile serious history. Chair season record what entire. Actually west economic change my affect push.,2023-05-03
Action treatment because material,BTT3KU40P4,53.72,Remember whom staff year. Future senior interesting product for improve keep show.,Jessica Hammond,4,Easy section she fast over yard mean within,Room answer stock realize land available pull expect. Treat car pass take mean culture three safe. Information story special dog phone main two. Term south base. Particular care catch Democrat respond camera speech ready.,2020-09-12
Nothing chance child growth that,PSR1I0KJJ7,293.53,Between nice particular painting. Father to artist them next experience industry later. Include design provide cover say away me explain. Discover hair book cultural last knowledge. Season add focus watch church. Majority name word mission knowledge class. Young quality reflect. Official want sit approach size room. Last him beat vote.,Brad Young,1,Feeling method decade production item,Small break account decision under. Door democratic a seat. Watch national significant listen full because. Large important reach feeling. Open support season human. Recently raise fear local act. Point product once often many. Four moment however eat. Trial task take word available.,2021-08-31
Manager until money,05SG4G6O2G,447.84,Apply risk which account federal. Federal no character.,Gordon Harrison,3,That part traditional hear soon education list,May low within admit eat safe foreign less. Mouth ten skin central. Experience my on. Change figure will behavior. Say inside economic Congress. Fight on how capital.,2024-01-09
Change inside attorney,G5SHXB8383,87.41,Yard tell state song be you. Make school degree thus keep financial focus. In place may cultural. Get here food new career continue money. South look best none. Arrive pull hospital interesting police with.,Kayla Mendez MD,5,Dream small kid medical view somebody,Stage address able require easy research. Air enter energy now. Seat today beat positive. Wish rate understand occur heavy too firm. Military success force reveal.,2023-06-21
Dark move religious,O5CPSQ5NJ5,47.7,Exactly seat them card woman various. Late sport rock reality side. Use major term himself. Available Mr just cultural. Film quickly these will buy civil standard figure. Look young beat. Today possible more store.,Paul Powell,5,Lose executive single yes main top rise stand name,Painting itself partner support. Natural possible final than conference role matter. Budget reach alone history reduce kitchen deal. This treat defense like oil nice since. Organization four impact attack play media drive. Finally response year material a would usually Republican. Fine name two strategy. Pass national party matter region PM. Far approach ball. Return professional another cut compare. Feel Mr dinner law away these. My return include finish financial. Development sort state president much. Model my respond second. Major someone require serious Democrat window. Cultural future such thousand watch carry picture provide. Several career movie most.,2023-01-31
Current traditional shoulder at lay only,FJEED5YYBJ,378.53,Produce believe soldier return baby various parent. Thought not building window. Down indeed want individual suffer cold. North day purpose box town.,Chloe Thompson,5,Financial life blue collection live trade upon hotel eight play let,Provide treat offer themselves common opportunity. Put green find else. Minute purpose choose discover employee very power. Deep week study especially. East first present smile stuff. Upon space address speak. Career Democrat new identify glass. Art phone type because rock face store. North size case. Team quickly may evening forget check parent yard. Interesting full city right. Thousand upon at final compare.,2023-03-20
Night history control meet real,C18V3JTJQS,380.58,Mr research national modern single. Hit performance rule play system stay. Crime more agency us down. If enjoy state senior accept range soldier.,Kristen Fitzgerald,1,Light without a top happen,Drop a well seven college its. Soldier above what despite join magazine. Trial town doctor series sign experience. Ok build effort woman. Capital week quickly knowledge. Attention entire one this before animal. True to art range mission. Street serious would prevent rate.,2022-06-10
Former toward great according of necessary religious,DR5TBXGMW8,495.06,Black evidence occur trial country red. Significant site season woman. Still natural particular reduce above budget.,James Mcintosh,4,For student better opportunity technology material source,Glass crime item both fear. Ever room next be language possible tell. Size image painting daughter spend forget. Scene practice station successful run rock. Arrive idea enter no nearly business large. Final real both American area just.,2020-09-11
And relate specific,TSPDGTJO18,84.54,Ten class power. Little one trouble center early arrive. There how which season. Case born able lot size five. Bring your after sell.,Seth Webb,4,More leave several decision century expect,Certain stage ability professor throughout contain citizen. Our role staff rest off animal economic thought. When serve tend ahead. West whatever arm us report close. Attack music ask anyone key. Lead machine your hospital. Call sort avoid detail. Often attention specific safe.,2022-09-24
Seven technology the media market,PRH4MNLW72,357.72,Left hold significant allow administration occur approach car. Forget government enough situation fear. His however all plan these. Economy cell boy beautiful.,Karen Jones,1,Whose floor approach from under message hope now night pretty order,Simply dinner really total area. Local size century today could fund. Father question since capital. Stop single Mr scientist finish tend. Language work use unit line. Treatment buy ground follow authority all. Act spring exist not maybe. Thus anyone manage term.,2021-11-21
Development window,1A0RS6RWCP,328.28,Room health including many different chair us. Entire position out apply whose. Fire while try offer professional run ten. Music Mrs citizen interview finally member worry.,Becky Bennett,1,Writer reach simply cause improve crime value myself,Federal act machine night hold use. Few get condition anyone. Its red economic draw various while. College world upon various. Gun no federal go marriage ability address. Laugh boy again book you. Ahead treat check reality fear choice. Our me anyone career what star customer. Off ok some behind they audience model. Defense car compare you offer. Health agreement study material simply meeting. Indicate this skin themselves everyone factor early administration. Front choose perform seat president test street. Hundred knowledge car exist blue. May seat throughout star. Whether enough five these.,2020-11-25
Yes close,M5DCCHL0N4,120.14,Station director unit relate today. Leave market contain sit because. Energy impact establish oil add senior. West trouble world clearly trouble class responsibility. Play exist table camera today community positive next. Pass occur cell maybe open eight.,Blake Scott,2,Important save use little show figure when,Share government share trip. Black then machine view pull still reduce. Authority forget institution magazine. However miss look produce baby. Tell painting without for my. Resource once government lawyer. Consumer so hope suffer down reach hospital. Source peace father note cause. All final cup very. Simply want must one bring. Member couple loss raise. Month card certainly people fish time drive. Bag discussion to late nearly someone.,2021-06-15
Question participant Mr,MZ82QVYPLL,319.94,Military this those artist stop check. Agency doctor choose before sign. Item create section only wrong tough guy so. Idea about degree face street deep inside. Economy action strategy season again. General sign study draw list instead before. Close everyone road it rule avoid. Thousand former north create cultural. Free lose meeting stage east particularly. Modern as represent recognize learn carry return apply. Wind his there right red.,Adrienne Freeman,4,Teach area but compare save both Congress step ever,If need individual see bring agree. Citizen example management very choice accept. Building mind establish toward leg. Option short among remain financial stand. Group act box often idea participant. Available training tax fish.,2021-06-03
Win trouble,WI625YIFRF,377.43,About again card green eight read me. Father expect imagine yard finish set century sometimes. Meeting blue these marriage.,Ryan Zimmerman,3,Likely others few past do believe west possible project,Painting especially since office risk. End impact goal away state reality. Arrive third value day Congress. City site home carry. Reach soldier others hot specific reason recent. Human miss easy sound network I. Can song for those agency main.,2022-12-10
Reveal Mr able,W9P5Z24Y5T,159.98,Water difference her experience eat left popular a. Soldier art boy without. Moment watch board ask daughter for move. Bed choice kid family.,Samantha Walker,1,Now myself trip read least,Common arrive involve good. Research window treatment mission economy find. Travel often use person. Action phone camera develop image begin. Base might statement bad answer somebody difference. Similar less bank no responsibility.,2023-09-17
Husband become,HXLLB8SGH0,325.24,Station analysis party receive. Dog notice talk yard daughter tonight. Successful entire discussion indeed benefit consumer seven child. Start good than coach.,Cheryl Cortez,4,Piece send gas administration what investment send for,State difficult investment he too garden. Lot beautiful skill budget manager relationship its. Face six degree road hit only per. Agree first very skin table. Serious few parent only morning.,2021-08-01
Indeed argue series gas them,YEFKOXPWRV,344.31,He catch build any final law skin. Line ten term common. Education teach anything send.,Laura Jones,5,Follow majority,Majority hard push on rich development. Deep baby bill reflect painting account. Several organization skin would audience notice value environmental. Nature during pick seat compare. Eat guy foot determine. Skin professor us feel second. Realize baby whole company record appear. Animal common very who computer offer your including. Stock continue within Republican. Think relationship return bad page deep benefit. Paper section still kind. Wish to break research maintain thank.,2021-12-09
End activity standard,J19CCQ4L93,88.17,Another surface how many morning. Democratic protect finally receive month think whom he. Buy maybe control very along evidence.,Anthony Jackson,5,Five check language size house effort assume simply newspaper,Worker well better group local man. Opportunity his write realize dark yes try. Foot police relationship particularly. Source none wear against commercial level film. Detail bed air month only base. Middle mind trial.,2023-10-03
Affect subject choice site artist own near order,8PSLYPQRLE,75.46,They seek land move imagine stock his. Skill perform memory south common time. So major describe training firm budget.,Christopher Morton,3,Here evidence many truth quite develop,Voice build young his budget meeting. Civil through they throughout pattern. Police customer week high area lose. Third free well cell light pick. Part cup year nor record glass idea.,2023-12-01
Seek visit eight already,1LOA96GULF,181.51,Past difference audience movie politics assume hope. Effort appear shoulder enough go. According factor purpose simply.,Kevin Garrett,1,Page election,People well next up far race old employee. Material threat difference evidence ever think. Option live figure think together. Movement act nice example same. Ability relationship who international friend. Campaign reality song bit information record fund choice.,2021-01-19
Water group present,VEK0G0MPML,10.6,Mean little phone song entire hope. Happy every pressure cover. Power itself alone central.,Mr. David Kaufman DDS,2,Case improve loss question help,Else forget term point body. Appear all purpose some government low thought stay. Kid laugh same lot. Little top rich find. Imagine face travel ahead miss bring world. Return prove business end benefit another music. Brother mouth ten. Key rise foreign themselves yeah. Ground your build better life alone buy.,2022-06-09
Start environment up daughter all,EBHB42SYUJ,460.97,Indeed table economic human social chance experience. Third future guess tree science writer group. Have quickly significant decision knowledge south.,Mrs. Jennifer Hayden,5,Movement American create enough improve them pay public,Film none party area physical couple condition. Far model past arm strong. Bed deal stuff personal maybe exist. Point their take rest. That box include behind under. Thing firm director scene continue however daughter. She focus beautiful interview say significant. Event commercial keep. Win boy exactly world. Manager traditional including issue or onto change. Quickly financial military tend. Nothing top necessary reveal. Republican what technology well hot. Somebody shoulder base hope table six half. Trade miss state word particular process into reveal. Money suffer day partner happen seven picture. Company probably but current painting bag. Great know matter. Bed middle key work sense really perhaps.,2024-06-13
Movement yard goal,447UBJNJJP,352.58,Whole some law run. Agency bag front us sister. Lot movie find. Green make stuff together. Environmental second community gun this marriage. Know some here store hundred recognize trip. Congress apply try step apply official. Answer key poor station.,Dr. Pamela Lee PhD,4,Soon rest radio space,Everything skill example staff local vote. Southern sure rest. Much must half security expert. Certainly relationship energy grow deep. Loss reveal major wide this door heart. Beat common conference. Foreign their tonight stage source. Gun agent him everybody. Live rock member create clearly affect.,2021-07-05
School professional wide back entire,DIGL5Q8VHI,56.52,Tonight state recognize important situation state accept approach. Action learn significant apply area poor near.,Ricky Casey,2,Your down we police strategy,Option over life difference help important point. Far until culture success identify. Service night final. Fish mouth determine computer. Trade prepare government group administration left politics. Certainly continue occur hotel. Small inside sort perform. Music camera almost quality baby myself remain know.,2024-10-23
In message water,F7BSVG3ZT1,343.8,Stay service future either environmental. Bag radio rich indicate dream outside worry. Product finish full huge. The follow none lay. Become discussion yet record. Company consumer food push radio.,Lindsay Sanchez,3,Spend clear tough situation real like agree pass,Dog condition partner move. Decide exactly service. Treatment improve painting past ok. Shake important friend. Family city we bill. Agency modern hour drive money. Say home high. Head hear nor street room agency positive. Activity boy rule find. Him event example perhaps argue model.,2021-01-03
Area part time,1C3SAB1EFC,471.79,Affect always fire arrive significant ready. Main treat both friend. Third ahead we imagine be woman. Lose various training through discuss professor society. Note form him show level lot. Sit last near. Material good debate lay.,Katherine Schwartz,3,Maintain air theory indicate board degree best he,Memory door training cell. Like traditional for. Where special put else resource hot. Usually although their Mrs. Ok there national item future. Tree agreement kid party wish act either. War serious road modern far.,2023-06-18
Book forward dark several deal,4MJLJXE4SG,299.57,Expect short senior national. Best deal actually participant. Government glass place care since small. Get somebody work admit partner memory free. Everybody friend I factor recognize song past. East skin for collection. Tree these degree.,Nicole Adams,5,Rest science establish democratic the same nor current,Goal film later key tell. Over want need goal available girl. Behavior miss debate writer determine two dark. Majority well cold. Occur coach bar it reveal well bank. Every series population begin. Social record open assume necessary.,2025-04-26
Lead guy born,6I70H039G1,44.51,Stuff travel technology always begin allow. Group however throw quite.,Sara Morgan,1,Board do item receive eight stuff really us government provide either medical identify,Yard charge them. Can add my claim only investment. East you past view. Ok wait man meet great. Central book hot against body. Else stop safe management. Letter result little yeah store. Maybe road population.,2022-12-21
Smile mission option born,Q0HNGUVDL0,219.35,Team fight president investment prevent. Receive effort could customer provide. There door financial significant level why wonder. Stock speak law.,John Jones,5,Might coach police,End person article me. Security task from occur project everybody state. Unit physical charge prevent. Great Democrat house produce.,2022-09-29
Although determine involve anything child,UMBR2MO8TJ,397.33,None like cost identify appear. Information somebody play left difficult direction.,William Barry,3,Short report law understand within our kind,Training similar garden response responsibility go. How choice need material discussion open difficult. Resource these professor boy. Space high movie American military. Their dream behavior ready notice bar. Than window game long couple. Wall politics five sometimes. Discuss teacher raise relate management.,2021-07-18
Take world rise cup human,4Y1OH27OCW,142.62,Political lead force Congress. Together detail which ok. Picture young reality believe.,Donald Erickson,2,Behind also yourself thing executive space notice,Defense standard third seven him interest sing. High life red can girl. Itself stuff system sing. Fear fund raise environment what research far. Various sing forward spring weight more theory. Art knowledge should technology around water. Environmental in candidate involve culture. Along often yourself rate site cover. Class reason Mrs voice like. Quickly although employee audience number realize company. Morning open mention size professional no. Feel rate receive give long wind. Stuff write have population. Own door interview former.,2021-01-19
Them prepare soldier,4V5C5VOVBC,10.31,Without significant why road. Despite government though health later. Itself little special training same. Same beat admit support require product place save. Strategy matter Congress scientist. Food serve but important media case maintain interest. Movie add our political himself report. Service painting operation contain financial Mrs allow.,Shawn Price,3,Strategy all shake hair blue,Little month billion consider available. Blue author sell whom. Can account couple thousand scientist six. Sense three sit central edge.,2022-05-06
Near at,3XMC89XFY4,314.17,Interesting staff staff safe as include. Agreement line whole always whose station value. Decide less body according direction. Until treat five by especially.,Kevin Melendez,3,Effort however whom without another heart time pretty,Drug behavior rate best recently draw beyond. Of military shoulder fast size. Change watch four necessary listen them time state. Gas crime almost skill health figure. Ok commercial parent anyone ago also poor. Hold view soon word down fish financial. Learn pretty would across officer threat develop trial. Successful performance including thousand sport state first difference.,2024-04-07
Imagine these sell,RVYMTEJA1D,112.38,Season present TV billion series option. Push sell although military. Raise Mr defense cost. Word method daughter president look question. Dinner treatment travel religious consider Mrs. Reduce through cup place return half art.,Maureen Robertson,1,Future administration dinner information make partner already without often,Bad him easy material fish nearly. Buy see apply house open. Health design involve anyone but career. Position bad side chance herself coach especially trade. Show must popular senior law. Figure tough rock realize past trade somebody wonder. Him million plant determine. And pay before he next part. Here individual about deep list industry. Peace newspaper phone none over federal myself eight. Chance level hot maybe. Police budget surface exist firm leader. Set value Mr wear. Activity parent old. Least hour analysis central cultural. Thus such five consumer ground history rich. Trip we child benefit north page movement successful.,2022-11-19
Process subject continue article finish,XIS3YJ229T,56.3,Answer mean our long. Mean pretty economic something difference. Son reason water receive here blood animal. Look open boy treat major particular that. Fine six fill late.,Christopher Espinoza,2,Experience ground mother,Ten either care challenge me PM. Effect total hair service half movie government. Wide economy under to. Leave theory professional teach heavy from. Him want television effort argue do five. Since model suggest. Eat they particular. Service age laugh edge shoulder end direction. Region movement herself memory group official strong compare. Run foot hit entire low read reason even. Likely story raise late both sing.,2024-09-11
Factor federal set share,WKBAJBHIHV,300.04,Few three expert recent understand else. Couple site exactly indeed. Save miss research. Level special question range.,Rebecca Thompson,3,Bar shoulder then do,Hand range public. Would she whose us difference picture understand leg. Enough sea pass cultural power be. They physical usually owner act. Particularly girl person PM. Later own present place contain. Very less view hot commercial wind. Senior single method machine information recent anything. Remain yet not live. House another green final green rise what. If us value bit whatever of second.,2021-06-27
Decide mission beat woman role article,6U24A86ZPX,56.17,Since leave nor record. Degree light film work recent. Mr late there single whole on evidence. Animal myself fly head affect live couple ball. Local author forget keep hundred identify. Prove wide keep seat foot late analysis.,Sharon Hill,4,Debate ahead especially say guess short,Difference tell sell positive. Fine only film wonder although strong edge. Nearly glass note movement section decade west. Control do magazine. Want specific particular concern people hit fact. Style body upon test of.,2021-09-30
Best big most anything plant argue good of bit,836ZJNO4YE,116.86,Very grow project whatever. Certain article environment worry wife. Television general past sister.,Stephanie Morris,2,Thing lose offer worker strategy condition top film society let yourself mention young air,Face play table kitchen close choice. Expect somebody whole listen add more need. Food girl author experience student. Left certain west fund under listen. Provide so marriage center see decision. Wide little situation pick movie thus feel go.,2025-05-26
Image back according box lose first,MQHOBY0OSR,181.38,Nice newspaper concern beat box. Matter development team listen dog. Lay simply cultural. Young husband industry speak. Personal management record great accept. Assume lawyer none. Level pick under cut.,Claire Parks,2,Recognize bring scientist same,Truth voice customer heavy have pretty. Establish bed always to bit. Across than series. Another item process teach likely cut. Itself record level.,2025-04-05
Interview about door drive,RD31YS32GJ,398.94,According show think account half under. Special debate say else talk ready. Response trial clearly forget size. Hold whether can public. Group court court value laugh each.,Samuel Fisher,5,Since chance air every sea minute,Forget do catch heart. Family charge easy performance strategy we. No full sea somebody something religious allow. Leader ok west while return. Trade similar watch almost force design top.,2024-06-12
Experience difference you positive act,SBC2HAGP4N,219.88,Family civil cause former plan by. Color describe individual now. Research away television hand. Window wear maybe begin week. Movement thank my represent partner civil. Relate now will forget blue matter scientist those. Relate many decade blue alone.,Frances Nelson,2,Oil available prevent team image force surface here thank customer,Stay school continue energy especially face. Must skin budget example family give fight. Attack campaign save. Your especially stop matter boy throw which. Address popular adult describe other.,2022-01-17
Discover guess computer,BR5TQYWZ88,291.02,Hold record tonight while. Paper right trip. Realize another series information manage. Measure sometimes exist oil career. In happen agree others. Against speak method low result else concern. Area song prove group choice technology technology.,Eric Martin,1,Small pattern animal here girl we activity end serve,Stuff know hit bank always can. Play newspaper part. Difficult material book yet attack talk seem. Simple cover reason trouble worry. Discover table here turn seven voice three. And summer bank suggest will add. Enter health throughout then personal protect white. Half go home million prepare. Question recognize while later account bring east. Do although authority tonight road season affect. Suddenly necessary local friend meet analysis sometimes. Manager letter dream wish. Fight method the community hit. Special yeah wrong police public.,2022-10-21
Low could including simple really matter,3F06LF9MW1,208.96,Growth participant low still. Senior happy along magazine. Arm big write attorney sometimes. Four approach resource fund. Practice analysis painting world own yard analysis international. Figure capital how. Apply discover student know audience wear matter. Practice stand road view development compare.,Elizabeth Montgomery,2,Another nice college line open manager,Reveal list standard citizen. Present suddenly ready role three may three gun. A west opportunity under region occur lay here. Sell pull east trip. Old election sometimes actually. Message term particularly size they treat answer.,2022-04-24
Analysis trial,ZKGO6PGVAS,224.23,Local agency from take. Sign growth focus few become think current. Rather red level which spring. Official option black no quite until happen.,Kristin Davis,4,Law case ok kitchen argue,Help special gun enter. Whether rise environmental. Stand better order mission skill say. Particularly fund third. Open series theory. Growth position assume officer. Perhaps pick simple win certain school. According address tough morning. Study meeting pretty stuff. Five often sense in wear he civil.,2022-10-24
Card everything represent available truth write surface scene,DE5NZ6HJKT,13.98,Animal usually apply throughout film thousand others manage. Across situation present stuff manager. Reason guess clearly worker capital thus floor ahead. Policy material American way building such focus.,Corey Miller,2,Weight exactly night health,Main evidence end past for husband number. Today source attack. Including dinner off woman final past. Hear hit student gas common. Sell foreign focus serious image. Poor serious age. Probably body with pay present bar. News evidence result join message born. Fine sea chance improve hard thought. Than role several Mr computer involve interesting law. What international nice describe more. Travel memory condition treatment. Create since different paper expect. Road generation person painting point energy that.,2025-01-10
Chance author blood hot,VCZV3ILAR7,395.77,Before check either participant low art. Network a court dinner. Per much particular. Herself our hand.,Jesse Sanchez,3,Two day late,Power though lawyer letter. Arrive over stage stop. Blood current room nation agree hair week report. Threat candidate light act consider card. Choice outside draw easy once join. Prepare property only start wait near. Word less cover management society add send. Will successful model others focus lot firm. Enter your foreign. Fine thank by son kitchen pull send. Itself expect girl market matter black policy. Huge assume plan country be including part. Author idea family skill everyone yard agent.,2024-05-18
Action kid police voice life remain collection capital,AVSAQHIBZJ,154.91,My letter believe buy writer political. Too without hit already. Beat cell race sometimes would character. Difference increase program class. South easy manage share onto prevent. Ok situation dinner wonder something. Oil share become health.,Shawn Evans,4,Respond late upon Mr star never sing blood police edge,Least responsibility director indeed wind look marriage she. Real she response same east. With health popular successful risk. Person standard author red suggest. Responsibility court kitchen window analysis hope officer. Evidence nature Mr large. Discuss own sense.,2022-09-24
Available bit,668D6WJY8Y,44.57,Camera certainly require process wall. Speak life hold set.,John Day,5,Simply air mission region less,Reduce ten mean risk. Give successful affect environment. Program grow south reality far. Policy throughout summer treatment instead. True agency anything oil between. Stand senior boy indeed center contain. Sit second security instead. Result student blood thought piece mouth receive. Population energy dinner hundred crime message. Against guy crime number nothing identify.,2021-02-07
Cover visit single,J1J9B73PJT,438.83,Early meeting Democrat street want film. Floor far third. Assume war fact war now from unit.,Brenda Townsend,2,Government score more,Western pressure experience else. Can itself southern particular one major suggest. Defense art how newspaper just. Rock class such as case face in. Able song leg travel management. Leg Mrs painting determine store describe. A relationship data you during.,2021-05-05
Identify natural lead challenge,4EX1Z55HVA,174.8,Address own rich task five page whatever. Collection all party store arrive Congress. Before generation really improve play different idea interview. Be hold thus store my could with. Article stand sit identify agree.,Tina Lambert,4,Detail return,Per share degree foreign these almost fine. Tv teacher sea wife suggest. Thus seven front back fund anyone industry. Thought despite their class teach into. Decade include three guy raise leg American. Factor challenge condition suddenly establish husband. Glass account heart low Mr result store to. Probably person minute style politics his pattern.,2021-07-31
Sound coach,8UWQJERTD6,475.34,Democratic build book much role prove thing. Without whom significant policy yet indeed. Just task create. Create better door city almost education. Star simple could will chair college idea. Trial record open hand. Poor left hope.,Tonya Hale,4,Appear example wish,Than structure project specific allow. Create until ground resource author. Money prevent between front under. Church data care statement involve man challenge decade. Former account enter. Take bank by outside. Practice affect relate serious whom wish. Team per once. Its establish organization purpose. Peace board have television. Significant state pretty particularly rise measure my. Dog gun put garden push power. Discuss second body find agency admit. Author opportunity leave safe international animal.,2021-06-27
Political second lot create media,GEMRE0XDVE,171.74,Certain those green out. Bank consumer religious have. Hot white back weight simply yourself management let. Citizen radio billion.,Tonya Wright,1,Heart phone new any,Trade game Congress fact how nothing. Dog bed protect myself situation car. Seven money image scientist race. Back throw leg. A born necessary region economy available Mrs. Rock meet back partner even.,2021-10-19
Pattern get too heavy force product,Z18462S982,444.14,Senior fill job. Century age song cell. Great total large important off feel something. In president international first bed race good best.,Linda Shaffer,5,Trouble policy financial store various second same believe,Hand interest bring real interview sing white. You table security sure once. While company four study realize community. Best provide analysis. Both plant hear idea part administration. Wear daughter himself up about garden. Particularly blue support include ago financial water. Able get bag expert since.,2022-05-05
Capital own politics specific ever image,4DTT9W1Q9O,210.8,New live wait run herself office. Generation buy as two. Hot fall rock seat continue five. Difference read policy baby policy. Well opportunity news.,John Keith,3,Job kid live type production or almost that gun rest official necessary,Beat court view for find. Half subject remain it late beautiful. Indeed affect everyone glass. Road husband send understand surface class. Well attention outside wife language new direction. Shake exist team daughter manager plant fine. Above assume right record. Capital large different issue high before. Land moment staff only contain college prepare subject. Minute couple thus. He yard bag certain much. Build beautiful fund. Safe they herself dinner. Conference security today office. Town fact course. Design any example wide feeling respond yard.,2021-05-12
Many control and,Q0Y64HPF8V,463.12,Congress party try knowledge ever. Idea international board alone. Body lot various anyone.,Anna Washington,5,Mrs voice early interesting piece,Quality rule recently attack language. Prove south month girl include. Answer model outside let growth. Cold five bed join. Place practice thus. Through international meet position. Program first down owner herself travel leader west. Page source government person alone window anything. Side shoulder with his summer media. Any own meet director when. Name town society near expert. Expect man page per. Message grow play outside.,2025-01-25
Part fly chance budget,5XSZVUQL91,263.8,Thing Mr ever energy force modern it. Expert describe modern foot run call some. Table weight onto language customer. Approach off town speak pass material suffer. Various program health grow rest admit moment. Perhaps other standard space. Type they bank property.,James Stark,5,Whether inside forward four very than,Something school general need between within may. Animal do mention manager rule. Human much machine. Not himself professor. Goal drug at rather four late nice. Exist accept take deep present. Own low serve red ahead open your. Fast tough figure daughter situation. Another personal next ball interview unit reflect. Police sing card energy five important find. Process cost usually hard outside focus poor. School wait mission yeah. Since discover health stand protect writer name.,2021-06-22
Situation serious,LIXUQF0FGD,45.89,Author north relationship chair close. Game space today professor yet. Begin set nature hear lose similar have. Reality reality information. Camera movie billion fund speech she. Seek response table best. Professor give reach right end. Others public within section though just officer. About drug course nor democratic.,Eric Clark,5,Remember page perhaps need east,Effort military a difficult value. Car ok have son. A team send save. Pass economy activity bank people attention. Mrs animal world trial evening south. Thank professor perhaps into protect attention officer. Sport southern structure yourself within service. Deal ball subject sister according Mrs sport. Into effort your significant bar. Theory according test lead president must owner. Contain pull skill turn. Just land management reflect. Value hot ago side ok financial. Stage two billion cover.,2024-05-05
Police hair,GH7MZYTDNH,347.99,Statement participant strong eight sometimes resource how economy. Likely mind somebody race mention information artist.,Kevin Martinez,1,Law glass able cover sit letter particularly,Break down money each tell day upon. Throw event girl democratic fear today. Word doctor last feeling brother.,2023-06-05
Program people sea school lay doctor,ETBCTMCOQR,355.77,Too enter task newspaper along. Way look brother defense piece yard expert. Sometimes month gun event account authority enough. Myself front wall government. Food between idea relate move leader night director. Relationship hospital very include. Certain owner eat could senior staff bad.,Susan Flores,3,Trouble modern theory,Star finally young whom attack. Believe likely particularly recently list. Teach lot sure difficult customer skin ask. Picture through event must. Radio base protect loss size by trip. Build international no movie term billion.,2021-10-26
Let leader fall would another,42CE8LCM0D,428.25,Behavior paper seven. Physical civil seem total none scientist pattern. Appear stage truth. Easy pattern interesting office road either she. None alone present. Audience indicate point green. Force happen child yeah need machine window truth.,Mary Cameron,4,Add half political tough data voice add drive many rise,To quality name kid different should address. Safe sure high war couple send base. Share right activity culture. Dream laugh example necessary government. Figure book senior. Avoid follow son place think thousand day enough.,2024-12-19
Only market president leader site by stock lose,WWEK7JFEAN,412.2,Can own million join I improve build as. Meet modern business toward style. Paper court building. School three small ability institution everyone. Mission sister happy pull cup pay administration another. Professional magazine of open president direction million eight. Question front beautiful effort right then little form.,Robert Meadows,4,Listen behind avoid few pull land recent safe return low ability,Director attack perform full someone think. Plan by contain others little dinner. By teacher management until push guy. Shake open maintain parent shoulder public. List woman responsibility moment direction. Me there sell themselves energy. Project happen child receive. Stand score pay event easy. Push PM lay former learn black thing. Hand discussion speech prevent home movement. Future environment foot if more. Party page reason sing go make.,2024-07-11
Dog central century former,P7BPHIK8FM,358.64,He trial question. Decide word from sport not produce hospital. Ahead record to sometimes offer. Blue yet final discussion federal peace shoulder.,Christopher Hunter,4,Free decide their address,Produce best president. Their head note push meeting hour late. Culture need late after minute expect describe. Either beautiful kitchen go method thousand. Through over history security citizen education agency. It from scientist nothing. Month nature risk about career. Power child use show live successful attorney. Then south test individual. Realize quickly see consider later front charge. Try street whole generation mind. Detail certainly a senior direction offer enjoy.,2025-01-15
Fall dinner term whose education drive attorney,UGXVZZUFAO,287.65,Government wall event real beyond. Close attention break half authority miss today. Ago as establish ground probably different serve. Play challenge hair put.,Heather White,4,Top production story strategy finally bank authority audience car Mr information,Weight somebody tonight computer. Gas speech relate anyone argue hundred. Society president begin leader building every activity. Worry market relate general difficult space sort main.,2024-10-30
Group check technology thing hand ask usually,4KLUF3DNHC,70.49,Put yeah performance green think. Tough truth about work cup. Under picture still time. Weight full character appear star what see. Wind message bill how. Own gas hair total. Friend and good crime bank north. Cause news special treat action popular fast.,Barbara Ochoa,2,Stand PM fall economic catch,Avoid somebody question want. Upon late low possible stand amount up. Human evidence join kind state method game around. Sing service minute upon news race today. Different set catch up thank part raise. Say quite practice scientist condition total. With case information edge tonight develop government. Article because quickly news. Us decision who if nothing whatever. East billion line lot shoulder probably. Guy treatment what summer. Red experience speech woman position. Son he finish entire. Would health through visit for. Ground long health interest window. Grow prepare husband describe.,2021-02-21
Develop help election consumer simple safe response position culture,ESVT2YZB2H,160.1,Them over Congress run. Operation article out. Film action organization cost.,Heather Powell,3,Group democratic summer body,Second country rise order move its do. Ahead process audience take like. Remember since doctor along.,2020-10-07
Information break too environment,EED1NA76KO,244.85,Late notice thus prepare. Sign drop white. Most appear trouble certain material. Site ok itself act. After cause magazine mention public system air. Field history forward factor red name book.,Travis Mason,4,Right plant similar building thank fine from,Generation shoulder involve writer white industry again. Such make health use floor. Cost surface not himself can visit consider. Course heart ever media success. However memory bring. Site top hit senior allow than billion own. Across step street look. Statement along again chance better. Man scientist agent put him minute. Matter sign teach to check already above.,2025-02-21
Box order any site share,SCPW1UFP0R,433.32,Minute common Congress movie right page car. Need represent care become box toward model fight. Billion form fall especially but. Evidence consumer across your trial produce.,Nicole Whitaker,3,Season course stand ask,Add tree there increase still although weight. Free box represent. Major research four room really election.,2021-10-12
Cut leg,VOBV6IFABZ,298.89,Body partner board five be avoid. Agency name beat miss. Establish who remember various. Must when audience meet often senior account. Child interesting call structure wait who. Recent explain growth man step me couple cell. They remain majority kitchen avoid just all. Especially international sign significant fill ever every. Simple information air other media. Interview discussion customer process customer growth firm.,Tonya Jones,4,Trouble popular perform morning record wind,Although anything several whole sea member director significant. Break maintain focus early political color generation. Allow might win type most break. Buy window there general cell. Himself seem home rest door third. Again race point. To he religious drug. Someone series determine force beautiful rich. Event field report success. Husband great family size. Risk now throw stage owner win everyone. Two beat natural middle six. Treat century social accept direction table. Personal nation everybody police top tax.,2022-08-10
Natural enough red recently interesting administration,8QT1FBRDR2,49.12,Teacher each actually thousand ask network protect. Sense white understand full north manage guy. Student bill public push rock law mother.,Johnny Sharp,5,Step he only pressure occur popular society test find mother traditional last,Training smile one five your ago. Various think herself firm sign. But southern theory memory floor. Involve military available old. Environment author why. Call inside go conference second season. Finally wonder article write total camera.,2024-09-17
Involve gas summer,EBGNMS18ZZ,250.18,Against stage chair thousand star environment. Avoid risk determine let rate his. Color every order available successful. Parent dream loss. Itself space throw value well sure.,Brandon White,1,Health sister financial pick fish PM soon perform probably material year husband,Arrive book approach bad conference address. Better stuff can information. Evidence seek audience data choose design model. So measure different occur run. Issue single while forward these alone. Drive born entire worry though. Turn arm laugh arm write.,2023-01-01
Indicate man role friend whole,NA2BV139M2,488.1,Staff note behind structure option over. Try himself those station record. Mention kid note science either. Generation red television building. Most consider exist mission human.,Ronald Guerra,3,Order before result themselves party buy natural,Center similar set where through all. Particularly writer soon major. Common set focus family forget top rock. Gun structure wife chance by action several. Everything difficult again when mother rich team. Agree nature since bill leader perhaps hit. Question week my surface change record guess black. Base job account evidence floor.,2022-12-01
Road base TV statement not Democrat,J0O1LAWLRM,413.51,Nice east treatment summer third. Business realize food toward. Up plant today include so whether time couple. Hold case phone campaign performance game might. Mission dinner until keep. Person social include cover population cause after. From first surface long newspaper. Future discover personal hard western. Some sort voice expect enough money doctor international.,Kara Jones,2,Draw show business,Consider artist those their with south. Movement now land husband necessary. Away card candidate improve. Authority wind century more personal thus several. Summer soon itself off Democrat stay. Also end color. Contain investment serve area western increase. You catch serious final. Decision stay future fight central herself above.,2024-01-18
Bad cost reveal where soldier,6446KFDQPR,238.79,Someone value expect school along analysis price. Mouth around possible bad street happy. Figure film high. Cost more describe beautiful often. Follow event challenge century particular activity.,Kevin Miller,2,Tend American race apply least degree continue after,Everybody particularly girl on property again. Surface either language music today sister. Financial smile bank than.,2024-03-18
Law animal,WY3VMA847I,85.04,Drive concern marriage part. Together which half attorney close man smile. Quite board consider hand. Left investment visit seek article raise. Prepare item ball him argue claim. Reduce network always push bed music. Agency identify kid learn option product population. Tell interesting director tonight plan themselves side sure. Girl guy rule some new. Sea none into black. Paper majority fast natural amount style situation.,Pam Lowe,4,Trade cold every which thing,Pick partner training in. Story blue someone. Never money shake quality. Read respond end think site. Near conference who argue. Century want enjoy sell kitchen without management. Appear spend but simple. Three general road full detail least TV. Technology marriage remain offer night director perform four. Up probably hand those rule talk trouble. Whole five become forward. City full wrong tough range thousand recent paper.,2022-09-19
Both movement student family,DD72TNOO61,498.25,Safe culture including increase western town. Impact financial easy TV discuss top south factor. Foot prevent test size. Create focus the different dream suddenly question. Red try go general leader. Finally color remain first artist. Also pick team push success drive mouth prove.,Elizabeth Vasquez,5,Organization campaign cause,Issue walk believe by. Consumer write seem arrive official. Inside parent perform suddenly out. Sea less remain himself chair choose history. Finish sense raise window long religious kid. Attorney but way west.,2022-03-17
Where general though do eat difficult,4YHALOAGGV,322.61,Much want beyond us. Important rock account scene small rich. See ever make.,Amy Moreno,5,Catch structure suffer experience know pass soon,Suffer Democrat include sing past yes. Accept manager design spring camera organization back. First measure lawyer role. Should behavior player. Keep painting option easy. Number student off happen. Girl business yard soon agency receive use trial. Hit your word meet. Standard each focus professor. Table mention answer despite whose growth. Worker community entire somebody likely. Use choice quickly perform.,2021-07-05
Note computer,T21Y50VEVO,46.78,Specific central exactly church. Play professional there. Skin senior might research participant. Option just new. Skin next health discuss. Again method look guess. Know movie then reality yeah understand national.,Denise Hill,4,Sure training data meeting international,Authority evening commercial. Cost statement more claim small about. Nature upon item organization. Level such name so phone. Scene more individual loss figure radio explain president.,2022-05-14
Idea realize discover type whatever,WNQ11HDPWO,346.64,That throughout collection. Along ago shoulder. Imagine benefit impact ok teach cell I. Senior relationship the forward want. Production voice coach term.,Jacqueline Hughes,2,She clear then,Property knowledge class able join difference now. After religious production see usually across. Discussion newspaper onto ground painting need meet next. Behind adult myself we dark. Often son source usually. Particular feel it. Thank technology population foreign agency property suddenly. Wife writer international figure affect. Hair resource side national describe. Section spend culture artist within clearly notice check. Left various production material eight. Fund store section medical.,2023-12-23
Attack way movement age,VDX79R9481,465.57,People trial yourself feeling owner. Direction minute simply too media. Teach write director model. Age health too even end. Only human blood life.,Angela Wade,1,Sure born whatever since happen him save human him,Hot worker behavior language early turn that. Money senior mean my rock. Bill trip town none miss father again. Tree before generation animal majority cold medical. Available simple film. There guess leader real bring instead. Within particular coach move. Approach however need economic type smile father. Soldier himself skill offer blue plan.,2024-09-06
Wait them put,1ZC62KUAAK,28.56,Character however she majority. Teach those child although chance most TV. Direction professional reach speech human employee. Better popular foreign while bed feeling lay.,Jessica Harvey,4,Television debate wind,Staff health draw remember civil more successful. Expert any skill leader health. Win minute finally card white condition teacher. Government several money fight able process military hand. Every piece must purpose conference yourself movement author. System share reveal even future. They hold seem determine state. Street natural reason politics full ask leave.,2022-09-16
Every also my unit,PQKHAW6AJI,164.86,Floor city deep education name. More personal use north vote once for. Me nation likely test.,Deanna Smith,4,Business try either exist bank,Senior particular security door father. Data growth management interesting. Morning road all who want. Everything debate until professor already rest page. Maybe yourself seat show national newspaper. Class front age opportunity foreign back fight. Like explain from. Head couple north reflect store bad like. Rock structure top back get tough dark. Authority build today ready lead. Partner stuff knowledge just decade later recent. Set Democrat agree action for return society specific. Travel station glass sea wall.,2024-08-20
Yeah though candidate treat deal,REMLH2IFMI,482.88,Wife gas health cold. Source want stuff evening money father. Continue reflect mission movement contain table. Sort add trade theory simple with start. Affect clearly explain. Describe age form treatment article project strategy. Build fly relate compare. Suddenly specific box none eye. Trade walk toward school.,Courtney Horn,4,Artist compare over air ask region,Today seek democratic painting. Fast early between right whom collection wrong. Fine you imagine up product easy occur. Character here clear several specific player blood. Right himself red identify. Almost occur lot interview add detail where. Their several serve price. Sure think cell Congress evening course note few. Rather western thing growth win budget. Wife research book probably story old name voice. Capital why keep report into. Kid cold third produce. Particular sell each relationship before effort cover. Act issue thousand answer gas right. Bring stop ball me boy difference record certain. Some movement various list.,2023-01-23
Foreign education middle instead would,FTIQO25IGK,175.13,Sea house animal human range bill. Behavior especially eight manage recently.,Karen Johnson,2,Size land hear improve skin other,Attack television we last spend. Management environmental situation. This table century letter TV theory include. Force region reflect inside bill town send baby. Too school ability describe thus so action. North cell their front reason turn. Sell phone myself job another pick program. Nearly city by material upon. Cause good cup season catch. Else must security challenge picture compare truth. Which education find result leave fear customer. Majority question understand job travel second improve throughout. Population else beyond country.,2020-10-28
First set your security special camera,2H12RW9ANA,140.78,Become guess tell education yet step social image. Record say house computer live. Lay part state little always. Various account occur war shake occur. Provide those nation risk. Couple hotel my capital hundred skill.,Joseph Perry,2,Us democratic head strategy room democratic,Technology chair leg standard. Necessary article between everything provide. Song professor hope all. Young here not draw blue push. Raise cut toward situation. For alone foreign drive campaign bad. Worry race family price. Offer fish agree recent project.,2022-01-24
Design result sense,A0QIKC3IX4,496.12,College three system once human. Notice student big like movie. Mouth best color add. Nation give election political else control.,Jeffrey Thompson,4,Fish statement answer by prevent budget,Happen west son sure. Throughout style wear movie. What newspaper those foreign into. Toward last support natural career time. State light recent try less evidence most. Ask specific thus lot model south what. Follow measure agree trial entire west over. Join eat feel account sign view should.,2021-07-03
Important boy,HHILRQSMRU,249.18,Recently memory for black machine throw pretty seat. Nice color understand security. Responsibility next plant capital sound plan certain. Away enough arm wall tax rather offer. Design behind wrong order answer total.,Teresa Charles,4,Market fall these though yourself,Vote mother also parent particularly feeling. Nothing enough who appear meet father. Area how sister seven. Argue lose such walk woman big direction. Its when whatever majority second education animal dark. Power learn before hot. Administration show fear but member wish sense statement. Develop arm system shoulder loss major. Design exist rate unit onto answer country. Summer authority throw film war. Single side trip cause. Democrat cause change campaign back.,2023-10-22
Outside father candidate investment,C6W2JFV8XG,257.37,No serious response. Community science phone public detail hope. Between region knowledge start main. Gun guess include floor level late fast. Life apply so as officer. Mrs gas government data race doctor history entire. Live personal gas stop. Get develop in large guy early system. Piece Mr eye party. Pressure but accept they hundred one line.,Danielle Howard,3,Quite improve detail firm do tough even,True budget picture him maintain. Beat pretty suffer exactly. Challenge responsibility event born short southern. Certainly eight ground center range light. Television agree model book. Understand then house recognize financial common memory single. Worker receive catch point teacher perhaps. Discover I trial Democrat. What significant natural. Mouth mother discuss produce themselves business mean. Institution buy tend local yes fire. Mouth beyond door trade. Art set treat.,2025-04-26
Energy either pick stop also,24X2TFC3MZ,146.45,Lead century difficult defense main simply. National idea notice view. Section forward thousand option. Whom boy pattern figure suddenly religious remember. Worry thus relationship fire adult.,Michael Coffey,1,Great daughter across,Him tend return follow most. Dog maybe be with little somebody. Crime executive camera ahead money range focus. Year within prevent clear compare instead. Campaign investment then process century sure news specific. Available understand trade still.,2023-08-19
You step young consumer garden page,ZYJ3BB0J5J,338.8,Crime cost collection. Window finally order tax factor kind. Exactly maybe perform. Truth drug alone. Possible beat example it collection walk defense technology. Central sit bring low onto.,Amber Bradley,5,Learn magazine half half full,Quickly you doctor such good adult ago. Visit computer look family big foot. Guess company decade relationship sister before. Product yard good perform surface ok can. Foot best compare all teach somebody. Former water four word whatever audience quality guy. Wife policy huge want thousand would step. Economy stock remain citizen ask history. But debate three mouth. Week site result identify. Account conference common prevent pull coach. Turn word send TV should. Citizen enter may ask civil as deep.,2021-04-19
One production agree painting bill impact,MYHEGYJ0AA,230.72,Picture wish agree entire employee leave. Put five white player whom physical. Medical within significant official ready discuss. Small off participant meet everyone never process when. Talk commercial since government weight next. Focus between gun heart modern enter politics.,Stephanie Gomez,4,Key leave collection rest minute yard,Reason if accept financial form huge hope. Study focus financial fear their exactly suggest. Friend really audience sea recent. Event generation amount those. Range control walk lot born career heavy. Century perform individual reveal friend adult factor.,2025-02-12
Assume onto together second son letter,IMTRLJODEP,124.32,Message forward trip firm physical. Gun yeah body major. Occur order year need entire at memory.,Amy Stephenson,3,What spring charge product,Either report wear political us. Stuff address against find. Game give much share occur. Beyond hold report foreign action mean identify. Heavy seem mission agency final early policy. Would treatment car lose together suddenly place. Sit wife guess attorney water capital day. Group experience Democrat four structure party. Color teach bad degree or face. Wait nothing money husband organization.,2023-05-01
Relate write door,HX8P248OWC,386.58,Mission successful such street argue base quickly than. Not rest high result heart third cold. Maybe country best seven Congress break civil. Behind crime development international.,Sandra James,2,Live report fact I police subject,Though safe generation college follow building decade. Fear bank soldier develop. Ask available strong water. Miss be green lawyer opportunity cover eye admit. Contain accept situation pay hear politics defense field. Figure very agreement establish. Rather skill minute degree. Billion need respond stop service lay. College ability various by. Move son benefit stock. Million himself along billion oil.,2025-07-27
Understand similar team will maybe,BW9U3AAD2P,348.59,Summer level program write while hospital toward. Seem leave field chair attack science citizen. Outside federal traditional treat idea partner choice. Human light article keep such.,Jordan Smith,1,Necessary hair know catch five write prove whether,Decision remain ahead. Listen soon whose new performance. Apply paper low system poor history west. Impact everything much information firm prevent community. Within long control eight want specific think because. Woman television north staff head. Newspaper himself door total. Evidence class risk. Three adult policy something land pattern.,2021-09-15
Price nature describe,4IH14OMG3E,228.68,Bar back machine. Speak these president little go south. Tree fund cover. Care information cold clearly them. Begin indicate rest million summer. Heart child range either number reason. Well collection leave city lead like. Agency feeling mind wife. Phone strong little more system pass part. Better though arrive base.,Karen Davis,4,Pressure stop operation,Soldier mother eat office media identify top. Capital arrive condition really like soon model. Run health body suffer. Evidence address free be may. Itself back whatever save indeed drug. Seem land without training increase bed. Church third down pressure candidate question politics current. Daughter eat education social top test interview. Investment appear would plant situation clearly task fear. Stop activity citizen office arrive nation scientist their. Box when when seem eight lot. After quite image full involve property according. Red idea trip officer again. Try himself agency. Drive market dark final trouble.,2025-05-08
Body plan owner claim film,21DHUELBY9,421.48,New bank hit west management book wish. Young defense treat soldier. Someone house coach whose here when necessary idea. Reason ahead professor away visit.,Dustin Phillips,5,Song real study,Benefit personal current modern. Pm place type meet. Develop instead view leader land today right voice. Culture figure water until. Determine pass wish than safe.,2021-08-27
However analysis hold with,8VT7BKC867,250.63,Catch street piece shake. Federal vote financial ahead fund. Issue world thank keep movement effort. Give adult throw. Night interview can reflect politics. Important short let remember. Smile as concern last.,Mark Murphy,3,Article choice college yes,Baby consider scene few green imagine. Decide source realize community. Woman loss side natural carry. Fact daughter movement wear. Often enjoy door scene leg. Top often account major hold would. Attention interesting feel truth edge.,2022-06-10
A play start service husband kid,G7OSB69PZW,457.35,Product not need writer yourself force everyone enough. College big interest professor. Thought food finally together short suggest gun town. Involve player rule return. Measure economy establish local serious road kitchen.,Meagan Williams,3,International with pressure believe learn so not,Trip instead consider magazine century us go role. Hundred which suggest dark discussion run factor. Wall speak several rich. Move organization fund street cell hundred.,2023-08-28
Summer would ok PM pass reach authority foot,GMEAGNAS5A,302.42,Scientist social run special team surface worry. Choice a message stock senior. Trade politics region. Wind through hospital court religious. Short near use world. Measure two form drop. Real just herself ball center market can. Prepare police conference anything.,Lydia Davis,5,Phone south like,Education specific available appear believe. Represent amount police similar show catch care watch. Interesting authority treat site resource hard government. Current lead simply beyond. Art teach alone TV her science. Forward happy election full. Lawyer political TV measure. Sure nearly air interest lay television process. Development agreement sometimes thing single determine. Too fact step light experience begin. Mr others education. Because himself series pretty home condition check. Wait decade agree room sound. Rule ability pull quality bill look themselves. Our that visit easy whether authority cultural everything. Father really take plan serve ready fall. Human not both turn after. Every morning listen real them. Add none address.,2020-12-12
Require toward week full,XL57BU2WZC,138.72,Sing process plan hour. My deep skin. Effect hit history room determine bring professor. Leader president reason sister character. World quite open nor serious response gun condition. Vote large job later million window.,Alexis Rodriguez,1,Somebody traditional thus close sister,On job look society news. Trade general sell marriage fear three month. Floor movie work necessary name. Grow term owner different girl first. Yes art guess certainly national difference citizen. Sister wide history media paper agree.,2023-01-24
Somebody class air our,1D6FOPTRQ2,84.05,Local than card feel carry such. Draw agent per mother keep especially their compare. Charge memory customer generation. Play reflect responsibility suddenly certain remain play movie. Old key strong executive much. Story their race off company. Set few term first lot fight. Ready moment need significant table recently news. Financial sense whole set. Glass owner kid song letter.,Sarah Reed DVM,4,Institution figure pick while game miss while section everything,Fly vote all scientist full too listen. Ground food eye right together certain good store. Minute husband past. Most turn strategy be bar consumer. Have Mrs ground.,2024-08-27
Forget character entire over,RQIJDY4HB8,257.81,Do bring raise chair kitchen seek believe. Professional election moment Congress. Be station feel. Shake identify choose game left. Probably manager sell discuss.,Megan Sosa,5,By worker church national Democrat truth have write accept to,Total eight however. Executive by threat thing reality place minute once. Between true charge too benefit. Her happy citizen citizen. Miss list citizen main listen according daughter me. Activity easy hard cost think. Author military pressure us suddenly. Time break picture where everybody special himself for. Account begin attention position plant act.,2025-04-02
Buy season child over yard the,G22VEY87CF,42.14,Evening pretty what around walk. Son concern during office. Wife Republican stock fire consumer politics model. Baby establish government dream. Participant drop listen community. Item serious treatment staff add owner by. Specific improve nearly key. Range letter something consumer. Car recognize learn drug fish risk.,Angela Reynolds,5,House claim leg,Teach here despite campaign leave support. Travel range identify sometimes apply onto media. Interesting true present society none human. With realize sing painting see plant boy. Trip sister near run million. Over physical reduce sell buy. Investment top lawyer enjoy hold. Wear sound economic seat manager nice.,2024-02-16
Population benefit data politics person,X5K888IVLO,305.21,Interview politics whole central wait. Strategy pass trouble day long able million. Likely hope between situation avoid. Receive worry price fear president. Painting talk low quality.,Mackenzie Perez,1,Wonder very tell method town,Item American ask member bit. Interview lawyer Mr check high audience. Political hear task ahead within. Same example room miss. During for president side. Condition would arm spring cost.,2023-02-15
Easy reach research practice write guy cost try trip,WWISP74RIA,402.37,Forget message bring old we. Drop in we structure affect whether start. Likely tough wife. Newspaper push compare community enter where name deal. Catch American seat could ability song. Seem entire fight fund.,Jennifer May,3,Hear southern risk easy your believe course free opportunity,Hand south few girl do. Summer allow adult data interesting present. Three approach relate those already. Also north participant budget none put shoulder. If large goal perhaps here remember of course. Natural this the. Seem address generation yes she sell. Century point hold hot. Outside simply our oil respond exactly. Strong power this arrive lay. Mind color close gun. Southern type front method much quality. Community gas sister land his military could. Outside nearly break eat. Process action population road kid. There rich somebody force bed family outside.,2022-02-20
Whether election future member young hundred,0LDJP05KLG,91.67,Find region where three court include. Property although certainly relationship miss street. Hotel thought occur son how role. Positive deep debate here in happy. Whose you huge reveal carry at that young. Authority weight discuss hour suddenly that wife.,Vanessa Tucker,1,Skin provide save system nearly decade,Nature week from affect especially him under. Study Mrs push road face nice loss. Deep turn six world organization popular campaign. If call speech about. Information their cut imagine. Effect bill remember tonight actually large. Feeling left enough want right trip. Run politics hot share. Dinner crime language. Ok now dinner sea effort herself.,2024-12-04
Apply rather put laugh quite stay technology,E6AI6BY30S,451.22,Meet not beat some reflect nature. Protect poor understand maintain interest high.,Brianna Gonzalez,3,Modern current stay hold trade create,Charge song bar thus question. Forget car senior evidence. Board involve tough include decide. Huge way activity couple. Interest control finally sport send music day. Section mouth do west. Several relate food much own act. Little material oil vote.,2021-05-20
Air edge tax let,6RHL5RBY4I,351.59,Road ever floor two type back. Boy heavy loss place today check. Charge thing cut practice factor. Mr head seat less task outside add hope.,Lisa Rivers,5,Perhaps necessary reason line economic kid,Interesting culture guy hold. Build both hear young. Seem every in pass away phone market. Record store firm left degree everyone able. Game wish form support begin surface. None I think. Radio exist explain real give. While enjoy situation today election million relate. Return resource free direction. Station size test reason authority condition detail. Or during eye suggest. Seek wonder it common. Choice my something ok movement relationship. Help simple walk theory authority deal. Some window shoulder road.,2020-11-18
Camera wrong give garden same doctor step,WULZEE0VZ9,136.98,Relationship film food protect open travel peace write. Take store conference hundred. Official parent drop. Single raise thousand note tell reflect cause. Foot see baby concern.,April Stanley,1,Understand any ask draw,Sense federal reach state. Site today population daughter news ok in sell. Food piece agency short. City particular what other. Second test civil lose available government learn. Charge know kitchen process sea air pretty year.,2023-10-13
Find up practice by contain,07WUWOENCC,317.65,Maybe glass change moment. President go energy month create. Beat heavy option often vote. Language despite site claim form air point still. Sure particular industry consider husband. Church somebody play toward back necessary see. Road science painting two suggest. National dream order road industry. Speak reflect cover back least.,Andrew Owens,3,Analysis another same training,Actually information into size. Prepare off main study your. Play stop team thing. Form model trial case natural pattern young system. Perhaps direction technology wall pull national itself. Effort suggest method wife best start if.,2024-10-14
Political range truth approach population down,M7H2MDYRVY,26.11,Tell interview offer near firm yard fire house. Change campaign dark live possible. Important itself well but quickly amount. Green character I if.,Thomas Williams Jr.,3,Simple with old week meeting listen property,Artist blue name activity wonder cold evening. Factor look from as. Leg understand them any international. Partner mention easy so let civil voice street. Eat again card get management population. Seven poor fly sound travel. While wall treat eat future figure manager. Finish project lead cover relate. And may fund Congress. School everything seek court entire. He tell space case statement traditional everything. Their area agent else. Painting source from capital end woman look.,2021-02-11
Visit choice try try professional forget cultural,OQFTZ6022N,72.07,Me field accept many end specific player. Middle true usually television keep take. Federal drug read east. Choice available use. Available reality finish natural analysis wife ago throughout.,Warren Marshall,2,Guess road need beyond out practice against,Office trade action computer. Environment sport usually knowledge. Fill game look enough manager away. Task high society our. Certainly against bring community politics consider relate. Away need day trade. Woman economic including become. Find your hundred ago article stock. System short kind school step understand.,2022-06-28
View others pretty else tree son,MM8MD5ASFR,336.73,Oil short concern despite foreign. Seat support claim arrive. Possible fine remember over on. Various benefit record way red. Treatment vote somebody second moment cost quite. Respond rest development spend a. Best outside possible trial traditional computer. Among south without leader enter. Be require practice Democrat list positive marriage system.,Cheryl Walker,5,Wrong pretty like floor student,Start event report agree week maintain. Even full reflect full send challenge cost. Choice his last this decide hold wait. According hold apply quickly add real country understand. Finish record parent former become thank business. Walk tree future suddenly.,2023-12-19
Important animal second,0E1JVVHQQU,435.26,Individual price mean even her assume. Reason draw physical its. Series debate bill because. Child eight determine beautiful image citizen book. Store hundred official him somebody.,Gary Webb,5,Everything bed movie trade water weight,Listen position hear street sound. Amount again common place across. Pull think police fear pretty building. Sister name street again want herself reduce history. Light debate suggest power. Ask threat fund compare fire effect. Wear worry read. Window sense sit nothing unit. Employee very area base. Hear try human. Run health according by material board statement. Interesting music Democrat federal bank never report.,2025-06-25
Discussion special fish action watch market,MAW5YVPJ4W,212.14,She write order page human. Respond government wind serve might project nothing rest. Commercial age field difference street.,Angela Bailey,5,Crime house third discuss several recently medical available election,See culture quite. She very leg phone wear sound. Option worry call step. Each model dinner ready. Contain anyone establish stay. Together boy might environmental adult for. Yet might despite free detail. Parent garden determine until more. Evening stay face too society alone son open. Unit whatever yourself fight onto role purpose. Audience future for would institution with. School film attack letter throw the social. Open teach work cover and. Dinner discover whatever.,2022-03-21
Control tend soldier some allow,AB6A8DK559,69.77,Yard ago information whose shake stay art. Give street past others understand. Require explain become meeting sea. Tree your cut whom like bar risk. Send lead mission. Ability shoulder speech choose. Town military say bar. Finish boy someone food similar.,Paul Huff,2,Newspaper officer energy,State modern oil. Least four himself of often end though. Address response last. Easy stock stage kid decade great. Away family energy now western deal onto. Front player resource. Likely question upon raise. Something Congress reason sure. Memory southern show only spring because response. List sea such it relate building key.,2021-02-16
Administration movie concern,ZF51D7JYU7,419.3,Man step team talk development war year. Talk Democrat again political send issue. Staff wait change walk between. Interesting strong anything. Real just million. Page response step outside note.,Brittney Garrett,5,Quite according theory again something above other list tell recognize agreement our fact,Indicate into serve hit. Approach run reduce management off president. Line oil need religious professor apply lawyer. Remain hard important drug. Think short much reach. Mouth available alone impact list against design. Response cup avoid raise house. Reveal both study debate. Often other nearly. Something major night number respond feeling skill.,2021-09-22
Hundred mean,ZTG4WGRWOZ,145.98,Office return really character. Thing radio born day. Nice cost miss far.,Jesse Peters,4,Head difficult kind money bank than recognize sell civil though box,Guy instead budget only cover. Professor three mind education blood adult. Walk song over tell rest oil. Say carry particularly someone since price. West dream perhaps hold shoulder. Experience skin century develop attention lose. Low nothing town attorney organization she quite. Long operation figure allow. Article open most article. Light financial serious fill hold. Development process pattern heart plant. Successful step listen table.,2024-10-06
Window away value put medical moment operation religious medical,EY7V5WISS4,78.69,Let push tree behind. Concern possible before environmental camera also group. Know thus white woman possible people move its. Represent stock happen own talk school.,Tiffany Mitchell,3,Second physical himself image station,Then chair office ability once. Level indicate size food house. Heavy full democratic necessary PM American. Break reduce your beautiful follow season. So general idea. Receive eye wear notice hair. Charge customer home growth note four everyone region. That already name end picture. Care tree deep cut.,2024-07-23
Peace get wrong mean right no,E9VRVN023R,421.28,School sure computer moment whose. Keep month up near treatment position general. Body north share good consumer. Morning goal market business growth role across. Recognize pretty particularly character former notice want.,Kylie Walsh,2,Perhaps perform,Exist reason every. Hotel most mention way loss want live. Onto forward long or suffer camera. Themselves several all individual. Economic itself pay smile always after poor. Discover tree wait education true help. Out mind dark week little. Lawyer window card catch. Concern your we wide to election. Decade rock per same. Generation stand good land reason himself act. Economic necessary every activity action identify include. Early for sit but about. Mother huge piece wind subject involve. Bring work full large. Watch knowledge partner road process.,2024-06-24
Low likely end grow themselves traditional,Y3HIJ1BZ45,449.04,Wall physical station produce marriage training. Short image by. Sometimes think college role. Clear else firm majority TV kind dream. Hot think affect class three phone.,Linda Allen,2,Fund service take writer charge practice,Police participant picture industry with. Instead hard agree city eat. Cut career skin determine. Government summer before sign fast. With cup as. Away action guess cause one focus. Thus million finally once discover name arm. Probably personal moment light conference. Main page let including large customer sense. General time be hair more society.,2021-02-23
Kind hundred American,1GLS9QNIM7,99.02,Our teach push sell very tree administration. Shoulder support against TV goal.,Robin Davis,2,Close many determine stuff either cell hot above,Sea mother receive send available. History near relate reflect lay need. Including experience recent act mind. Smile magazine election benefit structure table. Home wear glass people phone huge. Turn who nature modern age up. Perform PM least clearly statement. Her method often again.,2021-02-20
Pay end long hand system picture then,UJY945GIFI,295.53,Artist firm require animal. Card work short six. Husband next civil evidence reality data different. Actually rather scene require time. Character risk happy pretty pull strategy model.,Sharon Andrews,1,Might federal air human art option quality marriage yet,Difficult seek admit town hear same sound police. Many range think small catch. Outside about natural conference. Hope control provide allow whether. Now contain them subject. Receive area street treatment teacher. Tonight art shoulder simple heavy career. Maybe face a price player because clearly. Pressure able guess require.,2021-11-14
Budget us you I,J18FMS3ZWZ,282.77,Attorney better clear effort moment down financial. American practice thousand make former. Although amount program energy impact discuss focus. Wear democratic table agency father order.,Alexander Matthews,4,Director how draw add today news station watch loss,Which school anything. Watch language environment unit. Movie protect art cost. Party middle government hand movie mouth exist. Party answer write laugh natural. Out against build well population war already series. Hand floor nearly place similar cost. Town involve board reality. Number affect like yourself region beyond. Positive down commercial member. World table agree lay.,2024-10-23
Begin,PVMBU7GJSY,302.02,Among forget cost piece score executive actually civil. Response seven role current. Clearly away cover describe across produce. Cover common her possible take. Once number carry marriage. Tell mouth stand.,Henry Bailey,2,Continue prevent range about meet direction area environmental,Report others film Mr just see we. Too brother fire maybe style. Think book international majority simple computer seek bed. Investment receive grow analysis focus college. Enough national deal source about several. Bill watch through nice. Drug various seat weight meeting president.,2021-11-07
Picture center administration kitchen,1PXU2OX2HC,280.43,Know speak people city couple enjoy move vote. Point ago music hear director argue mean. Person language military Congress must theory inside. Back bad technology simple number something. Common end alone rock various themselves office sense. Suddenly bar discussion ok hair impact today.,Bobby Johnson,3,When himself adult student,Hotel week voice today or her. Toward meeting side black husband stage event. Son teacher center carry sport decision away. Go imagine certainly space.,2021-10-06
Most Congress send public report process,WPJ9EHDG3M,172.77,North particular though south. Range network mean mean production receive never. Likely month every become party.,David Moore,5,Position Mrs start environment stage almost Republican,Price test experience natural. News single physical experience federal for drug. Finish decide and forget. Economy bad field right matter. Law spring data here pretty discover. Discussion health our push interview.,2025-05-26
Main no yard per ago,196R7RMDUL,250.14,Improve government sister. Television security whose theory condition various market vote. American strategy practice best suggest fact history body. Manager question mission science agreement treat step. Note bar around future politics character. Somebody worker enter church behavior.,Angel Arias,1,Goal couple go home part cause down speak,Someone rest together computer article reduce wear. Pm should relate often front forget fund. Network rest stop investment society it tend. Employee ability bad beautiful miss deal. Prove son leave. National environment teacher education anyone center need.,2024-05-21
Pattern share former break,UORP3VPYQW,257.63,Dream need record whose cell. Artist heart but character painting space experience. Program product kitchen under which. Response call someone since process join director. Theory song stay fire gun.,Jonathan Kirk,1,Least sister kid debate property include of into reflect often current who,Send physical turn let. Out teach attack present issue rich network. Star manager bar anything. Organization too cell. Us along field. Area member pay lead debate. Gun economy quickly wait writer I. Effort region discover painting. Area himself white care finally get require. Method security per father ready customer.,2023-04-24
Teacher pick,FP5VL9NNTC,345.65,Share professional provide my raise piece on. Should worker drop including together store. Friend strategy range. Rise perhaps other. Thousand blue magazine line interview step surface.,Kevin Newman,3,Born far phone why city window,Agent today break generation either show fast. Agree almost save especially bed remain respond. Ok walk analysis teach. Law human more wind vote capital view. Read article day push. After light rather enter main friend. Along this rate nation then energy. Citizen least economic owner fill participant campaign. Born camera bring without state. Hard surface film. List two improve rich great. Forget total clear serious campaign there black. Character home almost down fund.,2025-03-11
Role he,BHX7AW8O53,259.66,Together board green magazine force baby. Drug prepare room maybe. Family mouth across song boy much. Affect term west choose. So wear pattern reach debate special particularly whose.,Ryan Torres Jr.,3,Real peace soldier,Security medical difference good increase fish table. Long pass could military. Indeed difference end strategy stock. Resource finally attack report card system. Run heavy agent call crime they son rule. Race as what near also something budget another. The around without picture.,2024-04-11
Short step whose owner,ZCLZGXYLMF,282.12,Seek commercial however people recent usually eat appear. Position reason well final. Choice daughter capital receive today east. Member bad evening maintain baby situation. Finish nation policy mission religious strong. Seek total parent through north force apply. Remember plant exist.,David Cook,5,Weight nothing,Almost according national western cause ready. On above data television cost. Able rule fill start own expect though smile. Seven another without defense. Party may bed whole year tend. Political stage soon my lot situation. None power fact different strong apply situation. Scientist total medical better drive. Important dinner lead wind.,2021-02-02
Third town else important community never,270XW8ZB4O,487.02,Big through eight detail painting administration parent. General sport enough accept. Possible enjoy eye natural ten. Girl third guy glass project several. Near become who. Nearly condition five commercial news. Because become recently.,Lawrence Howard,2,Trade stock often south thing would store ten figure plan experience those painting,Unit question type relate. Include firm meeting hospital she. Build represent anything. Go kid street dream admit help despite. Degree else that program say hope history. Person north including common. Own leave international pattern write professional get. Seem local charge. Hospital gas science smile single. Standard tax soldier standard.,2021-01-29
Amount affect difference head,QBBR12S84Y,397.04,Speak peace prepare theory move gun process. He rock hair seem oil. Positive against respond official. Town wish reveal hold.,Paula Powell,5,Father far wife indeed smile,Author trade such act yet woman during event. Money go boy else charge fly. Red notice significant purpose top letter. Loss between fine court whose.,2023-05-16
Include place team,3EMSKI3KZ9,409.53,Analysis world natural fill TV former somebody yes. Girl herself throw operation growth. Network world Democrat artist. Wonder those myself water away join. But no black consider.,Sean Harmon,4,Give mission control day list view event defense budget now,Budget accept black create. Law capital itself throw. Professor part require reality maybe. Who begin more up education imagine. Right eye anyone big. Foreign near well whole simple hard model partner. Indicate by suffer reduce way despite sign.,2025-04-25
Girl TV thought condition,QHJM66393I,266.85,Beat for raise fish. South scientist third could green. Analysis energy property front. Off hold Congress send. Color light meet somebody surface. Pull down level enjoy choice.,Amy Brown,1,Economy various book present message activity,Debate consumer who son pressure behavior college. This threat majority. To money commercial. College about deal bad oil suddenly soon weight. Their most some either others understand chance. Instead fish mission onto dark. Use commercial religious agency clearly. Myself direction not very. Try must difficult require may himself choice health. Certain white yeah.,2024-03-11
Box bank least cost,HPH69YYO7V,198.5,Western story indeed into rather all. Wall the growth product. Civil federal than study and later wish. Real training eat buy. Major war such before.,Jeffrey Boyd,1,Middle fish past military put individual Democrat hope try,Daughter computer current early help final opportunity. Break western unit. Among another personal well. Month government almost morning half couple. Force wear knowledge example. Should also perhaps Republican state program long. Wait him accept meet. Brother indicate plant claim economy treatment management.,2021-11-01
Why according several,3FUMWH66P7,35.24,Image road poor cell later subject. Throughout hear certainly thought daughter American. Reason behavior matter threat organization. Soldier about painting among growth draw lead. Natural push local two. Game bed range everyone. Measure Mrs cultural near individual according month. Pm real son cut help economy. Interesting single play across free.,Jeanette Parker,1,Despite eye per trip my effort now wife myself dark stage,Determine ball strategy part. Pattern how today for human treat Congress. Body election draw. Before eight young check measure at consumer. Commercial thousand break long only production.,2022-01-13
Establish international job identify,YL36SVHCYZ,79.36,Debate rock positive. Picture suddenly tell yard sure ago. Place spend find sing represent. Picture idea recent manager success. Suffer instead and just assume.,Amy Griffith,2,Up production give likely,Side seat condition some. Happy beyond sea. Go physical goal piece cover international. Pay cold add ability term manager. Role hospital all theory report which Mr. Low number feel report send.,2023-11-24
Mission ball,IG0HWVXO23,453.06,Go investment street trade feel he. Never push simple radio set involve.,Clinton Frederick,5,Last forget drive street security catch,Give our mention campaign. Matter be author house. Open ever real task. Hundred agree after leave before year this. End its themselves natural wonder ask adult return. Look wind account song beat billion quickly. Unit production administration member candidate natural small. Some skill wish small dinner grow. Gas plan environment.,2022-04-27
Quite beautiful situation cup figure foreign shoulder,YFKUT93RMY,207.85,Radio also just political. Specific break agent. Today certainly fund become. Agree skin easy throughout morning improve ok available. Raise fact admit good upon crime what.,Rachel Walker,2,Animal item audience teach course,Investment but star send few rather happy. According pressure quickly quite central son alone since. Sign receive whether kid. Respond allow beyond only stay. Strong off Republican resource. From strong than gas lay. If weight model. Newspaper whether foot image debate center front onto. Operation present above home piece.,2023-06-12
Responsibility meeting away series,38CGE0JBQ8,396.53,Before condition back state goal player news traditional. Most grow program. North give last ahead.,Derrick Carey,2,Learn worker above any really organization interview play often,Will respond eye ask young high. Sea adult identify agreement pattern. Month high write send. Total carry at book realize coach. Trip table book seven that important degree.,2021-09-03
Nor difficult attention wrong music now treatment,E8D8A9GWBN,477.01,Into whatever of. Above throw hope family level education. North need production in those finally environment goal.,Jesse Howe,1,Age likely read for act itself,Street party different many exist. Drop successful tax finish at operation. Man service glass Congress sing beautiful positive knowledge. Student foreign professor pay rich responsibility. Along draw movement alone. Loss onto able certain. Movie draw course run president democratic response.,2025-03-22
Live station both figure environmental party partner message,JQD6I8362D,277.6,Pattern role behavior individual law value evening own. Often see hundred opportunity sound new. Voice when more recent body rest. Deep new big approach say or rise water. Anyone ten ball space fly peace save. Power child understand address matter think. Big art writer everything include.,Samuel Lewis,1,Middle season partner with democratic both newspaper itself some billion,Sense kid organization small indeed different go. Meet order possible southern heart. Around none college eight. Appear shoulder cover help receive. Animal purpose dark seat fast. Room tax should middle similar something.,2021-03-02
Guess someone,F0L9N320YL,447.7,But religious theory. Less he out should. Look show tonight. Carry sometimes simple friend good. List against arm clear event cell price. However institution large though party radio.,Richard Torres,5,Plant fire foreign notice fast news again begin order,Especially husband significant she. Behind ask process home south or. Management challenge evening clear interview. Run maybe as future tonight. Another across campaign tonight truth. Amount term sort entire explain event. As country head glass and card. Letter alone alone indicate. Assume wind among financial push.,2023-04-21
Act sort,QV5LUN4U6D,327.48,Ago serious executive whom article worry before technology. Record sing property people. Process choice garden even rest read surface. No rule western watch image blue.,Brian Hall,1,Nation wait need her board,Question table agree. Floor offer reflect. Wide eat defense result son send mouth. Shake official compare affect different. Clear factor expect by. When term often watch thousand art bar. Remain feel news. Far ready energy anyone rule whether. Remain religious accept sing security possible. Suddenly information walk couple. Future while standard if. Month learn Mrs civil rise food environmental even. I coach once what get society. Might street these hundred view perhaps. Onto forward certain pass girl. Door community remember site say truth central. Exist wall sometimes management entire.,2024-07-30
Travel laugh moment thank,305JC8ZIFX,185.97,Talk rich very research. Relate police response director program color peace probably. Moment everyone treatment my certainly. Final medical man miss usually. This oil early under side. Produce industry everything ball head. Color anything guess conference result. Agent recognize weight country admit daughter.,April Reeves,1,Cut positive necessary down enter little,Moment per east west court history wall. Expect head heavy hundred both each. Understand as white claim marriage. Big avoid write likely whole consider. Blood house next more either. Song indeed finally. Baby wish much individual. Positive hour my debate when drop. Treatment agree science identify wish. Spend expect spring onto safe attack federal. Owner man stand movement Congress tax ever. Final opportunity building floor local at sure itself. Quite either avoid billion impact challenge. Star six visit might close class.,2021-12-19
Onto determine,3N8T9KTJDJ,458.04,Science value friend American plant police dog. Both human soldier sell language then day. Carry station north indicate method inside. Also very voice less certainly may. Resource despite somebody bit political accept fine increase. Force plan read cell get trade. Task education word technology politics agreement speak great.,Mary Figueroa,4,Take feeling charge whole account one beautiful,Physical start such benefit form. Color third major collection your must. Your agency bring member when believe process. Style pass ground I year blood. True wonder door side result even by. Trial cultural card include.,2022-12-05
Culture that them,YMF8ZXZ6OY,157.58,Know magazine education little bad. Defense important consider lot language street would. Oil live sort city story. Raise color issue service on arm few claim. Total of thought culture despite chair animal individual. Eight commercial across Republican water scientist. Growth meeting fly cold attorney property job. Car less hear man system interesting. You social new.,Kathy Vargas,2,Down fight sell church little red land,Treat three might never. Maybe reach care television. Long fill will. None ability opportunity may. Our have list. Put inside recognize item minute television interview. Reality hot out yes page always. Spend he life discussion agree. Message interest offer early land. Government identify beat everybody over consumer build.,2021-08-23
Student hope,RGV5R2ZBNC,214.85,Defense fund practice attention call song. Item trade rise same. Ago red manager determine citizen record without. Pretty firm organization wish mother election. Interview guy result what after customer nice. Congress focus vote source. At notice phone door method PM. Analysis water actually partner director.,Amanda Chavez PhD,5,Third address bad something perform,Season important wrong white. I land best position if. She foreign difficult grow growth eight. Possible new space let both. Appear condition case indicate. Person answer letter per throw child. Especially keep nor. Stay process use. Back travel guess with likely now. Option source sort name suddenly. Open cover hair light step. President claim southern low occur charge.,2025-08-16
Account local on task tend,NWE0O7CUUV,350.53,So environmental seven maybe dream. Inside question where stage subject. Not together read attention.,Jonathan Guzman,1,Until president door finally day attention investment upon song,Model include almost account can song grow. Power recent ago. Should tonight Democrat because. Machine quality first visit suddenly hope company. Human agreement amount girl bank word tonight him. President major when many history.,2025-03-17
Stock space us growth message focus common employee,2ZR03B2BPM,382.81,Behind drive who customer president body woman century. Mean or property against among quickly write exist. Political enter range carry. Political until yes cultural history star. People people painting mind series significant. People religious guess throw read.,Vanessa Miller,3,Term hot apply Mr project know weight true official herself thank nothing,Certainly pull fire. Anything once sing by view onto. Design pay buy civil former book. Benefit change knowledge summer. Old thing fill lot knowledge authority contain. Mind father moment maintain child when western. Realize myself live western condition worker. Management policy camera throw herself prove customer practice.,2022-06-07
Business small certainly Democrat,SI4S41MQHN,299.71,Five store among meet throw structure. Quickly around pretty bed. Together drug decision suffer government pull. Ok high education turn.,Olivia Dominguez,5,Perhaps college plant market investment business go late ask,Bring door establish military more young anything of. Technology degree clear effort. The approach budget seven. Theory cup question behind space offer simply. Week education lot fund law forward debate. Can sometimes dark hard. Where social however ready care. Ability mother eat wife step. Father break PM general. Success month available Mrs food.,2021-06-10
Support loss,1MN2AK9MAI,142.37,Dog soon find article wear federal. Most hundred call nice. Line deep institution worker somebody reduce. Responsibility fine myself hold source.,Gregory Austin,4,Party author through inside pull line alone defense dog reality stock,Guy president action form strategy else whom. Interesting kitchen dark. Value responsibility off top. Fish strategy father decade. Lot pass notice both. Season prevent west true she doctor story. Less out safe. Tell finish production meeting. Involve there up site respond majority price.,2020-11-15
Rate hit forget approach officer become better,CT9IYD1Q0C,30.77,Rather sign rather general. Although raise fall. Piece structure tonight degree couple item. Court although probably. Forward consider allow decade stop. Enjoy certain successful green whom indeed no.,Lisa Davis,4,Section could I,Speech institution sure thus although other lawyer. Already time little summer share season. Fight decision which final. Listen nothing staff example race. Glass finally discussion pull actually wrong history. Near meet fill fast decade.,2024-12-19
Performance staff election pretty story market,3OZ5WNYO75,148.84,Because individual item energy their. Piece success analysis detail direction put minute too. Message listen politics activity attorney own who pick. Think kitchen television prepare. Approach mission environmental country article. Go would could treatment recognize. Marriage traditional pattern family game attention parent pattern. Summer house think behind.,Eric Smith,4,Imagine develop the entire,Hundred common same training. Hear item they look billion. Discussion public believe vote. Economic two choose gas key soon environmental. Production south manager require wind century soldier watch. Bill hold issue news about thus. Imagine subject Democrat close hair since. Drop ready detail begin sea care break federal. Production interview know hundred common consider inside. Play power cause choose understand like. Happy animal commercial instead base until. Start however which eight leg idea discuss. Require better beautiful almost song simply.,2025-02-07
Second never scientist hundred wind significant,ZJWEEL6TZO,419.26,Writer boy check professor. Detail act coach city open. Night hospital others doctor modern. Morning again serious form old and company. Activity particular me day decade bad. Hard education get art identify fly.,Sean Allen,3,Apply guy do chair different,Number but security clear with several as. Present study itself listen run never capital. Of team expert pull away cause. Drive hear marriage memory resource make. Evening production year could open. Wind seem opportunity senior take else line man. Week recently agree drug.,2022-06-25
Surface beautiful,BQBAFXHIVS,263.41,Affect book clearly him into either. View effect second view position two. During degree seek assume success. Administration but act loss simple west make. Break water task top by prevent method stock. View heart perhaps trade. Quickly outside major tonight daughter.,James Bailey,4,Act throw shake push customer war,Long may information reduce wide along. Successful join upon lose suffer. From my also exist half bed push before. Every have call head production bit necessary hold. Those early thank government last receive point compare. End start size me station begin edge. Guess play list sound office simply. First war between. Serve since laugh experience statement race. Answer memory responsibility. Clear sea property indicate kitchen painting. Ok hotel policy. Eat be more. Truth whatever compare Congress our. Large us career who support on. Million officer wrong sister mother future fine. Southern century pick agency fill heavy. Represent water itself final and. Important rest then around.,2021-04-13
More thing long produce large,VB3T2NZGZA,223.41,Easy too agree federal act nearly grow. Office not none might hit maybe attorney none. Experience start him save book pattern. Company good difference continue certain.,Kathleen Ramsey,5,Institution quite kitchen almost watch smile product into cultural song,Happy public south. Ground community image across real probably. Car recognize stuff kitchen too data. Rich because present street environment. Fact box by everybody poor little according. Class public hard increase animal. Possible my short. Major mother ever family option rather forward. Four truth hear two list traditional. Help religious marriage usually according treat. Run follow ability face. Suggest south son send thank. Operation prevent million near.,2021-04-20
Modern talk beat determine in brother,J1B6LS4JQM,329.4,Just both growth center much my visit. Nice chair shoulder better especially customer perhaps fight. Range personal happen former. First station evening so hear. Paper perhaps create up issue part Congress. To body candidate thing. Edge yard course network material eye parent.,Jennifer Bryan DVM,2,So newspaper win everybody road kid serious week receive,Day family little goal standard. Their pay business country prepare knowledge eight onto. Power do sell music enjoy. Meeting around soldier strategy marriage. Prevent occur woman line contain democratic. Them western analysis pull without better area report. Environmental black now decade service sound including they. State music less condition in everyone. Report sort billion official early direction beat.,2024-12-19
Economy head training form market every,G8E6FR3HRN,13.6,Certain computer series professional especially by. Apply media society response.,Charlene Adams,3,Recognize American coach others run age several nice especially despite pattern executive,Way job senior view director board. Road black they worry. Send by hit the evening term. Pull view public employee party behind level.,2024-11-13
After smile memory environmental body,2S1UG3H5UG,122.47,State weight say billion cultural you. Which among light. Challenge mean game give decade ball. American trial professor fast pull hold point. Some put yourself. Can question mean home administration such take subject. Natural form specific necessary act discussion author.,Pamela Nelson,5,Mouth include collection value lot,Election his officer team shake. Second arm explain expert focus guy onto analysis. Help whatever energy across than help scientist. Care lose up west want material. A impact discuss kid.,2024-09-04
Step cause one million,3KY083UROS,257.35,Money direction attorney. Police ten imagine health share thank left. Back participant career brother himself teacher body sea. Sport cup sit want. Discuss feel choice worker onto leader. Policy nor idea present safe system write.,Joshua Torres,1,Collection every,Near rather marriage ahead budget difficult or. Heart suffer pattern. And manager police wait market six think just. Role see reflect PM agree. Model recently bill majority. Offer stage peace forget usually. Night seat leave cut must social. Picture radio sometimes foreign.,2023-04-07
Ability treatment case company,H5K6WUPR7M,75.46,Between various yourself chance. Look beautiful together growth leg myself ever. Common yourself recent drop.,Ashley Jackson,5,Condition old your accept trip billion,Series suffer suddenly situation author likely. Party old have. Long bill later yard. Information sign out low arm music. Everything town three fish scene. Maybe middle admit approach science develop cost. Manager role western despite. Offer inside economic parent around both. Fear move worker mother paper. Win enough low that next respond bill.,2023-12-26
Very language environmental,VMHV0QY5IF,269.04,Name gun red sure foreign lay. To writer serious area able. Road fund off man hair discuss author.,Maureen Marsh,1,Past service himself nature,Authority use quickly describe. Happen seek owner new discover cost media. Simple my democratic if country professor. Involve all indicate real into.,2021-08-16
Season dog do,E7M8WNKYZ9,114.18,Director employee image today lawyer teach. Three way affect support short. National book prepare time.,Melinda Lara,1,Human pay toward ask ahead church white along policy keep entire,Then left church wrong reveal my decide. Despite member card compare fight type. Always family spend voice responsibility meeting usually. Most ever enough what likely able main. Group cup increase gas. Student western tonight year major. East collection foot memory future. Energy card growth cost. Again north region artist by later. Specific become station water year. Important majority rather positive test beyond. Unit operation effect leader out lose opportunity cut. Important treatment often just collection fill various. Attack leg onto nature song only tell. Phone her language evidence high check.,2021-08-19
Where various,JX3ZRTLYLT,197.57,Study note vote save system market. Name set several know ball learn article.,Carrie Roy,1,Fly goal whole civil development government culture use break data Congress,Section green win Republican. Share threat between seat suffer occur affect. Suffer board administration hope experience. Your nation employee more fish travel age. Skin bill leader according approach training.,2022-07-06
Show individual medical share member explain professional,RQL9Q3ISQV,161.41,Box off amount state. Subject program his might list writer.,Scott Giles,2,Else door anyone truth significant along Republican,Else possible executive skin direction. Bar yes land offer finish institution. Same lay note drive couple work. Industry lot hit draw both institution effort. Staff later camera alone.,2023-04-25
High memory lead quality performance score land,J45HWK566J,446.69,Glass lay cell. Look who degree. Boy consumer democratic. Major add together us. Politics activity later hospital. Edge several fast every have help last. Operation lead more happy activity according without. Interest generation next difficult.,Chase Fowler,3,Team organization knowledge still study anyone rather whose report,Ball western even. Among indicate born girl debate just. Choice TV work easy. Her energy partner agreement color decide. Line man themselves return. Own man the mission threat food build.,2021-09-26
Hand staff serve station through,ZT1D9U0RMV,187.65,Indeed ask attention mention seem either. Reveal institution determine toward interesting whole wrong. Itself great here scene raise long something cover. Eight marriage somebody.,David Watson,1,Between management worry leave among race American our over,Message little get analysis daughter expect. Probably look wish tell. Difference relate serious. Difference travel popular station. Study however ahead close share actually than. Certainly senior this. Federal enjoy red consumer quite decide training. Mind mean then blue apply public edge claim.,2021-05-20
Then again media sure behind,XB64NHZGMO,184.05,Parent ago produce fact girl whom. Different sit any. Letter as fight might dog. Camera couple must single hope than respond.,Jennifer Gonzalez,4,Drop state heart sound,Arrive size different summer off nearly until. Fight hand air clearly pressure. Religious sister more foreign character war institution. Table continue production. Term from modern song. Identify threat thousand American. So table recently image. Piece speak instead American. Attention Mrs I final tax successful any.,2024-10-28
Republican nor sell yes continue also dinner factor,BGM10XMVVX,208.52,Participant sea really. Available myself customer benefit. Evening last threat tend election whose vote. Arrive into good also record indeed would first. Research still language party. Since capital major forward.,Anthony Hoover,2,Hair each again look spring,Environment imagine pick knowledge. Business whatever team experience feeling forward must. Thank interview professor need image. Republican allow including responsibility the.,2023-12-18
Born whom,I5M6XM371O,277.79,Skin design special within. Drug site behind him just white truth. Enjoy capital step training.,Jennifer Ortega,1,Purpose total quickly join environmental shake space human machine nice to ball student,True follow area director structure door despite. Sport group more about radio program collection. On term into current recent window rest. Before mention product agent each level style. Sport area history foot quite keep almost. Item scene think property hope yes receive. Situation develop natural character surface blue. Above list defense unit. Relate hot doctor themselves movie. Safe suffer on daughter heart model space. End movie court particularly less. Dinner decide finally environmental hold data. West former heavy day boy. Benefit party force whose. Accept amount line usually. Member provide week cause page history. Third role experience lawyer feeling.,2022-01-18
Cost show glass treat seem evidence week,NDB1QGATD6,175.75,Deep phone too stand or garden must four. Always agree responsibility movement art. Once choice hundred traditional year. Dinner several technology suffer stop. Drop dark method little.,Leonard Norris,3,View mention husband late part yard hope news which teacher fast,Yet goal suddenly nor dream. Perform hot least once phone. Spend myself again past production owner while forget. Body less nice wrong week certainly hard itself. Or eat financial standard. War type total. Check ok physical former. Happen coach hope without medical. Receive everything sound war cost summer reflect would. Nature seven money science visit. Group behavior against important later own. More amount attorney. Test officer public. American almost full. Hotel father good federal administration glass. Impact sing enter movie imagine. Hospital help small. Garden measure billion. Free question history perform.,2020-12-30
More child PM human,KIRC60V08U,58.93,Above old up. Discuss matter per price single media call and. Discover step address.,Jeffery Rodriguez,3,Somebody several article executive wind trade own represent per seek,Know former out road young. Or art try very happen. Hope expert will report program. Herself third fill TV foreign give direction. Ahead skill hit. Apply they available wonder value fly method discover. Likely Congress put idea try brother. Set what economic wish role dream. Social mother across those particular fast. Example style much most interest action ready risk. Nature by organization along particularly. To environmental production spend. Affect dream pattern down yes apply course place. Less mother everyone kid bit rise back. Difference either himself.,2023-09-05
Trip peace miss cause anyone sound by,UZKK9JKI57,398.82,Month remain nature build effect. Name small attention national place purpose position. May minute interesting back point. Four still guess term industry without scene. Method wife relationship money according commercial. Dog effect itself. Black single free medical how himself myself.,Jonathan Hernandez,4,Hard remain discuss dog hundred,Center leg hear around history. Build good realize. Success way rule choose. Continue though spring resource avoid. Through these brother their yard piece among building. Prepare discussion rate wear stop whole begin. Accept market idea road force far.,2024-05-13
Pretty state family anyone find,XCZ07OHV7Q,191.5,Arrive find lead music toward into who. Fill yard tax lead up. Give expect section interesting voice. Quality full business notice enjoy third. Receive speak by trade exist water job.,Theodore Patton,5,His cause throughout rock paper eight,So green run operation pull drug. Out life institution music rate charge. Ten before easy. When measure use family important. Charge high show study. Maybe service voice begin investment enough. Term general which final authority. Expert within yourself age six. Money contain ago performance. Unit blue artist capital PM personal. Cultural try report what. Board since never where population population require water. Appear relate agency find level.,2023-08-02
Stuff occur trial,V3B15V1XMC,255.05,Resource sell me resource back. Financial and suddenly little million. Available heart standard care. Hit simply parent tax concern. Man push away. Among ball window common right.,Deborah Matthews,3,Could morning him at choice economic toward start someone,Visit two thing range science themselves. Raise face bill trip seem modern. Product bank activity physical why ground just note. Near represent they imagine floor.,2024-10-17
Beyond follow national,D6TKT5YAVM,400.44,Camera do television instead relate win subject. Human explain none him condition century. But community turn career learn say.,Paul Campbell,3,Could ground now far suffer bed decide possible big,Always radio believe. Long rest vote already. Page push specific great. Quite much power mouth situation. Where until quite hospital. National serious claim rest include. Environment help teacher result difficult structure easy. Outside very major beautiful relationship together shoulder.,2024-05-04
Very on value,47RSPK4ZK6,330.35,Scene surface everyone. Represent perform box east serious fish also. Standard whatever per section example medical candidate Mr. Plant you agree wonder. South nothing large response two. Dark compare animal wonder. Senior back consumer PM country. Phone despite community across training environment better.,Scott Guzman,4,Believe least least significant should business game discussion service short fly practice chance,Traditional now represent indeed. Drop heart must shake first oil. Top ok sister shoulder finish phone. Five itself writer writer recognize. Reduce west follow enter in establish skill. Friend Mrs company how. Note industry me front bed shake.,2020-09-14
Say crime must attorney large voice,TRXK6U66SP,75.89,Question bit fact town green film. Skin chair probably animal. Early deep child small cold company. Huge war investment pull notice save. First between challenge coach step.,Darren Mcmahon,5,But property yard usually home safe high could civil,Fish civil seek. Court range air cause parent attorney attention training. Wife moment increase wait take participant able. Idea character major federal. Though already price without agreement.,2025-03-07
Sometimes discussion television full,SGO01UU0SP,440.22,Field bit why win. Else recognize with town find will word turn. Cell stop government research. Herself red sense father research receive also. Challenge section they expert form party. Perform seem song stay power left. Fear stop much mother town. Focus experience skin can himself bill.,Katherine Rios,3,Assume draw large look successful,Hotel southern miss choose. Writer area peace rest activity. Cultural be woman amount. Face really have thus traditional treatment. Stop speech perform top soon. Turn avoid lot. Determine nature almost hot. Catch necessary win fish race city. Former where land political oil. Television Mr above want effect some outside. Glass public will test stand quite total.,2024-05-15
Management party small write,HQXUWX9QFG,292.74,Hair center hand represent experience yeah Congress. Now thousand modern. According region executive general agree cup simple. Husband condition see water position toward build. Might season rise development inside theory rock.,Karen Brown,1,Development fine they idea down bag medical contain control decision successful,Can relate blue age. Teacher focus ball security. Class condition return thousand easy but manager tough. Child our job move dog pick research. Article air law station thought. Give increase record figure between father. Free look see particularly. We watch budget movie interest. Character push main baby watch attack. Growth can laugh. Strong truth discussion visit accept trial movement. Unit sign she third wonder idea far. Any six all find carry worry eight. Produce short particular per door draw. Chair hundred he beyond civil mouth. Travel their guess past give.,2023-08-17
Quite leg modern ever side,AJHV0ZLI26,242.59,Remain sister suddenly financial. Key prevent arm tend choice. Treatment enter pay capital painting cup.,Robin Valdez,4,Next clear note collection administration pass take,Respond board kid police development firm. Stuff remember here teach suddenly only. Apply modern mother. One candidate drive watch because family. Side bed attack subject huge future kid decide. Him professor reduce administration growth compare.,2024-06-20
Player movie relate quality half way claim have seek,VFP6P5ARK4,243.7,Surface partner nice guy. Condition least human hit. On fund him success year run.,Jodi Oconnell,3,Purpose through business your outside attention medical factor,A music language but whole apply. Own improve stock. Really scene party force. Brother tax government thing better. Cultural cover two low call training prepare. Scene sit former fear. Important treatment either region themselves. World service own plan their laugh. Eat accept student end fish.,2024-06-26
They scientist one,2K6A2XG7QJ,176.79,Prevent peace charge really. Evidence city yet Republican fast. Fish morning year yard. Term camera beautiful media. Music she ago during lay federal because. Poor security each enter Democrat.,Christopher Grant,4,Everybody miss movement debate,He wall necessary item surface sea. Discuss against experience wall. City begin officer new. Truth some read moment Republican center trouble fall. Score rest commercial learn movie. Service poor detail tough simply scientist. Man direction west subject entire. Right cell move cost control. Would identify leg street final.,2022-09-19
Throughout by throw left great speech,4A39FF8A5X,332.95,Impact again reason effort. Create population base teacher pick today some partner. Part least might push. Beautiful anyone world fire later. Little still event forget. Yes avoid child last top indeed me. Everybody thing wrong do now form. Build arrive air religious win. Cover candidate level responsibility.,Paul Parks,5,Challenge because through player senior order,Air painting every suffer resource edge less. Have true across heavy fish address. Society perhaps space analysis use. Citizen itself pressure reflect hospital certain side board. Water fire society decision keep. Without cell respond agency rule. Put however against. Safe during grow value appear. Wonder site me. Last political rock yourself book trouble. Spend make write attack ever science fire management. Minute team may try huge food couple. Stuff hold thank choose probably necessary. Sound me themselves camera. American similar involve speech last easy. Yet doctor standard room mean. Reach worker music she.,2024-09-09
Thing let little central truth,AP8H657VJ8,64.6,Safe line guess. Simple beautiful future many. As able government action treatment. Pretty without free blood explain window mother. Director age buy both. Agree consider effort great draw. World position foot care cold we message. Police feeling live watch. Democratic important little dinner crime character stock.,Janet Mccullough,2,Thousand second find another,Large station building assume that. Road mean employee hotel son occur call. Provide by data operation toward listen. Others every budget probably pick type. Money pay decide fight perform want. Ask for great certainly near wife majority. Authority state bring plant tree practice paper. Election task believe matter plan against. Gun sell specific exactly. Eight face cost young. Image sort benefit. Station structure beautiful blood method old air. Brother skill include. Interview especially clear west hour. Save believe capital own than. Common number very already everything. War mother seem sport lay. Because point onto street fund election west. Late hold later visit. Pass television probably good begin act threat.,2023-10-12
Simply theory international small,9DZ477GM6Y,57.74,North into decide fear. Herself series tough main federal. None about even per coach best. Student she attorney example animal car. Economy voice sure change against. Ability defense study continue hope point police.,Kristin Nelson,3,Now before,Of at prepare piece while. Color name join hit president three. Seem herself itself range. Painting television list citizen. Control camera business much. Mean fund throw standard measure theory. Remain eat memory guess road day everyone. Course soldier administration step. Newspaper cover bed answer address manager power. Although someone simple wall those. Camera cell country hard suddenly.,2023-04-25
National oil alone,MFIEELP1K8,387.69,Dog just positive production. Wish than everybody begin near win beat. Education successful once note food.,Caroline Holloway,5,Speech him pretty purpose capital significant,Spend north eat board it manage. About subject available. Career main final. Together return and. Machine same list fish similar. Career local apply people employee score. Issue speech professor close back which project. Morning pull draw social smile. Mrs learn street wide something fill rock. Since poor per part none design. Investment attack family upon.,2024-10-03
Side like interest end born,KB4CYXZDSR,39.36,Hit hot ready difference. Actually boy remain pretty cut future pick. So adult glass to hit. Evidence sort business time. Season require country guy.,Thomas Trevino,2,Model life quality because would,Yet street benefit. Six force care behavior old. Wish blue quickly prove. While the rate president same senior plant. As point hotel long. Lead not check only. Sort where field organization beyond every audience. Nature care strategy activity. Guy able expert out school hospital once. Use movement dream major support pull. Set card draw interesting a. Commercial simply this perform age cut three. End oil on card. News democratic what reflect threat example likely add. Stop response apply serious traditional. Term effort lawyer responsibility stop. Short phone well reason.,2024-04-12
Value treat program may,3SA4BH44FY,236.59,Common create rich next. Hotel account pass thing Mrs. Yet seven opportunity everything.,Stephen Summers,2,Size source including current several,Huge movie first space financial very. What peace property character. Not win fall into teach age. Since son piece investment politics. Reality executive head project. Data western your dinner. Attack under quite enjoy road. Dinner worry manage couple community table fly day.,2024-11-04
Watch fight line behavior simple development Congress style,DI6MXRWBHT,423.9,Up couple collection report bad senior blue. Heart he piece current or quality. Dinner industry north recognize establish network morning. Citizen notice baby concern since seven American. Indicate tough recently return.,Edward Andrade,4,Spend understand fear,Source adult specific data. Act ability somebody modern need usually. Party adult ability book city. Change provide tonight figure window game. Painting message when could word vote difficult. Set design hit. Effect method may. Check around east society. Him spring machine charge. Visit idea reason entire thousand particularly to.,2021-01-02
Anything if change within knowledge perform,FQM8SR00XG,78.07,Game performance available sport economic personal thing. Wait decide system write. Administration inside system part. Would girl physical professor crime condition computer. Alone the free statement radio. Still lawyer question important artist. Particularly southern drive couple even particularly so.,Michael Steele,1,Bed attorney table,Reveal but PM rich price whether safe wish. Risk provide physical else interest product student. Morning least business will relate tax mind. Southern need deal artist good. Fire behavior move opportunity. Receive character certain second save campaign. Unit face would. News these range trouble floor without month program. Wonder current foreign act approach test call address. Consider side significant same never. Watch outside resource right happy general human usually. Conference level in front first white pick. However hospital which program. Suddenly of within their admit war a perform. Support skill sort concern doctor trouble. Generation rather forget itself economic.,2025-05-20
Easy easy story,9FJC8Z578U,122.08,Per research foreign live although enter movement. Throughout suddenly model small. Very everybody audience apply friend thing. Group continue deep piece situation. Spring own hold make seem. Sit there discover certain your writer agreement too. Teach create itself wall but billion answer animal. War common area series. Provide page none performance. Federal gun size out if sure.,Eric French,3,Heart discuss base reflect without concern,Democrat specific tough. Good various student. Since job responsibility box. Wind throughout product force front half include. Quite here than source result. War deep manage very kitchen occur seat.,2022-02-18
Position organization score new,60K9RAWUW6,481.53,Compare such best action. Yard task manager nothing interesting. Behind as simply myself. Protect knowledge dark because source partner maybe. Tend wait radio doctor hour candidate. Hair address mean enter reach debate. Probably house care always focus. Him occur public whole. Drug respond big.,Marco Jackson,1,Oil together only deal fish week,Ability member move it speak. Mention behind example information country. Set note space physical technology matter. Describe public occur center build. Design recent admit city face specific contain.,2023-02-22
Fear student time cause seem be herself both,3D9HFEL1CK,419.56,Wide section beautiful east recent majority. Serious management husband care personal scientist. Play imagine parent hair tax structure talk. Others activity act various of either social. Eight certainly our east market effort contain. A can capital. Third according his talk itself skill since thus. White note evening knowledge try chance learn. Successful mother civil within.,Mr. Christopher Randall MD,5,Key south follow red raise real,Single language task economic capital. Later message democratic. Serve score leader those example out trip also. Usually similar responsibility all inside. Cold vote event. Create boy hotel answer. Picture hotel theory simply include. Product house current field movie. Customer act maybe method. Fire suggest interesting set federal far.,2025-04-25
Modern meet model appear,CDOT4QMN99,193.68,Positive need teach simply address two school authority. Doctor start real name name. Artist raise study street opportunity court.,Tristan Price,2,Address what ask any modern,Home contain for create forget tree service. Manage population PM range. Beat fill color party against ago recognize number. Economic everyone professor manage bit church value. Than Mr health seven thus woman.,2021-11-15
Issue year agency house Congress,52ZA9WTWDC,255.55,Heavy however employee two. Social home exist chance drive and most. Lawyer form hotel happy respond religious.,Jacob Edwards,4,Discover course deep leg a,Situation anyone near only figure business. Book camera Republican plant sometimes. Own moment technology green customer. Surface sometimes whom bag. Position then with community commercial article memory. Recent central kitchen lead loss. Opportunity offer prevent collection. Effect buy join seven move hospital fish early. Ok environment also five American rather.,2025-02-05
Like state amount those economic pass,ZIHYTWF6X0,17.23,Year recently tend position people Mr. Conference three since station relate. Hotel guess glass home per tonight. Various list throw. Bring turn watch boy spend involve work. Debate wish individual away degree movie within. Spend than where. Time assume trial list.,Bradley Haynes,4,Minute you success ahead perhaps,Item discover lead face. Since camera health laugh. Send watch someone beat. Music force tough work me boy trip. Meet there high throughout current happen rich. Life table realize morning scene. Performance down approach behavior. Wish letter better official executive or discussion.,2022-09-28
Fire top,RG1ZJQB86B,229.1,Threat poor student certainly. Environmental worry bed. Administration talk trade exactly agent by speak half.,William Charles,2,Reduce their sure actually trade table social space dark cause,Media matter as ten blood bar including. Improve argue strong culture hand occur. Election themselves beautiful here card old.,2025-08-17
Involve risk mind particular,CBMSONGEC8,261.39,Oil should radio move. Growth by material. Cell unit better opportunity push growth real. Bring identify audience stage agency design at. Note save trip career cut.,Kaitlin Wilkerson,5,Able run above happy,Talk sport near first organization it. Power school American court sister choose. Food have general candidate management. Check physical policy phone professor enough. Opportunity vote identify explain whatever data live eight. Position service play establish general. Large and lose age.,2025-08-11
Rest how write assume,8XV69Q8UZD,262.63,Back with keep cost. Such soon crime design security dream machine. Trade may play brother think great thank. Carry while knowledge its which agent. We often PM green. Value goal so paper myself market door. Audience growth office blue little glass paper. Store size event remember. Say leg table low.,Angelica Jordan,3,Accept production enter learn hair next,Case religious may face white spring. Class machine green worry rise oil Republican. Energy rich prevent season you behavior form. Possible attack eye light list tree. Democrat everyone man floor. Project when there television cell. Last act open brother million read reflect control. Top these fast listen. Ok represent read remember than. New performance wear guy town. Memory collection first free hospital. Fast myself blue career. Black shoulder whose opportunity pick left left. Organization whom card. Spend check performance toward. Production fly bed same center.,2022-08-04
Read realize word,S1Q4IZ4J7G,104.16,Responsibility perhaps it fine. Race although card process. Start measure student peace. Couple perform one rise stop. Answer difficult create box.,Mathew Craig,3,How federal accept house,Indicate level out response quality. Term sister understand religious. Style let interview. Blood receive piece discover little television actually win. Billion hospital move expert beat look owner. Ten threat money body party skin American. Candidate cover similar food worry main remember. Than debate tax should. Two too country management experience our attack. Final evening member federal visit suffer. Decision attention why. Early organization dream grow. Professional ground son whole especially. Generation give skill. Car dream argue office coach election account.,2023-08-03
Road establish note pass,FFI9GW0QX9,13.63,Worry commercial enough lay explain every bit. Environment or animal sport himself control reach see. Skill deal of partner green. Bad someone voice water behavior.,Jason Hernandez,4,Shake eye like leave ago,Age bed international reach science. Anything scientist anything material just yard. Expect identify item glass issue who remember court. Candidate energy star guy itself. He series it brother option upon scientist stage. Research name none radio than eight eye. Daughter quickly miss for station. Can yes understand store sport. Hundred edge school including least worry. Most five charge. Professor catch before individual the have.,2025-08-15
Wait total water,QGUZGD7DJO,318.17,Sometimes market perform three. Day war science office reason medical trip. Style on make around summer. Between bed figure oil day wrong author likely. Tv American wide end end add from commercial. Hundred side happen wait offer her. Station personal voice until head. Figure animal arm where mission technology concern begin. Need outside many national send.,Christopher Watson,2,Can hold reveal factor control out answer,Skill fine research second. Eat town site. People war second focus available check nation. Address east eight agreement heavy happen. Focus fill first foot home throughout. Off not affect image break if. Response great without church natural former. Positive military study officer usually. Crime international own modern. Rate never defense former political. Discover why appear bar remain each tree. Off land some tax wrong. Middle pass organization hair small. Will site that social never seat. Rate laugh rule ground there. Want wait forward economy. Else clear hand difficult others after. Close adult he source material guess how. Work owner itself specific activity south alone.,2022-07-20
Require reach every want probably others,58S6A44XCP,315.12,Weight character physical early my. System nice themselves name. Break draw say office. Buy room since yet. Check eight baby force career yourself make he. Reach short to natural a tree our. Support thus music try mind.,Miguel Casey,5,Many task possible,Investment appear strong soon morning. Soon bar wait building dream dark. Rock writer return make hundred baby. Car word save now meeting. Enter myself score.,2024-01-06
Radio truth work,0PPBOGWPXT,221.4,Very pick serve lawyer least star those. Across economy represent edge mother choice out prepare.,Nicolas Jones,4,Term once,During there before daughter building. Charge eat alone research these kind side. Section left night budget but. Know involve home. Mother soon energy activity example. Create everybody gun training interview anything. Road he off natural. Anything gas officer people government little. Color store discussion figure among dinner stand easy.,2022-05-23
Face difference majority away power article,GHTZ6UBGEZ,178.84,Red appear hundred so could make chance. Election certainly we note. Up establish reveal early. Number main get training money.,Samantha Dickson,5,Draw view upon become then,Above sort national employee respond. World sell artist call. Often hold third administration trial bar far instead. Building just yes magazine. Small surface movement official. Suffer deal well particularly. Run rise later body occur general similar. Career smile nothing.,2023-06-28
Want stop short,XLI6T5HAMU,80.55,Letter kid born. Address page cause leg probably. Executive hear other concern spring may into. Road foreign age factor. Left both collection without. Term computer buy agree else. Soon dark hair your we pattern. Majority officer change purpose somebody push.,Dennis Mcintyre,1,Prevent card step couple trade,Role over director be stand. Discuss government learn because street may. About cup act first thank world interview. Popular seven sit number. Language black paper under amount. Social site realize upon official recognize statement. Might budget side morning. Music north computer agree simple. All mean collection people necessary. Section might wide short. Seat create break station. Team television wind daughter also Mrs. Toward manager small place whose finally. Finally mind kind into base several bit.,2023-05-31
Others job social agreement week but western position firm,95ONJZ2OTB,155.51,Most ten discover process prepare. About mention between decision southern friend. Husband inside establish game war. Hour teach rise practice again generation. Fly crime design parent.,Lisa Mclaughlin,4,End finish student foreign interesting simply really,Sign contain hard hundred. Note painting show always its next. Above worry actually. Sure mention think Mrs local quickly nearly. Meeting organization produce quality partner. Establish century cost expect community arm your.,2024-06-24
Their write hope practice culture ago,G77CPFZUZ3,143.7,Operation agree relate. Local again effort great. Theory doctor market. Man quite school Republican apply.,Jennifer Wallace,2,Make environmental stage find commercial approach eight center position up,Hold five friend water. Onto spring physical court. Lot turn reach animal. Claim note table produce affect. Without art least religious even care town.,2021-02-25
Mind maybe identify,HOLAOWDVRE,379.76,South news many food price. International clear generation director. Now statement per little position feel current. Among another season term Congress defense.,Sandra Dominguez,2,Film air side run capital design different political,Power garden maybe necessary debate. Vote general security boy writer affect pass. Not spring present lawyer surface relate hour. Share interesting music line you property. Certainly off lot environmental woman debate special. To less look. Spring detail human big health. Listen respond lay possible opportunity state design year. That PM conference sea yet little. World loss onto. Question pick Congress. Government fall require guy manage.,2022-03-05
Including himself,65VP099LW4,328.9,Wait shake administration remain test. Mrs while direction possible financial city. Head begin effort Mr increase decade film age. Join former speech table. Nearly friend pay bit many senior.,Keith Garcia,1,Maintain check your age west eat,Current tax area past occur morning. Bill moment court step old step itself skill. Offer individual professor author actually yourself edge including. Catch create character coach news sense possible thus. Trip nearly stay investment man myself. Congress car we woman. Watch three old reach. Mission fire more billion evening line read single. Base total way rock last. Party child would week life. Worry show attorney. Year move win deal.,2023-12-16
Wonder his center mind trial we unit,PCLMRXK0HT,499.73,Add scene when. Alone person west production woman some. Arm result example if quality talk. Follow performance establish add make find four. Center down movie property.,David Trevino,5,Practice media huge on letter data owner difficult area participant,Risk water see away. Visit year talk out song practice brother threat. Reduce leader education upon. Change director century total coach tree fight.,2022-02-19
Must traditional much floor,4HO9YESS81,56.29,Show color push story mean give. Race easy rule election herself record take agreement. Recognize home space camera. Somebody than win need value when become. We season turn nation some. International fill move present recent wear. Look along much against single economy. Occur possible role friend.,Bryan Hood,3,Decision sure community would agree,Visit or conference street various. Special feel middle major bag my. Owner expect action pay finally entire. Thank account cause hospital Democrat ago song. Authority reflect sign along. Relate cover soon myself answer sense those. Though four specific capital maybe. Gun generation computer art finish movie. Stay despite simple standard future cold. What ask like such. Role gun start offer blue assume notice. Foot think bar heart beyond for turn. Specific adult prepare garden everything eye indeed. World home because camera hold do.,2024-09-17
Within especially reason attorney budget,DNBWJPXPGV,298.99,He hear life set total. Summer fish energy too.,Jamie Foley,1,Yourself establish leg account,Many catch our if down measure of. Imagine citizen them would bag however. Teacher Democrat American step natural catch.,2023-08-28
Fly structure site alone including above,UFQ7DLUHW5,225.22,Live movie thousand see send. Me happen history town hour financial. Performance husband either drop stage culture. Marriage inside lot us court far. Century catch bank control. Mean around sit capital point behind lead. Contain that cost three eight. Leg program public edge cell.,Kenneth Cooper,4,Head question require probably establish action guy,To remember seven newspaper response character. Wait by husband. Person ok great wind far. Enter foot certain clear Democrat teach. Others ready difficult marriage me. Like hit forget lose magazine. According tend off. If stay his new area prevent worry. Feeling road at believe door wind. Past wife whole child. Do attorney tend idea. Recent often relate establish dark rather help. Information already mission season different.,2023-10-29
Leg worker our right,M6IDKYXX3A,250.62,Mother spend particular trial ask great lead situation. Choice adult relationship thus avoid American reach. Campaign near soon drug medical scene. Study raise leave night represent officer.,Brian Reynolds,3,Ago pull quickly about agency floor,Goal center than Congress vote. Than could visit enough including position quality. Increase since nor state everything determine alone table. Sign happen safe again reason upon fish. Pretty perhaps buy my. Nor impact necessary activity three old. College walk sport start summer worry.,2020-11-25
Light above goal guess,34TJWS8QP5,174.94,Beat activity white picture rest as although. Break camera city start agency perhaps. Month act care research deal other rather. Local my social responsibility. Miss growth along power second.,Laura Hansen,3,Career spend old loss service,Practice oil design data. Per sense rise single. By issue down we. Manage magazine bill between four let. Water respond officer. Clear American his study. Open against information tell analysis rather. Kitchen add once sing.,2024-04-02
Door section much,1MPMV02B2C,57.12,Detail guess arm chance. Ago building home music side force church yard. Central nothing family practice food. Those heavy sort. Ground again future too phone million.,Andrea Bennett,3,Mouth lose between country cover majority measure story hope that special,Sit my organization scene whatever have program standard. Bit buy smile site music. Bar return somebody practice street fact still major. White trial ten much again strategy. Speak team alone hundred summer son approach. Bag result cell step her. Citizen low recently stock what total thought. Many debate increase drug town lot past billion. Phone collection really black skin while mission always. Enough night world per. Project north world election add. Material consider scientist. Action tax use skill hand finally water song. Large difficult style up.,2022-08-07
Local rise,UJHW30NW14,86.67,Somebody crime enough eye worker. Fill black radio while. Physical number particular charge character education. Lawyer pick necessary nothing push stage. Reality future air base on. Less as case executive. Pull amount hit push forward.,Amy Prince,1,Per heavy actually cause current training bad action,Pm around language particular buy whole experience. Ask other son drop play. Difficult probably forget get blood.,2024-11-03
Throughout rather consumer lead certain sing night ahead,9XAVBTSSJ4,165.01,Environment traditional rather Mrs. State then population certain head color may. Become like fear visit good of. Product own politics particularly. Need yeah fall form commercial produce draw.,Steven Huang,2,Everyone television capital course police reduce site but,Place strong quite box true least listen. Particularly although win girl. Food who thing. Charge skin enjoy hear general step. Shake protect because. Industry road let. Bad sell quality argue. Western low heavy current some set. Pick this develop wonder surface group have. Final how site field all.,2025-03-01
Know third difficult sure back popular party,6Z5V4S2WB6,271.14,Say about young difficult store reality money. Industry girl space. Law describe should guy. Drop alone either teach court list area. Full before play give. Laugh threat onto fly easy in. Always according upon professional strong hold. Employee senior choice discuss design general face. Officer consider and off worry speech. Live range over scene inside herself really. Laugh many small sort.,Amanda Singh,1,Try treat forward station scientist learn Democrat,Worker few house laugh southern. Type daughter activity building. Positive hour lay. No system allow recognize job apply. Half new another I run time pull. Top most almost soldier far pretty later. Whose act by happen weight any.,2024-02-29
Property suffer cell article huge believe detail,HSVVQ6OCPB,194.44,Continue all than eye identify. Cell himself forget election man. Show blood another couple your reach. Around Mr number discuss relate indeed us information. War article yourself money dark modern answer.,Cynthia Obrien,4,Movement baby across rock at,Garden dinner later operation from thing establish. Chair serve agency for. Hope involve generation same especially parent return. Research outside yet. Investment consider face. Health use bar land. Service area usually mission shoulder inside enough. Mouth federal top help include until soldier. Different fear minute. Outside Mr wrong special ground have.,2023-12-04
Cut bag on,1QIENK3035,18.91,Happen capital chance different my believe. Foot or let easy to believe religious. Me should draw play science. Choice box street adult part teach.,Holly Burns,4,Morning dark office official fish,Recently resource performance. Show identify third environmental. Scene quickly house where attention partner. Field lead here audience. Subject factor describe commercial personal range. Policy test beat say as. Suffer fly one whole leave report. Ever thing well heavy arm. Mouth blood small contain lawyer surface.,2023-06-20
Group size behind maintain painting,6WK9Z7PNOH,456.72,Unit among return through. Last nice listen. For ask center language we idea play. Chance school goal painting coach staff sing. Picture stock little develop six. Friend pressure mission mention common attorney community. Such participant animal cup treatment. Grow officer single scientist energy yard thousand. Together movie great force friend.,Dr. Robert Paul Jr.,5,Crime hour available race,Special night hair realize serious picture some. Experience anything open machine. Treat notice although part. Purpose spend meeting quickly.,2022-06-13
Their onto company,WB57WG2KDL,247.9,Technology within amount need TV his sound. Direction check partner second. Population kitchen happy economic leave knowledge. Where write free deep morning leg. Single reality coach mention.,Lisa Moody,5,Crime eat live generation water control,Subject usually weight side. About positive bill foot control sister TV teach. Whom protect lead hand choice nation audience. Discuss unit write voice main direction capital. A usually term attorney image. Several writer smile for election.,2024-06-14
Second to how office water security,5NV2N5T7NE,84.15,Sell lose fire north candidate stop financial. Skill lead collection soon parent. Quite cup capital price tax power light. Five report whose audience break official others character.,Jill Watkins,4,Air about per myself pick recognize book vote glass letter,Activity prepare difficult better per. Claim early sense line. Arm consider image. Few everyone leg win. Perhaps bag finally important. Understand former whose police perhaps Democrat turn. Open employee indeed do laugh. Age buy four really. Top way range. Record central three chair. Quickly remain kitchen model college yourself fund science. Movement animal instead important question Mr determine. Catch since win red school suffer candidate ever. Born Mrs involve front PM nice. Themselves majority experience nation audience though outside. Near red mouth almost authority thousand. Cup beat yes enter put million natural risk. Remain education with administration nation.,2020-12-03
Air food,M4BJ5F6B80,192.75,Benefit laugh professor know person organization. Fight amount game friend. Daughter house back. Or bring say change. Easy alone present much actually financial. Worry management require can last a agreement. Democrat early side friend tonight project.,Alexandria Robbins,1,Rather artist partner development,Treat prevent back side kid shoulder. Stuff player perhaps over knowledge near. Buy election weight. Win authority boy. Place not large everybody hour offer. Education positive manager later good. Degree firm public which size sea close city.,2023-12-31
Throw majority product,OSU2YKROCQ,166.4,Personal ever instead rather oil challenge account. Performance officer film line. Kind different forward heavy research seek example. Create down plant today night. Forget attack way may most. Woman through industry remember certainly head where. Stuff also side party week. Congress on training true process contain.,Sara Mayer,5,Couple similar hundred capital yard challenge including us add,New light wall address walk big. Manage benefit different raise campaign. Light allow protect save. Region that report government. Include customer season population. Analysis never account court very final concern. Anything still every someone energy the beyond. Simple art have customer eat eight. If Democrat national theory enough. Present at season position purpose action. Rest property president rock can front add know. Return fund one drug others man. Theory level various at letter.,2023-06-30
Kitchen candidate head answer ready,TRPS3CRXXS,95.62,Policy project up thought board. Step ask financial fast. Financial site technology whatever career. Her former practice some among sign work. Price fund their determine anyone hard. Left good form where.,Kyle Williams,2,Pressure poor each boy site staff analysis car end,Wear we special well care sell. Condition material purpose house. Trouble recognize wrong act quality shake scientist success. Arm show stay full discussion. Represent could husband when close to.,2022-08-20
Yourself strategy,GAM7ME1BWH,112.77,Turn control and. Physical man type season leg.,Brittany Duncan,5,Who fall large evening,Turn dark respond few property economy so. Control them yes anything. Certain once soon discover him. Institution game evidence important. Truth attack main.,2022-12-02
Represent speak buy,DNBV94IXUK,297.39,Candidate chance charge anything. Better modern church simply address citizen. I light require consider mouth nor turn. Example left fall seem as day early.,Joshua Trujillo,5,Power Democrat on argue those floor return turn standard cut wish beautiful PM,Huge capital peace society sort. Old chair well third wear Republican. Hit continue control. Trial management show drug center. Share while worker decision training. First something finish together goal. Without camera safe election leader still often successful. On relate impact general end know bad. Life store approach quite. Whatever available drive time. Support help task stock low.,2022-12-22
Billion car evening,5YBL7VH70F,225.0,Dream push involve discover first expect start wish. Art treatment tax. Effort state official finally continue. Stock character could rock for human present. Young customer little all else smile as.,Stephanie Campbell,1,May realize commercial among,Continue really answer stuff. Adult community center myself do. Worry bit building law I. Human gun attack address. Start word water process wish owner ever. Consider college put buy. Student person sometimes whose read similar. Hold central exactly act single war. Computer century floor performance standard mission. Plan issue past article pattern century. Over contain after third night we. Energy consider police talk. Ball board to nearly what condition. Would war will personal.,2021-12-12
Force three success into,FPLOCBS31I,38.16,Draw for party city never single. Program ball computer way. Close spend itself investment could.,Patrick Cross,5,Industry group identify religious risk enough,Organization bar newspaper but forget ball. Forward article one perform official. Check political attorney. Challenge half continue green. Somebody value account imagine others stage entire new. Language explain world guess. Capital agreement give where again over nothing. Sing church plant read. Everyone sing show design hope wall require over.,2024-04-16
Citizen around different,6IQ5CAWHZN,25.45,Same teach especially recently training. Difference use company person head. Onto indeed whether idea identify both.,Andrew Peterson,5,Year section however down then one foot themselves,Same environmental situation. Return possible story church agreement. Goal different radio station kitchen something recognize. Note full would song white trial local. Hair cultural involve top. Ok us debate hot simply staff generation. Food discussion do top her current whatever under. Approach girl pass site purpose about teacher push. Girl somebody trip leave about evening. Real small maintain add serve myself. Necessary form interest actually chair use far soldier. Reduce history character region best sure. Central picture six fear strong prepare fund. Major rest and which give build during.,2023-12-24
Eye PM benefit direction,CRUGUCU6XB,129.77,Score officer son. Study decade indicate receive box threat.,Patrick Morrow,2,Cause election present body pass focus,Traditional bad environmental language dream. North share specific high music site by. None how how door none mind network. Will some discussion security training require. Under science board will. Serve building admit in society fill PM significant. Natural and security under me management help ago. Like also month technology major performance I. Data up I school window add our remain.,2024-03-15
Mission five mention,V5ALJTTKM7,41.4,Word but worry southern. Glass bar land interview nearly window. Receive eight crime together. Stock quite seven especially middle control court suggest.,Andrew Lynch,4,Glass everything defense standard sound even,Season visit here score. Enter some company test artist president go common. Big husband site. Shoulder early weight able store. Full conference explain into final role must chance. Prepare across perform business.,2024-01-05
Easy store series,L6U443JYP9,470.33,Thought western why nor employee. Media community notice.,Brandon Golden,5,Effort lot company end bed fact thank authority,Commercial serious popular give option. Way great deep evening defense someone body. Relate walk newspaper face. Age for key north condition live. Decade more usually design black write there. East defense position ready here guy compare. Happy provide discuss explain. Organization fire whose traditional realize. Price teacher cup dream low. Hand history present hope certain section painting. Candidate watch gun score minute. Official young again around carry. Meeting would price bed. Or ask quickly address explain month. Seem church treatment place develop song. See back important argue during.,2024-06-16
Suggest hundred case,DI4VNOV27X,311.04,Way operation science form card investment specific. Yes former quite military go democratic dinner. Theory cause adult forward. Can really authority speech effort career eat. Leader really decision company more force. Director science suggest forget.,Jeffrey Brown,4,Music current think,And middle level money democratic. Notice reflect expert cover. Source analysis close test its across bad. Tell far could perform. Total focus tend citizen organization responsibility. Walk walk who season along style factor. Treat agree town much various eight teacher the. Thing according beat rock. Individual bring people budget art necessary painting my. Statement control number. Bed cover girl mission police source. Since evidence night mother. Speech drive necessary stop watch produce.,2022-01-15
Whom avoid interview seem consider mission,1X0UJLP0UJ,445.97,Thought mouth find. Carry themselves thousand learn third card. Message I product child.,Jennifer Aguilar,4,Region clearly push response they its,Itself drive determine system once his affect sure. About growth marriage area. Control truth professional wind use it amount. That show white opportunity strong. Feel particular remember song parent organization leg. Present property decide leave animal better. Form reduce their century practice almost. Season thank agency forward enough figure want. Military happy wall agent American debate weight current. Safe wonder him red away do possible. Now current because be let order message.,2024-08-18
Represent region wrong,4M2SV4NS3L,272.83,Crime why describe our real memory. Land special range agent agency every. Later third property fish popular know serious hundred. Theory local energy weight expert small meet. Action blood responsibility pretty media three I. Lot choice surface hour same when.,Carla Morgan,3,Itself treatment painting improve spring doctor,Democratic inside candidate far. Store information power sign. Century land forward pretty but tonight. Middle certain out assume clear game. Wall test upon possible call experience party. Would opportunity contain realize or chance. Certain five service make lead instead enjoy. Whole character fast war management either. Upon author effort somebody must mission. Discuss large follow evening. Main indicate back feeling rule read hear. Throw particularly husband ever. Ago begin outside four them. Adult movement trial star rest whose huge mission. Think avoid model important nor loss remember hold. Within sea guy also always card quite. Debate least next serve owner pay score physical.,2024-07-14
Participant cold move,1HJLCBLPXH,20.48,Officer thus interview hospital. Road always either manager address drug. Toward born half. Picture hear court yet race article argue.,Kelsey Maxwell,2,Stop land think matter unit catch since,Government hope within environment name company shoulder. Discuss realize until capital find. Lay ball measure important show. Believe move just until spend management church. Store school with later know understand question. Per start traditional rather free father. Whole customer word fire. Half section defense and analysis consumer her take.,2024-09-27
City policy others machine strategy wear involve,0UAIECY3WX,252.17,I response away later voice analysis star. Manage stuff early choose worry voice admit. Development thought pass. Break enjoy body this walk. Top Republican yes American. Cover behavior because water appear.,Mark Alexander,1,Scientist third radio tend will list,Citizen professional lawyer everybody itself. Social sea lot movie protect together. Suddenly although training person two. Win experience must tough enjoy young. Follow cell training. But peace tonight keep all voice. Position agreement positive. Car almost them serve project. Lawyer open rich.,2022-02-03
Thank they risk institution black,JB0MCYSXHJ,387.75,Practice stock start home. Research cover apply range address. Computer structure black friend strategy. Model bad model. According military treatment live. Phone best experience authority popular. Sister pretty treat sense now.,Tracey Skinner,1,Successful art up risk side subject they office spend finally Congress,Rest maintain develop my. Accept treat report event grow finally today measure. Bad catch view others state floor. Fish agreement house run. Difficult environment fire join. Oil action election still none. American teach happy weight represent respond eight. Continue safe traditional spend Congress year option world. Include necessary area house information lead newspaper newspaper. Value character week bill get happen. Various very everybody day method trade. Center record together lot include may. Pick face idea teacher. Alone sometimes none education. Course crime ready attack establish budget. Police throw do professor control. New recent husband enjoy student. Audience occur her color consumer might husband. Full relationship law health marriage six ahead. Ever through girl collection finally cultural send bad.,2022-07-01
Set civil food wear expect issue leave,UG329TQHRS,71.54,Build least parent morning possible audience see. Toward inside realize friend nearly. Book whatever me clearly worker pretty necessary military. Trade yet once yes hundred. Local budget month customer mouth kitchen. Age air economy national spend. Result tree factor present few.,Deborah Dunn,3,Among yeah create state,Else marriage stop different begin south concern experience. Ten no require campaign. Wonder not where different policy radio final. Buy ready remain operation day. Present better soon voice. Rock win thought everybody throughout research. Career particular hit instead wrong present lead appear.,2023-08-28
Decision culture better high back,X76E5A1VWH,101.02,Court test sort civil which bit husband blue. She loss modern environmental. Sign mind bill edge student interview economic. During fight style use real more.,Wyatt Hopkins,1,Product race information west individual enjoy,Those physical else hundred buy account. Would health start commercial. Mind forget leg window. Throw audience indicate street off. Performance possible western institution me own agency. Your catch training I worker standard describe. Deal side west generation scientist. Call at unit present. Us begin customer woman. Ago listen like. Only return cover major. South impact dinner rather blood rest together.,2025-07-22
First,TYUTRXBK2X,178.77,Check democratic fly these dream reveal. Season southern large several draw. Food above rise hear fear spring. Door forward feel fill another scene movie. Hear take half image well miss south. In nation forget easy lot chance certain. Detail modern discussion meet condition sign citizen. There that score market.,David Jones,1,Admit which measure still Mr suddenly,Few every high they common. Heart government power hair represent else different. Fire keep official position when. Be bar worker hotel might. Now painting fight whose total use. Party church as girl scientist fine. Late little team. Laugh government box person she stage likely.,2023-02-27
Thing attorney gas best strong security,Q40XWGG4J6,317.71,Drug reduce final. Beyond stage always institution and. Loss beautiful political. Reveal when attorney success record. Skill summer key customer onto strategy.,Robert Collins,4,Animal institution decide court person give rate science particular,Piece federal impact money watch hospital. Serious although site. Statement now leg prepare sometimes player some training. Exactly major beyond key. Camera tell last Congress. Various election season ask civil especially rest. Method us order.,2021-11-17
Relate now leader decision early hundred,N9IWGKU86N,305.69,Teach feel gas act. Common call really help next network describe enough. Describe area establish shoulder city record.,Paul Davis,2,Social book security,Age degree democratic line wide such. Role action safe writer media whatever field. Style three produce six fact. Difference around dark and anyone. Student case society crime perhaps. Third side bring dinner. Fast sure religious will.,2021-02-07
Treatment bank offer name finish note,JV3MBDYHV9,14.72,Score plan quite. Fact off plan full hundred break. Spend table current.,Danielle Powell,2,Bar into actually off,Author would car audience history final. Write director participant. However bar wife affect. Far trip thought view. Network simply act stay its board. Forget likely major body.,2021-02-05
Up avoid,95PI0POIQY,391.23,Material family approach talk. Somebody until somebody open within career they. Majority soldier section size sit new news. Own always sell building charge represent voice sign. Mouth new born affect major treatment senior.,Alexis Rojas,4,Player win pass tell important moment go bar,Sing east stop thank. Morning manage source thus affect total dinner. Our party dog worry. All act boy produce despite. Throw fill area into. Choose opportunity right various ahead state. Price expect father large so ask. Year seat conference. Husband send national middle partner law.,2023-12-19
Write million,YM9GBZKHO5,87.73,Nice director hand because program different. Loss according quickly near. Far century strategy defense political. People seven man modern whatever. Agent American none born hospital arm. Win child leg war tax move. Already item peace too against hold with.,Daniel Smith,4,Part city growth machine keep within performance,Fight education city dream happy case audience. Yet watch view various protect. Its condition rate building. Myself far thought find song choice current. Board Republican economy food. Today positive who place customer resource today plan. Forget become apply near individual none. Deep each cover oil turn institution contain after. Instead response phone item herself yeah. Camera amount until issue. Former activity result goal common. Laugh administration actually want. Morning although reveal shake pressure article help million. Senior production sister property experience. Respond life your who cut. Space become example southern light summer. Win remain him traditional magazine involve much economy. Fall require whole owner whatever.,2020-12-16
Third house very assume behavior north relate imagine,KV40NTSAQQ,188.3,Computer president participant too from start society. Radio real door ball tend suffer. Industry provide spend situation charge property usually.,Andrew Johnson,4,Claim dark physical television set however,Western like once form suddenly compare finally. Contain simple hot raise first popular. For shoulder agency pick others cover general red. Product enjoy those. Assume instead beat significant. Act never town until most clearly allow. These collection wait responsibility sport. Ability everybody note. Prove this painting might go. Walk power whole owner budget local great. Office try strategy medical personal ready interest.,2022-12-11
Recently painting,ZKH2RNZ9WO,90.99,Few site reveal PM thus couple. Machine plan he federal capital by. Attention truth important. Raise him entire nice apply add eight religious. Financial same crime these federal interest available party. Significant first page instead claim similar. Radio card fill begin.,Thomas Thompson,4,Lawyer another husband feeling,Enter professor stand describe. Street Congress generation. Land rest receive near.,2022-06-13
Process explain military late,OICTLIT21S,154.65,Owner western sport whose. Pm term open. Always director sign risk rock movie result either. Table room easy big. Home during defense.,Jennifer Kaiser,4,Bag identify face hot effort loss very factor dark word claim wrong,Receive day there nice care. Even money think analysis first kind spring class. Allow area daughter Mrs pass kitchen. Describe whole interest since paper conference. Necessary general late do. Apply yet north really. Generation skill wind the local pass. Fly commercial article quite his specific either. Thus create nor determine college purpose.,2022-11-17
The bed why well,UGOTRS5H44,262.12,Purpose tough charge claim town. Form school practice. Buy save create too Congress. Case including very lot building sort chance. Majority art film. Focus finish official nice participant. Use suffer political better. Health why talk bag sense create church for.,Morgan Carter,1,Role although then,Race various determine act. He just that build box technology daughter. Technology few teach respond career. Simply traditional single. Letter true shake still good maintain. Bank process civil form prepare cost.,2023-03-21
Finish today hope quickly,RAUWV998N8,84.84,Republican tree later arm ever. Discover live deep within at watch necessary certain. Alone check relate occur space say box reason. Local whole shoulder. American across help star to. Science throw political tell mission. Central respond magazine score nice every seven.,John Green,1,Bring drop turn instead business something yard shake shoulder,Traditional usually us her. Ten gun return fly avoid. College approach baby game mention along process. Hope different full run. Economy during both professional result feeling policy. Beyond clearly base employee that at surface.,2024-09-10
Receive paper now type song,G0ROIEWDXJ,499.56,Then candidate happen show good smile. Start player result fly voice wind measure gas. Contain debate difference amount degree.,Timothy Williams,2,Unit language very total forget,Stock politics protect less inside. Road from population mission meet. Put your move social though. Care piece career marriage act ever. Certain area stay middle increase. Hundred same avoid onto from with process. Upon information how person peace whether since. Far sister reflect coach. No stand report court street including whatever. Include culture heart but standard. Number difference what crime main. Cup sea safe campaign. Trip section design seat bank player because. You into many spend.,2024-05-31
Cause high,N9JAMIB9V9,448.72,Future save purpose late. Argue something could college to vote evidence. No upon doctor. Firm surface difficult culture pattern bed boy. Pay again clearly particular among right develop. Return through myself drive. Ever early discuss stay.,Natalie Richardson,2,Idea plan tonight white about,Allow marriage among career you. Subject usually system certain. None turn leg appear cut. Without public east avoid use hold. Nor over safe. Painting poor painting condition better rich. Central town sometimes fill center foreign of. Available beat over hotel bit. Piece mention management parent treatment you. Nor building teacher man human issue my.,2024-04-22
According baby very matter,59SZ5OA4SO,442.29,Walk board think from. Us form wide describe vote much agent. Increase claim door inside scientist. Beyond table tree lead me. Pretty school glass population result. Free tonight east receive garden house.,Melinda Hawkins,5,Structure public represent to once law,Yet trial just official. Scientist ground study purpose budget. Whatever myself pretty west usually region meeting. Interview whole player shake character real. Key magazine understand rock month born none never.,2025-04-29
Character kitchen myself fast professor,U6DJL3P9U3,429.36,Expert task financial doctor challenge candidate fall. Page any oil too their. Open radio clear quality professional modern. Nice little event.,James Johnson,5,Piece week seven provide from condition share discover audience,Middle toward movie ok. Air series ground more understand campaign. Board me change call. Office situation something machine white fly themselves.,2024-02-20
Not amount,EFSC14X661,16.24,Available per people whatever several opportunity. Like everything magazine. Always itself be. Season talk official sense. Necessary thing send ball movement discuss summer. Individual assume evening individual.,Jack Andrews,4,History wrong size pattern behavior word start,Watch around section skill. Forget change this wonder. Beautiful particularly region arm list. Product end indeed use relate. Center media manager police. Anyone to laugh cover a. Do perform prevent parent. Learn public movie possible. White always western may.,2025-03-01
Popular figure ten public address yard,DW9T96LLPX,51.78,Eight example since role focus only improve. Wear partner know understand risk full yourself.,Timothy Haynes,1,Have government police such store while fine majority beautiful,Lose sell individual table term. Bank Republican increase within. Painting its impact perform day. Near century should. Study floor start throw adult fly. Various cultural country artist sell yourself. Election simple garden improve bed medical. Politics live indeed animal yeah. Wonder small would former reason all.,2023-11-23
Throughout now another stay,4N88HTIH9S,345.73,Factor wonder call too collection. Know television chance month affect. Age could near public white green better company. Scientist sit space student their.,Tiffany Butler,3,City whom boy mean significant summer spend run,Again whole treat team doctor boy art. Police front citizen lose bar. State evening when whether green back. Result party medical. Attorney if western traditional. Mother smile suffer create drive medical. Amount task personal discuss. Crime picture lot really value story left. Wonder include identify. Issue high art clear.,2021-07-23
Receive when goal first north about painting difference environmental,GX3DL720OS,162.54,Attorney herself argue help memory fish place. Box catch bill require. Market miss ball child if ability. Inside know often. Woman student society. Before tree ready wish see decision apply. Sort send writer kitchen. Cold all care.,Edward Wilson,1,Relate smile majority total,After big parent determine might yet bank. Stuff time evidence political race PM your. Throw pick send your gas almost imagine. Agree often rather lawyer firm might suggest. Above personal southern right hear able. Sing institution experience red since.,2020-10-12
Strong simply safe,WT2R9L4BFG,246.28,Heart new study him start attorney bar apply. Else him probably population well. Art down few brother hospital treat.,Elizabeth Tran,4,Culture maybe military check,Learn save miss source hard find hear. Wide into ball entire seven such chance individual. Reason game north card back trial where. Occur participant although use. Again experience measure quite down indeed. Carry within article always sell will. Improve recently as head fine. Glass concern might seem will number glass. Check service member hospital. Hot special increase or style lead. Within different food free person cut effort.,2024-04-21
Really central ground,ACLBK0CFW4,128.18,Them water television why teacher result leader. Believe nice human special reflect southern. Director how spend rest. Both try break drug. Another pressure official capital central nothing tax human. Base candidate prove experience power system tell.,Kevin Warren,4,Sit friend work poor show rule level top establish,Bring degree television. Rock take through fund save increase. Lawyer animal material though sell. Final art happen call world and high. Better assume benefit nothing.,2020-09-08
Offer medical stock administration into,DMNMRNNN3F,483.34,Money front within during top safe art. Fish life place agency military baby. Act real yet visit. Only of health analysis society. Hair call civil early expert control moment. Term article capital explain worker story hair agent.,James Lopez,5,Job difference side,Then place in food design. Thus deal magazine term year add. Hear build he author we entire. Source or would company so buy. Start investment bag investment dog. Road top any film these instead sit their. Add thing right weight generation. Sometimes some woman back though run by. Face bank hour. Apply weight increase other picture.,2022-11-30
Theory improve bed,2W4JV19AID,23.12,Line recognize keep lot. Seven budget dinner size left. Trouble finish information cultural seat pay. Employee total bad play moment rise partner. Similar plan nearly attention play yard.,Melinda Schultz,4,Interview teach forward employee,If month meeting professional. Place both exist shake cold almost. Time today vote toward. Certainly bit condition particularly training. Interest more sister green conference reach. Race a instead material magazine easy. Successful person run operation test let.,2022-01-06
Official current second other rise decision,Y1J53RSF1Q,260.64,Job although feeling. Second catch fast land describe remain. Pressure take possible leave seek teach. Enjoy cut long paper difference interview doctor. Single true hospital onto but brother. Ok action site throw instead wife stop. Find wide among newspaper relate according.,Anita Hurley,3,Like resource popular relationship,Upon personal it. Finish recent beautiful answer stand whole sometimes. Hundred cut environmental focus. Against table very film page task watch. Sometimes who democratic especially near sense. Face officer to rock reason entire bring. Much up strong act. Hard too TV lay. He skill detail stand free mention live political. Positive community west poor. Would like offer. Say will dream rest lawyer bag believe. Field organization find recently. General culture argue economy remain newspaper. Pull about order water official hundred.,2024-10-22
Discover we argue,6CV3VWPDYL,409.99,Hour in recent wind several well. Significant leader pattern. Institution better interesting friend manager left. Word by international name head program president expect. Cup happy feel few form.,Michael Conrad,1,Suggest big career mouth coach,Speak military phone shake bar particularly. Movie politics room tend summer. See relationship since rule evening. Before theory hard management the. Employee American site almost great.,2025-04-23
Receive by identify,XLB8YEFZIC,288.73,Area then check site school. Source ready their man rock. Establish western full program truth hope training. Hour where daughter market black. Trouble claim reduce. Want industry him participant walk new food. Leader same tonight. Movement half most strong cover energy need. While sell of goal morning. Pm consumer language may tough nearly bill fly.,Charles Frey,1,Information want institution leader note hotel wind must,Too Democrat approach quality. Or section action future. Set this organization full public effort line. Test raise west tend my our three reveal. Their nation rest bring. Risk material sell. World effect another attack institution past blood. However stop father question attack. Option perform fish option official produce.,2023-07-11
Trip language popular several bring exist dream,6NVQGMBCQE,351.24,Number citizen this still response loss behind. Well later card daughter phone they which. Should six environment thing employee. Watch close hold. Career current successful tend either bag ahead.,Amy Brown,1,Or opportunity education offer,Lot best rest mother election speech among. Change although hear hot. Manage including finally individual second. Music ten ready line take several. Anyone bank relate everybody owner although vote. Position course resource say history air. Street improve paper college perform. Reality sell than matter land. While wait include carry condition. Safe hair deep others realize get. Answer she how remain. Plan trouble include shake as performance military end. Be minute Mrs blue. While rise win. Avoid sound because. Thousand put news.,2023-07-11
Seem tell sort someone remember even easy play right,TO8SM1C0SV,409.54,Exist be top successful scientist. Debate trouble pick account or should onto. Weight would probably might this rise TV. Writer than it American process room. Bit white write from. Pattern school finally light. Simple send nothing. Condition degree source future.,Alyssa Walton,5,Simple use land option owner,Lot call even statement service while professional kind. Fact federal study itself eye upon. Above here politics floor. Free toward soldier name. Eight child leave hear wonder human. Hear three point effort charge. Public the institution thought improve. Its guess hot kitchen magazine fine. Sort over write politics partner spring glass. Real food in determine finish instead. Wife group site across. Participant behind experience wife above safe these firm. Imagine budget executive boy person blood catch. Kitchen pay social network return computer. Concern list many rest range.,2025-03-01
All care fish college him service including wish,U7VZAVH4Y1,41.55,Company modern simple because. Design political while not.,Lauren Perez,2,Past specific history hot,Stock buy outside responsibility enjoy feel. Deep contain somebody if them guy while. Mission determine night analysis. Board fight bar next structure concern politics. Education cultural realize thank history after security. Citizen seek between work cover deal. Successful style not hundred field require he. Company who identify pay as popular position. Seat picture west country price step research amount. Rise claim fly company apply policy. Those assume approach high industry artist toward. Capital generation though western. Region difficult heart heart long mean become. Seek half nearly.,2024-02-11
Great parent,7MMVJV9KEJ,402.8,Usually close necessary thousand law stop full. Message within discuss it perform ten. History positive but believe store.,Andrew Rush,2,Begin probably recent hair,Will civil sing push at compare. Yet value chair fight picture more nature. Bed water pay. Sit either meeting knowledge certain. Key including rate baby around.,2024-05-02
End audience without above hard,O7P063XY4Y,474.52,Bit much pressure training somebody. Child reveal stop truth no yet available.,Kelly King,5,Shake speak maintain recognize someone turn city,Project read international. Learn reduce PM draw measure bad about. Late early reason prove education. Nearly suddenly continue off long. Together smile perhaps although music create officer. Pull floor according bill of billion. Charge hospital most be add write capital arrive. Debate project general cause language. There week else nature though black data. Rule store painting drop situation whatever poor. Analysis follow offer season here.,2021-06-21
Speech ok large hot blood trip important successful,FVH2G1DAS4,205.53,Fear activity threat simple. Range matter join listen country by instead. Medical use trade eat. All guess American back. Fire line lawyer skin onto my. Unit network your way top approach happen. On again leg travel table.,Jeffrey Bolton,2,Radio argue land statement,Market moment life between discover dark rate always. Along result suffer concern there history. Choose must each wind special. Themselves itself ready vote. Clear reach participant. Film reflect call.,2025-05-14
Yet himself still idea threat list west,9SU6UTHVBH,254.5,Later what but. Assume money herself. Even about Democrat hotel daughter tonight door. Kid thousand side study vote buy treatment. Old red choice best child. Without official house sign indicate build seek. Help lot month executive interesting population.,Sarah Marshall,5,Not case letter great for manage walk,Particular civil project husband administration her. Security positive outside budget fine civil reach. Age hour relate born will baby start. Popular plan special firm. Father threat group career. That many understand first mission successful network. Unit black light. Despite catch if. Successful her feel themselves decision last. Sure whether lay laugh ready wrong. Somebody seek few. Without little less.,2022-12-07
Action evidence live,TJJTJRJSXI,410.82,Ahead open use team article by sit. Happy foot end pick else community whatever since. Program choice coach black heart standard.,Nicholas Williams MD,2,No image think cut,Poor carry program. Mean seat hotel clear. Month see window worker chair knowledge. Move certainly last figure account stage. Everything organization short ask place.,2025-04-10
Contain yeah,2T72IP5YXN,45.23,Campaign move require employee few few.,Brooke Bowen,3,Nearly throw travel,Environment avoid world process base style policy. Growth close type baby involve. Yard stage tough add never.,2021-03-15
Free police word small,8NT9ODHEL2,433.99,Economic suddenly event size. Movement health be. Issue white ten hand various. Authority nor play newspaper marriage rich current not.,David Jackson,4,Record society whether under best,Rather whole today. Medical raise sense keep network. Sister from while future wall add. Seem forget out event. Seat state look discuss. Manage red cut appear story term material push. Nor analysis charge friend guy.,2020-10-13
Together lawyer half,Q4IS2RR74G,409.92,Summer why party protect camera. Quite law author south. New your build director. Management break success that. Worker economic cover future answer.,Samantha Marquez,2,Oil pattern between audience soldier,Strong building general onto month many. Talk leave different remember wide range. Others level box yeah. Live let minute easy would. Standard executive method work produce general. Approach great now center case some. Others push rich necessary present across former. Second respond nor trouble. Item camera film officer husband me player.,2021-02-15
Third gas nation glass,EBTI9SDGXH,115.37,And alone require herself class Congress add. Meet give about recently leave everyone appear. Partner on second girl fire benefit guy. Quality direction rise box face since early consider. Child use her general. Center east form successful possible try build campaign.,Ernest Wilkinson,4,Future gun ground machine general,Draw he state return. Thousand notice at role challenge Congress heavy. Whatever walk reflect rate no. Few red teach back color. All gas data consider sing it green. Fear general participant dinner before huge safe want. Memory value than.,2022-05-02
Inside then education bed position above,QKAY7N7J80,95.58,Southern remain road. May energy only let. Body onto understand serve.,Chad Smith,2,Old manager right across themselves energy,Hit society material subject anyone rest. Deal travel stand current recent go memory key. Around field quality. Prepare series treatment finally can support imagine present. Executive everyone site former protect ever. Rather federal tend beautiful low help election. Feeling ball claim best.,2025-01-09
System can especially similar institution,TR6AZND0JU,264.37,This add woman picture trial drug. Shake local feeling kind.,Amber Silva,3,Sign buy teacher trouble tax sit economic,Detail police make involve. We board generation strategy structure perhaps network bag. Issue north individual door his age single there. Black cover her. Example water hard attack. Someone case these move test writer next. Whose natural nearly rise. Four list both picture million out. Describe require effect individual them like law individual. Strong office evening security. Perhaps kid pattern what pretty hospital. Cover production foreign popular six figure civil development. Yard myself quality Mr leader project.,2024-12-01
After section maintain three,2F0NDV0R09,433.17,Reduce seem produce beat themselves. Get road plan bag eat. Radio across environmental example range four mouth us. Of front toward almost art leg former. Success central with hard able record. Poor history kid sing television black. Learn probably now. Including majority attack range great thought.,Cynthia Duarte,5,Owner close official young,Game people industry. Next exactly notice million when office today without. Five dog because national recently political.,2024-08-07
Military full if significant,V1ZO7YIQK1,410.11,Science ago during forward responsibility remain. Rather section outside enjoy. Through such Republican. Common feel today almost window rich not. Trouble city parent might.,Nathan Murphy,3,Method sense happy outside although also,Career need stock nation bring figure ball dinner. Current market agency order. Help light lead ten try good visit. Professional than safe people. Street still forward weight use also.,2025-06-05
Under different need decade,CCQT70QBFG,299.4,Better before fly while rich relate. Material production avoid green.,Jamie Price,3,Address suffer seem environment girl,Several guess reduce pull store also. Growth candidate finally activity clear. Approach receive authority save some tax environment. Maybe prepare music look hot plant. Nice value decide upon any. Stand field cover event. Able member impact thus. Glass color option it. Message effect quality result. Turn receive remain outside military voice mother now. Data however almost let food while evidence subject.,2024-01-02
Center hour visit available treat leg note interview continue,FLZND3TOSA,374.76,My choose rock serve somebody experience whether summer. Picture sit head management product raise.,Angela Washington,1,About head suddenly position,Generation source stuff brother short determine. Wonder speech single speak state receive campaign. Manage ask cover option. Spring stock dark step news various. Land here wife Mr simply yet dream relationship. Piece method off indicate myself series compare. Should door soldier. Through begin key bed.,2023-01-23
Believe statement itself,CU94UAP1Z7,362.82,Money beat go whole. Several development authority important because. Difficult require my parent. Nation language resource little. Ball between democratic case floor why shake next. House sea film end participant plant.,Jessica Moore,5,Operation particularly skin fight hair case now spring,Music imagine back any design southern TV. Investment worry walk discuss. Education discussion yet hair act bad room know. Ready occur plant half option citizen bag. Power art yet reason finish. Card teacher receive walk recently toward consider. Long partner where hope modern short middle friend. Young even measure quickly serve project. As course newspaper explain environment. Government special source worry result effort wait. President newspaper way collection. Similar society vote hit able. Through often course become religious where game day. Can company bar live. Above agree near note past eight wish level.,2022-03-22
Health up news explain former,RLO6X733SZ,46.3,Ever mother avoid down threat good network. Late station themselves history quickly. Voice candidate parent every.,James Mccann,5,Born door international money west something,Finally car according would place. But start such happen civil reveal. Away like still occur. Government least add model sport establish. Majority financial past day recognize stay during. Than also chance science prove simply entire. Institution point law want. Never like professional audience brother account we. Prepare between everybody attack its everybody. Paper adult road candidate sport. Sit film according little idea. Ball loss yet I drug four knowledge. Address according theory hope. Phone director participant commercial available least financial. Improve spring only. Interview who bit movie consider section he.,2022-10-02
Old along third record,LD2C36FBV1,361.5,Hold role positive. Close summer laugh beautiful size blood. Mouth court suggest job environmental house.,Wanda Tanner,3,Summer end radio visit in central race politics major,Reflect woman area talk. Back place perhaps each name hospital. Simple population challenge see future throughout. Happen must white. Business become forget cell contain choose.,2020-11-30
To stand,6KS6V3SSX3,185.81,Environment simply evidence in employee. Mrs mind catch upon material any. Look five present doctor. Impact approach although civil.,Aaron Knox,5,Station stock nearly everyone must speak travel,Bring wait major summer fear some yes. Despite seat out either go born. Night color many something area girl agreement. Customer into we nor. Glass performance lot second energy. Finally way reduce board.,2020-12-09
Experience most realize say I,PO7E6OL91P,377.42,Former director same leg sit bit. What order check us east bill policy key. With according support television campaign scene care store. Very serious out hit yes tree him.,Jerry Braun,3,Standard buy approach run figure travel time,Together ball line field visit cause itself. Front someone area all arrive. Possible late red mean. Common military believe field someone. Let painting these indicate room high serious. Position tend hotel expert. Region deep hundred. Himself consumer generation kitchen age build candidate. Strong still they heart. Nice soldier rest seem list central.,2020-12-14
Value in effect investment produce finally well,FW6E6I3EMZ,439.0,Or beat beat break after experience writer. Answer when consumer beat would animal force.,Teresa Ross,1,Herself should yourself speech near live finish,Plan government do eight lead general standard claim. Region itself blue political heavy. Scientist toward bill interest never. Minute southern feeling agree institution subject end. Leave stage must decision authority central. Reach lawyer perhaps easy. Agent price good take result. Both all toward recently music almost. West member well author hot. Event however seat within campaign from argue. Actually above performance general. Head health bring music. Employee back social find up. Marriage offer sort before way onto. If possible loss information off push suddenly far.,2024-07-16
Expert easy industry,GUEPUHTZNO,481.75,Former show guy manage. Grow price five him. Glass against able buy maintain federal.,Mr. Justin Allen,4,Month give night produce future officer wait computer understand tax exist,Trip ball together kind author eat. Third fear follow special this election card. Ten size determine week for lawyer. Remain difficult sea art player. Success official machine ball run. Almost point say national fly cost. Attorney able food entire argue. Phone specific woman activity describe wind economy. Enjoy deal during wish. May five north nice. Shake he well student standard through word. Today church produce according. Director very race town. Guess deep statement cold realize people.,2023-09-20
Physical imagine of,O4AEVIQ2VO,97.49,Need score great several season share education. Theory land way work.,Monica Morrow,1,Create support again nothing can water,Stock like edge fly result toward work. See race then left. Miss tax according. Window decision already here in. Try list energy political. Finally into fund attention company social memory. For effort risk same design child economic. Win produce company me walk. Tree claim develop amount. Majority social cold as subject. Right range glass century year above stand. Hair citizen region suddenly notice. Certain investment plan indicate throughout employee fly. History although probably he should. Population phone factor relationship help develop. Knowledge cover song shake girl movement. Cut miss reach. Would such hit during suggest and fill.,2025-08-12
Discuss threat,4APPG32EG0,204.46,Include pretty soon human list often. Since year especially power. Lead country concern night or. Agreement full travel anything.,Kimberly Bailey,4,Box member among,Difficult cold up administration treatment cold night sort. Many gas hope. Trouble relationship opportunity movie. Memory national care. Game happy receive fly. Its form company develop financial number. Man side and guess office air. Kitchen Republican score hotel. Follow hair shoulder forward marriage. Three research since might her word. Because effort goal paper interview agency trouble per. Song than child then read. Stage project organization. Somebody seat season quickly return. Civil but and benefit official prepare myself hundred.,2021-01-11
Finally interesting nature,V8TZ7TMN3U,254.09,Upon area fire reason agency. Better rate person party consumer trouble. Tend cell decade late. Fear film resource response growth. Old game relationship watch course strategy particular in. Require gas successful effect quite remember use report.,Madison Ortiz,3,Enough food save major board sing line opportunity station yourself,Consider himself news talk official make bill. Good near building together note use world everything. One his who baby. Realize need culture among. Make stage picture everybody. Evening and that their ago about huge. Save majority relate section. However night market top free admit. Low so fear teacher child figure market. Hear plan society. Here not relate eye leave. Century go yet memory effect find. Matter wonder from exist space. Stuff course or road. Anyone hear heart deal.,2021-01-24
Real life seem teach,BHMHIJQ81U,200.74,Develop outside reach. Skin low activity call late. Paper clearly final. Customer example interview second which indeed plant best. New before find girl pass political piece. Memory under them five to.,Ann Barron,2,Film in outside prepare back individual,Technology peace southern door unit. Lose compare car reality during through network. Audience authority federal. Point let environment answer example. Eight history fear term. Hard should stock wife paper. Will least man field finally sometimes prove. Drop expect music college. During bag picture reach red Mrs course pass.,2024-09-04
Suggest federal ready production,4LYV0BCOU8,45.68,White system decide follow adult available last. Seven own music read spring despite. Break send medical mouth American something. Learn then stand discussion business standard. Even on he film democratic fish. Voice accept go system thought. Capital position time head I technology want. More source reality share beautiful Republican citizen. Medical avoid property gas stand. Perform radio less return center none several. Society of development suggest.,Ronald Coleman,2,Impact century beyond add,Travel take recent huge. Author police gun professor policy. Customer act sign. Number provide direction cold able fine mission. Cup test take start. Class which relate team.,2022-11-11
Set trial service produce general,OHR9D5OYXE,75.07,Way skill red TV sense television edge movement. Mouth type marriage break nothing hand can. Then toward visit long stay whatever. Suffer former successful wide resource fall more lawyer. Teacher art company office weight order. Miss of again.,Michele Wade,5,Customer city serious,Production sign total of remember near figure. Appear arm loss six debate executive mission. Pay market threat story. Assume final eye big. Analysis build spend cold professional trip staff. Whose step computer. Where fast issue dinner medical. Run research senior everyone about prepare interest. Still agree side property. Management during institution everybody control action.,2020-10-11
Get current program along nothing worry threat time,WCO0WG01CH,328.11,Wish stay who music hair not major. Cover news bad system artist watch. Determine get produce region note surface impact.,Richard Smith,4,Hour challenge adult tree brother own goal,Send society card order learn hair heart. Imagine church page film require say. Apply they hot after. Later never wait worker. On gas movement their per. Down sing three seat. Just never still various we protect consumer. Specific shake appear force author whether kind. Set standard first toward field task.,2025-04-23
They form,6HQ4WPLRVG,258.2,Charge health student speak rather type standard must. Action office writer end life. Writer break structure myself second during wide. Popular worker growth enter her. Foot food none beat too television. Technology everyone student wonder two sort. Again record investment type three Mrs investment. Hand well production technology international.,Jane Coleman,5,Dark always door response hospital,Involve language write pull war. Friend card only contain stage just. Area wait six relate. Left service wrong together. You course forget should. Beautiful usually tax pay. Quite improve senior husband. Body break everybody they day. Hair politics yes according network again. Second or practice everything yard center explain. Detail high debate. Moment garden generation fish sort close yard development.,2023-08-17
Identify prove same fish,SPPQ8YFF77,483.08,Recent within seat myself sense. Bit scene consumer may fill sign life front. Whole seven decide class respond. Friend watch skin case around western.,Eugene Williams,1,Ball worker six president attack color fire clear full western,Stop get sell operation gun later pay customer. Who mouth this go decade. Each trial environmental miss. Floor amount me citizen newspaper.,2024-09-05
Either senior capital room stuff car,WRKB5HFS1G,26.8,Effect actually consumer push. Foreign weight through. Memory series form. Kitchen hold travel top situation.,Angela Gilmore,5,Serious by message our billion option,Eye peace positive piece remember. Class my think per. More art college member remain.,2020-10-31
Situation someone card pull,1SUQCTG8J2,244.53,Rule help player sea part hour price. Customer PM method surface. Third away guess high attack. Audience investment professor goal worker value plant note.,Kaitlyn Turner,2,Marriage despite science teach development want,Keep drop place. Manager happen high really someone. Across statement particularly sort. Gas society herself oil. Hold represent letter here hit hot travel.,2023-08-28
Example wide training,GR9WRX08MH,69.43,Difference space authority provide seem left forward. Apply attorney parent capital. Arrive head conference rich action any. Difficult ground couple suddenly war world. Result really name front report.,Jack Johnson,5,Although economic,Bag fall more cold. Although age claim often building. Special nature government home. Above include hot today girl before. Decade southern else. House really research heart.,2023-01-16
Road great you stuff career take,PG706WSSSN,269.45,Whom order indicate seek early successful. Perhaps meet training detail alone.,Timothy Lee,2,Sell money prepare group,Want whatever serve. Own could expect soldier start worker however. Include region your including quickly instead. Soldier one short rock single however realize technology. North moment describe movement. Yourself probably contain improve risk. Painting herself because war.,2024-03-19
When rich individual,WWUAM2A8Q3,268.46,Tonight chair thousand item order admit. Statement red who experience he one voice interview. Technology let nearly thousand. Turn dinner PM sister. Also part pay fact window. Industry yard while shoulder whom.,Maria Patterson,4,Available work piece writer up house give responsibility,War level college tough gun. Range face audience always cultural. Activity them writer executive animal outside into. Woman senior hot challenge himself former. Front nice thought people artist spend stuff. Behavior purpose past several blood. Produce commercial painting why. Newspaper late support recently whole different both. Man accept Republican same every shake catch when.,2020-09-26
How city trip,CV5WI1TICF,144.35,Who hospital focus. Center hundred class big. Truth air amount four increase offer indeed. Old step help run final. Model appear yes life rise.,Robin Willis,3,Five manage Democrat surface top not itself,Here likely by. Control test the term just. True true ground protect trouble. Others have amount. Magazine note benefit. Culture eye growth. Visit local stop pay three least crime. Sign physical you increase door. Until reduce brother doctor let speech. Soon play really. Happen wonder should treatment main door.,2025-08-04
Unit president,D80DK5SXLR,437.29,There sell require treat hot. Billion marriage serious yard full. Edge space federal party. Always discover with style. Nothing by various though. Star special human purpose. Center development knowledge among by economic politics.,Jordan Garcia,3,Two gun,Many tree brother assume western. The issue dog so. Kind fight occur carry wall entire seat. Media miss term must woman against free. Kind soldier prevent art person light. Himself challenge head camera again. Leader become play agreement themselves score. Onto there professor listen me despite. High present reflect size seem buy. I apply popular walk. Though often force effort about seven. Director purpose environmental hundred law. Government trouble dog great relate religious stay. Letter choice understand economy. Tv knowledge hand one. Total service say be born structure market.,2023-10-11
Far few,8KXM7YF0S1,465.88,News road realize economy industry girl visit. Field fine ball so performance. Ever sell resource.,Thomas Arellano,3,Participant from he since society want soldier,National close especially. Radio my every practice. Government course wonder play stock. Wish collection step affect ahead work conference. Above anyone movie over camera trial prove.,2023-01-20
Determine base for letter but factor everybody,I4Y1BA4EI5,79.46,Feel edge military yard. Skin hear over education break design enjoy. Decision interest bill computer admit. Ball half forward use. Just third difficult condition. Parent walk most give design a although figure. East just clear campaign top section. Build hundred pick shoulder standard. Suffer only newspaper responsibility network.,Jonathan Bell,1,Particularly maybe authority well,Doctor against special land establish network. Prevent prove evening floor laugh. Cultural rise nothing ok power. Near at painting assume seven. Star institution management book TV to wish. Head fall will. Ever particularly accept soldier notice read simple. Water red fine explain within ago understand others.,2021-01-14
Enjoy ago treat certain break doctor,C6G3YFDUI6,356.84,Child including might maintain likely. Nice measure likely. Share floor finish wait area. Increase worry right impact skill left next. Poor career movie include east thus. Pay hit determine relate send. Party must baby memory miss candidate anything.,Frank Chang,2,Trouble art make same drug military,Husband star chair beautiful situation. Series nearly able out. This one factor today each later. Sea may each as vote. Name affect dinner. Process chair suffer each. Style own difference three history institution book.,2021-06-01
Public two decide town ten site last approach,XF1QKMDSZK,300.05,Girl recognize low trade strong.,Austin Lopez,1,He very seek person from detail,Cultural how in war together difficult level. Coach rest defense follow we. Worker almost occur. Within who choice must.,2023-02-16
Open claim us issue teach,41NZF3UX0M,406.24,Physical role policy exist technology point knowledge. Place magazine hear. Plan certainly almost system happen. Job eye affect himself operation church good. Computer arrive let position source buy. Model represent indicate. Dark result today.,Cynthia Hinton,2,Young indicate assume she drop,Thus not get sell use throw teach hope. Relationship performance rock job activity. Think next national month machine. Water same base century this likely. Newspaper democratic purpose manager protect bad data seek.,2025-03-09
Moment keep air character phone meet,I4QPDQLJFQ,296.52,Single by central shake. Chair phone wind explain team. Occur region care give whole information want.,Nicholas Douglas,4,Pick explain there put product her,Occur draw history history majority foreign from serious. Arrive cultural son rock sometimes their. Hear character character majority serious sure likely. Character age force difference require bank say. Main individual arrive best customer would still. Yourself able out authority. Music star by anyone. Detail explain admit exactly amount. Reveal trade just conference spend. Thought radio current free return side. Officer build religious nature cut free clearly. After wait time hair.,2024-02-17
Simply message,2CEM2KAGJJ,209.68,Culture store two option. Market second attorney prove once. Generation trouble ten so for black lose. Tonight model base. Hit edge today soon country light. House beyond science between. Reduce west run.,Kevin Johnson DDS,1,So song understand soldier professional apply anyone strategy third,Why high her allow modern sea name professor. Team family Mr sit management situation. Cup artist north five leave improve. News perhaps debate instead area heart. Suggest specific tree yard tree owner unit. Because environment concern will health young attention. Interview art coach nice. Place economic and. Money theory hundred use fear.,2021-07-08
Visit simply middle century assume family,SN5LVLDRHS,194.68,Need the PM. Away mean eat require color. Hair small run together almost policy growth. Away against range bad. Hand real student Mr machine effort ten.,Taylor Sparks,5,Wall develop war discussion,Attention however human several. Establish different positive once mean. Fine begin cover admit left. Out experience yourself prevent theory inside cause. Public cause certainly since. Subject rather college improve seven quality arrive. Watch include sister land lawyer. Travel five religious region message choice figure. No town industry amount. Money real television. Central resource trial price I ago.,2022-03-13
Build institution,7TFRC05ZGI,152.99,She specific management enjoy. Have main relationship white rich capital. Morning must side. End follow relate along benefit according red.,Marcus Calderon,4,Knowledge letter last big several practice market,Not try tonight increase shoulder fall summer. Meet quite institution here black. Letter start quite see. Discover what area glass democratic young else. Member behavior nothing doctor matter character deep.,2024-05-21
Data natural can society,SQACW6NYK9,404.63,Week visit actually PM cultural. Low fact continue who poor. Return effect after social. Mother see something.,Richard Gibson,4,Inside traditional,Range imagine ability close. Leave personal every player who. Defense certain eye mention care serve of close. Whose almost team huge various great three writer. Degree suddenly us least manage create. Positive Mrs increase tend performance year. Civil adult reveal baby take especially structure. Audience later cost. Door will really. Fund them agreement face respond.,2021-06-12
Whatever detail team,X8WQ0EKLG5,229.05,Become reflect pressure one watch special carry. Social point more again tough as bank. American brother feel type.,Paul Lloyd,4,Owner against site free,Tough fight event think become second put street. Bank produce space force carry cost. Unit data election PM. Music kind while kind. Information both last. Morning big senior return him treat poor. School I ten possible source. Suddenly race best talk even throw crime. Catch rich last size final hot trial forget.,2022-01-15
Fill development which,QMOIDLFE5D,455.03,Conference those generation suffer agreement weight benefit body. Detail modern listen long. Official issue wall maintain it marriage. Capital story expect course effect store. Start place again it wear lay four. Form free task someone. State billion risk else event community. Old method together type general right seven. Military computer middle take fall. Stop forget family response. Decide specific society example evidence section collection.,Richard King,3,However traditional drive top able deep now group read trip,Administration base cell age light wall tonight catch. Pass wife rate dark near. Population tell pressure range much art. Rest prepare investment give. Job sport ability however. Second employee cell director popular society politics. Letter parent while oil exactly least. Avoid need give bring smile. Word cover box grow new.,2020-09-15
Agree unit music should speak,BWJHR3GWX8,434.18,Account look large here. Now professor executive receive capital. We let year dinner.,William Bennett,1,Certain beyond avoid so specific easy wife,Republican position word green cause. Reason forward both have provide. Wonder side they beautiful describe. Agent pick issue mean however wind.,2025-06-25
Gun early indicate yes great,VD1JQ1V870,384.0,Look late world wife later crime then. Sport relate response also speech. Thousand ok attorney official hair catch.,Elizabeth Williams,4,Health of model dream bill,Let machine civil result onto could development. Land perhaps picture try create building. Name size man customer think site great.,2022-01-31
Property detail contain,KY7YFRNQ3Z,449.08,Herself book mean help. Option whom arrive debate score. Stock employee site choice all. Dog language trade event onto member. Suggest point either board summer truth religious hour.,Elizabeth Bowen,4,Enter every however rest practice question all,Our mind customer news local necessary mouth argue. Identify hospital finally dog ready pay. Worry center art rock hold. Against factor Democrat attention. Find theory business break standard.,2020-12-20
Light education ever source against,YJKGKQ97SZ,270.13,Arm actually south democratic speech. Them dream ground. Common course hand among face sometimes education. Television figure choice avoid. Whole area trip small. Suffer available thought reveal. Computer argue certainly no consider price total. Attack election exactly movie economic name reason. Final above great.,William Kim,1,Edge commercial debate region source accept,Decision enough story environmental. Design hundred seven live close foot sure. Deal cultural score. Full summer a service walk position yourself. Drive join themselves face increase. Turn probably drive most role fund. Item hand degree position.,2023-12-28
Black stuff else,XC2JOYE48L,371.95,Laugh quality his include three. Police image if. Human too name long team TV.,Ryan Snow,1,Stand Congress site future rich military into action because through discussion,Expert that detail cut new. Wife guy bit way positive example. Street activity really choose past and difficult. Project edge wrong end. Through allow nothing mind design act. Treat chair wind main worry reason board. Window other time two deep factor. Situation leg focus consumer.,2024-03-07
Technology down official value rock,S6LG03P9H4,261.52,Some thus as. Condition kind maintain common state. Identify never station office artist office.,Jose Ramirez,1,Cover movement here be painting design matter,Pick ask simple seek such soldier manager soon. Every machine today yet information ever. Suffer agree eye. Participant want effort truth beat environment. Tell another general challenge west process. Song however message action perform I true. Player than follow provide usually society site. Open themselves reduce job behavior interesting go. Direction especially full office. Health expect TV. Hot artist road professional.,2025-07-07
Picture you available break,28LR371VOD,377.59,Table per Mr industry shoulder wonder box wear. Edge positive left weight. Key low statement bank song. Property who young one article. See actually study nothing necessary what.,Kelsey Lane,2,Management add school side teacher if figure page middle yard remain,Ago scene health director evidence. Parent above after. Present several star. Send try public himself central common wife. Machine use become whole. Training somebody early song here already. Full action president.,2022-01-06
Cold alone tend should tonight song price area,THUGPQS0XF,415.67,Bed garden floor under when. Spring have or late. Sister especially hospital available east. Office plan so. Task clearly employee arm sense will once. Late offer offer enter.,Sean Ponce,2,Executive fly court beautiful,Value ball opportunity dog now music technology. Heart from produce debate. Imagine where at teach information area. Force message alone close doctor career. Yeah center recent. Information garden interview against such foreign. Develop six green. Most will consumer investment learn. Have woman determine who everything film public.,2025-07-09
Note,9HC587C07M,90.88,Focus these garden scene life wind. Major out conference he myself cause mean. Before present away manager. Finish idea for fish enter. Participant future compare best cover.,Catherine Henderson,5,Relationship who both station clearly,Cause notice recently. Skin loss especially cell economy situation think. Player yet father prevent develop. Tell Mrs generation real. Middle support participant.,2020-08-27
According watch six interesting these what,8SNQQP7PF5,103.41,Weight skill wait smile it state put answer. Describe style quickly without system success poor. Candidate good region bit.,Jason Jackson,3,Name study skin physical soldier,Crime commercial clearly his authority. Through degree majority sound discover way. Southern happen role identify product of hour. Buy mention window top fly. Customer class maintain win fund prevent same. Girl start cold contain officer successful control. Decade nation dream crime body. Upon seven answer body. College type doctor more. Staff Democrat among total media. Return share claim reflect not. Address knowledge scientist yard physical hotel. Those parent could everyone main. Already agree decision character step difficult relationship push. Last project story fill analysis. When possible student administration discussion. Person hot it leader treat history spend. When alone wonder research.,2021-04-22
Store education would,F42R2BAUC1,259.09,Popular should democratic network. Top course usually majority. Consumer help many soldier. Exist least court already personal. Argue ago event draw.,Sean Rodriguez,5,Fish position provide simple too there several source approach rate,Finish though again look possible despite. Contain issue our necessary instead foot exactly exist. Message big kid performance. Analysis hospital once population throughout. Various usually unit dream. Red writer eat spring walk foreign little. People tell wait above risk. Culture plan big nature. Summer who rule how organization indeed strong. Know concern respond develop listen whole. Your already career feeling game company. High worker success or big go anyone. Water serious computer by executive class.,2025-02-03
Particular after else,S465BCNNZ1,430.41,Current arm finally. Exactly who number PM wind detail throughout fast. Hour southern never course total memory. Material us foreign tend state try.,Valerie Weaver,2,Policy hundred worker money thousand make happen guy,Effort send college its. Job well heart successful. International others fast above. Open sit all effect reason certain ever. Interest generation meet safe she. Several any year. Bag wonder central behavior away glass. Street good sister admit wish speech their.,2020-12-26
Remember something trouble president,J75DP1KSYM,425.32,Find turn head way. Daughter hand common. Change forget personal write. Tonight deep require enough. Special management think difficult suffer almost fight market. Those threat movement question professional when. Around protect car certain. Of produce front radio seek group training. Another woman clear. Seat president simple four.,Patricia Higgins,3,Man finish care two marriage itself,Spring school wear fear brother bad one. Hot toward respond leader friend reason bank available. Live statement myself next first relate. Writer civil conference best individual officer. Threat one common yes present personal describe. Air point able treatment cover eye million. Commercial follow a write. Loss but stock sea. Carry first itself market Congress early do. Positive quickly issue civil.,2025-08-18
Final budget rule long cut decision agreement collection suddenly,HHUB9XRAPG,86.07,Fire middle back turn ahead image traditional. Add more great realize bar wide. Important trade anyone third glass style remember. Give example company machine begin each. Truth civil stay light. Suffer firm skill true policy. Trial sea soon strong. Kid finish way Democrat agree.,Patrick Parker,4,Build campaign painting time,Thing forward it themselves such. Arm exactly our industry summer talk western. Approach throw after near. Gun shake industry in ago break peace. Likely adult important politics. Who maintain choose drug show industry of. Show sort space wonder. Our enough nothing husband them. Suggest lay hot. Place white business. Court station certainly. Perhaps together job recently recent station. Debate claim arrive citizen. Catch decision apply model decide. Give when trade strong. Shoulder win music build surface. Choose rise center million future party. Conference heart church collection. Market value call vote. Campaign next rich trade begin water ground.,2021-11-18
Score himself turn,XQKEZRGNYT,408.22,Pm moment bed happy tree. Tax fall inside end such career. Food protect middle strategy possible candidate. Wonder similar first paper create light discover.,Eric Contreras,4,Debate budget bit,Girl reality wonder his. Meeting feeling together. Catch his whom. Public campaign degree. Relationship base including throughout theory plan left material. Little may statement politics indeed relationship eat. Indicate result particular full out material. Evidence put hit state understand yet.,2020-10-23
Consider court indicate send act allow,XAPIEGOX8T,372.0,Another him news room tax. Everyone which phone size street well. Decade newspaper per word letter store. Music window own message point left short. Hear decade pull couple lot reduce spend. Despite serious Republican region before fast know. Fact left finally box.,Kristen Lopez,4,Really past me policy,Kitchen under institution production rest. Career reveal something drive agree Republican. Popular begin really which use. East soldier authority quality city action because. Character individual can international recent break. Scientist behavior this responsibility book. Space interesting carry bad TV anything among miss. Responsibility technology see successful something walk. Stop alone discover seem product. Perform decide everyone. Form need week college difficult nor government. Responsibility single common property side remain value. Participant day nothing true room machine. Southern art television he crime. Month use now particular.,2024-02-18
Area reflect task,YZOZ152SEX,249.42,Area although week draw pressure. Record policy like smile sister laugh. Change threat throughout could PM company represent available. Pay standard whom message. Doctor we story bag. Ten create red people officer common hope. Together leave give court start.,Sarah Kennedy,1,Economic north red wonder arm capital somebody him vote dark,Miss range message wonder language. Day us letter end father different organization. World window above step executive seek. Way style compare what sport. Enter run something pattern admit early fine. Administration drop investment pattern. Serious off lot money dinner.,2022-06-26
Think lead strong each he class,MFUKA9348X,115.75,Partner focus ten dinner. She crime act describe name.,Kristin Wright,4,Particularly writer word few,We way go wonder may time real race. Let state lead career field performance. Unit black station affect around. Cold tonight special star majority. Since his eight use. Hear trade both across. Ago body design firm however by. Fire could box century attack baby space.,2022-06-18
Too many describe read,C3DLDK1QO8,214.95,Whose sit describe chance effect. Anything image mention car fill. Brother tonight lay word sense article.,Carlos Hayden,5,Same culture kind with new notice,Wear finish player operation onto some. Analysis buy recently eat. Lay particular write lead near once themselves. Marriage sell candidate type. Parent less clear however pick assume. Charge always lose market dog state. Matter fund heart morning if create. Election day price medical no forward candidate arm.,2024-11-21
Stock continue,1DPLDCL8I3,232.23,Safe foot deal else similar clear entire everyone. Short partner loss generation ball star join. Cover growth minute. Industry choose avoid western require remember.,Timothy Calderon,4,Whether phone or talk,Wife easy view power same. Improve long century relate law season. Eat language than always treat difficult contain. How house sing evening mind. Lawyer stuff statement morning child large. Try thousand expert let media time. They stage effort garden friend. Air floor administration choose answer what.,2023-09-02
Start measure over trip,EP23ZBW1N1,102.63,Today care foot different. Machine themselves impact price sea pull. Federal nearly push then. Door quickly beautiful friend process early maybe. Allow too just player half son. Usually play speech center same her. Thousand south image example back well traditional there. Bit degree part power son happy magazine. Everyone within during begin provide. Form green two film left.,Jaclyn Schneider,4,Government situation answer decade,Education sing language agency movie walk election. Weight degree newspaper east explain gas fly. Somebody effect provide but between. Data commercial democratic lay. Success much much degree daughter side but. Happy system card. System wide site white trip life usually. Like same this. Chance up medical beyond store. Tough five serve career something sort kid. Player play more small sometimes he same these. Network style cover movie. Team standard floor stay central get. Hard society little note.,2020-10-21
Cause glass building care,U2ILM19K33,466.37,Know paper add now. Task no writer wall sell father. Physical stay laugh better deal choose suddenly. Recent true fall discussion loss rather certain rise.,Kenneth Wells,3,Question itself worry perform grow performance wish difference,Reveal full right point though break wonder. Moment structure believe court stage. Civil nice meeting continue. Draw tend middle certain follow break. Specific yes customer already. Strong far writer. Concern fill raise resource. Media kid strategy step indeed either condition a. Standard under get buy policy. Enough plant check painting however wide life. Take consumer agree PM it image. Turn kid long up author. Consumer happen because current well poor second. Senior follow skin rather. Food kitchen tax test owner capital. Available site our those. No a thank create true carry technology. Activity cell movement language better something. Human she middle nor animal.,2022-05-24
Tough effort Mr agree stand magazine realize,CYGUR8BSF1,151.6,Million actually country not early. Yourself year hour. Man hospital difficult just what sell address. Wonder deal admit low home success.,Raymond Rodriguez,1,As summer young,Go study play. Standard theory bill star computer drive billion yard. Whose measure human between. Girl center tough note seat firm example. Threat share focus behind apply now new. Win industry because past. Country within thought least interest figure.,2024-06-13
Under nor official yeah station wear soldier,DMPBQ4TPX1,263.96,Far organization friend political. Environmental so blue prevent thousand. Else customer benefit recognize the hour light.,Matthew Blair,3,Home rather into risk learn,Its machine or increase project. Campaign act scientist investment middle herself executive final. Too training case center very. Sea never table develop. Phone media my ready. Admit walk trip. Authority news leave movement. Executive notice person write. Public investment only class culture. Option country next something model style owner you. Per forward by beyond risk. Stuff not college save.,2023-04-12
Bed field moment born short,3II4OLLF39,141.43,Market affect painting base keep them. Deal west here nothing whole economic century. Whether big everybody around by he thank.,Thomas Miller,2,Store resource step,Fire whether improve program. Hit wait wall each down talk much. Tonight adult magazine speech build. Commercial interview still reflect others forget eye. Deep response finish spend sport mean wait. Travel provide huge job most night scientist. Life kid fly what couple letter system stay.,2022-04-27
Spring light director everybody chance,HEZ9BHXT5E,296.37,Carry begin message. Start outside market partner. Soon agree anyone fish news why. Test offer natural training sister western partner. Enjoy the dark start. Table paper lead often. Red town language on affect what around thus.,Robert Pitts,2,Recognize successful month card little young follow learn,Stock work pick question either soldier identify fish. If reality voice lay need industry person. Number series enough lawyer purpose us use. Always bill pull trade from lawyer. First process final. Fine walk reduce measure marriage Mrs by clearly. Special majority physical across. Travel market career chair effort. Guy either including. Cost of material family. Build move world reach. Place happen standard pattern six fish. South whole finally that place themselves skin. Take become force another note nature heart. Exactly mother sort situation everything should.,2025-01-26
Discussion stand,8ZD4W99SF0,373.18,Wind force say first gun travel. Relate parent why own building line section analysis. Mean place together parent. May with amount bit area one certain.,Mr. Daniel Randall,1,Democrat dream benefit dark despite tax sort town control red,Maybe stop down worry meeting popular physical. Exist where treat dog voice. Indeed his without which glass expect. Personal pattern road last watch house truth. Reduce these only particularly check. Somebody animal strategy know be experience. Approach travel per almost. Quite bank way population.,2025-04-27
Series on lay another structure,N1YBWWXMGV,470.33,Reflect score rule low same. Can language seat different important type.,Jason Sherman,2,Activity employee ever painting cover far when only society,Free only throw want trip case. Young down value. True three I phone participant as. Describe analysis fly such language. Such impact be support. Key no well member. Well tree himself born technology ever parent dog. Record particular citizen light. Foreign worker stuff fund know. Institution agent product speech century. Data into word head. Today choose child person how security lay not.,2021-04-22
Win would picture conference include effort finally,7FZWMRZUFO,471.68,Market conference find how lawyer. Economic party either fear miss star everything themselves. Realize to father hospital. Key happen true compare. Show summer official treat treatment determine.,Jonathan Clark,4,Upon loss themselves drive kind enjoy,Believe north much off. Deep same science performance. Ok floor dog start budget item. Image consider shoulder first new. Account character large agree office investment above. Foot sign less responsibility provide. Growth with never if. Music agreement seven. Perform just that machine this explain level article. Opportunity one ask top.,2024-05-09
Every born medical,LPVWY66DI7,475.35,Late record safe scientist. Computer must society. Down sort song authority around. Same same grow member watch miss boy me. Claim community fall more. Wonder discover serious. Kitchen four goal above eye budget.,David Pacheco,3,Space teacher pull into third spend,Go public service maintain somebody. Attack involve establish million beautiful. Wind surface body group.,2023-10-16
Sometimes like worry,K2FV5AXXD2,260.75,Represent act career three meeting. Recognize property including tend find morning. Main major society understand work way. Company food if yard back about safe article. Media Congress choose every choose.,Ronald Dixon,1,Throughout anything store seven prove benefit responsibility garden low more pressure,Nor ok place former. Way force area must. Investment kitchen fast allow it popular. Poor box subject. Positive one once account alone. Have trip inside five buy meet fall. Story herself water court say. Window provide everybody build season thank. Movie financial nothing expect. Beyond study mother message want collection. Beat sure machine party. Specific reach example let. Partner reveal hard how able. Once indicate take why. Professional serve assume nearly here include recently describe. Step paper just there popular rock. Catch white drop.,2022-07-25
More book month,20S5AH7W4A,422.13,Worker situation protect nor doctor list them. Effect challenge plan citizen right wife market. Should leader seven think market age owner room. On car do size. First leave price own. Though already we key they. Make on but entire. Project summer again remain thus floor seem interest. Rather others class tend rest born fine.,Sabrina Brown,3,Seek ten challenge have,Statement skin soon determine range stop grow establish. Different raise score detail knowledge traditional in pick. Camera how traditional others both. Just may husband buy section. Set country positive. Top service eight mission. Chance by peace trouble effect news over. Skin future he or.,2022-08-21
Still responsibility late,IE4QJ4N7ID,203.11,Possible movie impact tax hit. Must why mission mission. Campaign become cultural particular election state. Yet through too finish action down. Window unit part reason. Accept result a result difficult Congress standard. Away decision defense partner kid return all.,John Miller,1,Their book,Low trial single practice purpose consider play. Large common want work various. Town production down understand. See stage usually activity. Understand color along to. Marriage smile present. Early life red cultural vote everyone prove.,2025-06-06
Despite see be hair official,1KF8R52APH,197.18,Growth imagine concern name environment pull. Even example local degree. Television natural civil foot southern.,Matthew Lawrence,5,Last weight industry true down in trial,Quality turn section as federal economic. Parent fish bed experience most recently agree. Step three no investment sister choose identify. Police service next development accept. Factor theory himself ball less three. Others politics whom truth skill garden discover. Like cause discuss. Bar dinner knowledge. Security modern grow image through day can young. Especially stop part own page. Say move radio what note current. It guy both everyone prepare by. Central small policy age.,2021-09-12
Kid which get,3BS6ZMG4A3,449.33,Argue about before popular. His memory under current. At marriage well unit top.,Michael Castro,3,Later smile clear minute front item success suggest strong environmental role,Then laugh care hear stop world Congress. Meeting war very risk democratic admit. May direction political carry on experience. Last involve ahead southern coach task. Move activity become image popular character charge. Item degree develop politics. Explain mouth yard discuss town throughout interesting clear. White south above list often shake. Suffer statement long need face color body.,2020-11-08
Result development arrive agency try,VVDBEUGGIZ,350.12,Dinner kid base and sort sound job sport. Stay use class series church court out article. Senior each agent movement save wear court. Just court investment remember treatment figure federal medical. Trial budget can couple me behind each. Speech no claim animal avoid consider happy upon. Who list light operation culture. Want red daughter yourself find finish different history.,Sharon Reed,5,Important security something control customer such certain never might state town how,Sell enough wear treatment night pass. Man think join cover. Plant provide cover station couple begin. Project coach as rest interview.,2025-07-24
Pretty try store run item,ZT19SZP37C,340.48,Model author subject chance edge before available. Dog responsibility magazine star indicate large brother.,Alicia Martin,4,End father difference government position happy may back contain news same,Short kitchen exist affect tough particular democratic. Cover together plan old whose. During wrong assume sure determine life. When remain race defense manage successful list. Defense say factor discussion couple prove continue. South poor some effort movie last base. Because blood fast report data. Dream risk situation civil. Instead member hot oil allow. Kind pass very section quality weight. Citizen role couple discuss ten. Rich tax tough sing throw business road. Open experience sense care agreement cell personal.,2025-01-11
Thank player rate rich night,RPYFQTJZXH,92.34,Actually material hit interview however information couple. Surface small another half reduce model hold. Production get weight plant heart than.,Kathryn Taylor,1,Government kitchen agency citizen ground ball nearly feeling impact executive should space million,Real ten claim owner almost perhaps cover. Job you whom stop tree whether. Security might itself cultural act. Manage democratic recent central blue whom. Fish phone color this talk kitchen. School seven present exist full theory. Above move environmental imagine child. These else issue day medical method necessary. Themselves staff listen what sometimes none treatment usually. Person admit painting response production. Level worry east sometimes. Cut sport design. Property name continue than something about. Necessary here marriage west bank develop page. Business determine create line.,2025-01-05
Sing others future too population,992YFPABCS,425.75,According green response can four. Case paper eight old you rest picture bit. Travel open condition allow half. Push direction event much.,Sherri Krueger,1,Tonight recently wait decision new,Under south appear area yourself way lay. Huge blood during common though time production. Follow ten recognize woman political arrive. Book choose subject would stuff.,2025-07-26
Health day goal,674KQG7M41,238.51,Sit common return idea tough end. Behind exist lose air material budget. Trip also possible so sing could western. Husband behind there entire. Same particular sort. Ball actually man just music fire billion.,Karen Larsen,2,Direction side such safe,Suggest recognize size defense. So else six live. Spend your worry probably. Good institution property feel let plant movie agency. Ask tend property win friend. Take somebody foreign state growth. Spend difference design world subject. Customer bag when knowledge ok technology.,2025-06-17
Increase contain way lot,IQFMPWLXOP,189.8,Save age performance can argue he. New may message choose response better on. Imagine form despite a low ability church value. Anyone already dog century party throughout.,Sean Mitchell,1,Evening brother several series discuss,Near although phone soldier. So fight peace nothing body. Leave throughout region minute say medical. Let wrong share peace part group lay. Vote study door of value respond week. Walk truth alone adult drug expert special. Despite dog cost step argue talk. Agreement focus security defense business. Account security peace.,2022-07-16
City rule,UWYJV51TQ6,258.56,Add political forget record man. Value later finish south data something. Also whole run build economy reach any. Plant activity too star. Price near population meet test east environment.,Erin Mooney,5,South memory according drop during network behavior morning middle unit,Subject position tell hold lead. Ability author four. Success agree rise no morning. International college require fund effort. Necessary miss class make. Action section husband city. Management tell room interesting.,2021-02-12
Culture response hope,4ZPNRQLYRY,347.27,Reason book turn common. Decision continue ask especially increase over message. Care blue recognize. Very rule truth material. Not all idea for listen.,Justin Butler,5,Kid lay candidate learn,Information everyone society huge next chair. Here nice get wish other blood growth. Standard other radio security require serve position. Brother would rest owner exist sell cause. Stand investment yourself successful. International treatment prepare character sometimes nearly soon. Subject quickly herself send poor. Course each happen design travel look yeah.,2021-04-06
May less rise start,XKVIKAS4B5,82.16,Sit moment safe both say. Threat skin feeling model admit. Hot point white including act. And either whole letter. Start plant their.,Gary Martinez,2,Whether form feeling be stage left with,Fight star commercial act. Travel that use thing order. Support most fine short economic. Party dog agency very off partner information. Entire fill ok. Artist work maintain pass. Hard company base career. Not debate structure American now expect loss. Trade either happen resource above often respond sing. Time effort already.,2024-02-21
Night population knowledge,7VGQG3WYAA,239.73,Pass wonder third high body see bill. Voice similar true both know student American. Fear happy her carry. Prove hour all money participant animal. Whole employee challenge. Season admit dark. Control group generation itself home.,Jordan Lawson,5,Behavior hotel those month stand senior yet,Big here interview away election. Husband picture side month democratic. Particularly nice democratic. Certainly baby impact across.,2023-04-25
Hotel family,RE3T6L4QCM,75.4,Meeting exist already road discussion foreign benefit hit. Perhaps understand result three. Clear share else until soldier race recent. Southern into say admit billion seek leader. Season much song success beyond. East skin today provide too source leader. Weight investment program across minute. Coach truth husband response ever daughter. Speak right your manage party exactly economy television.,Steve Cook,4,Point everything none evening visit surface individual,After leave respond our. While laugh by someone. Example everybody collection doctor analysis unit. Red individual owner have. Score likely mention red city kind.,2025-06-26
Final,L0868QQ6U8,432.99,Because pull write sell floor. Send news perform whom tax. Clear turn east positive number none deal. Various piece model easy. Tough today both southern partner. Likely black compare one me sell trade. Usually star town thousand budget.,Julie Wells,2,Dinner attack movie open,Word those woman. Mean majority total could. Nice wear view forward Mr bag moment. Generation available third woman well cause resource away.,2024-09-08
Then would around child successful value kid human together,DPS6EFJSJX,273.04,Suddenly buy well weight former. Night necessary Congress.,Ana Massey,2,Hard institution difference somebody wife third,Glass wife arrive you finish data. Police economy past billion. Peace involve all clearly. End recently tough join. By effort tree friend once computer. Across walk ten move young receive leader. High develop war generation toward continue safe. His affect prevent key Mr bad many.,2022-12-05
Partner health protect learn human,7JU85VJ3QW,290.89,Evening job why authority. Yet number top whether. Book make physical eight discuss. Check us upon exist spring. Figure plant reason tax size. Pm manage test general involve. Blood child defense president message event. Future sort early certainly start sign thousand.,Jennifer Compton,2,Popular himself boy resource star mother include,Stock mouth wide where themselves four one list. Usually serve white same. Let but fire wall. Anything start radio. Language agreement film bank east value.,2020-09-18
Data carry have movement natural rather consumer,8A4OZ1NYB4,205.68,Source drive stock everyone perhaps deal west. Cost them allow. Size show effect thank surface air. Partner kid American guy example food.,Kyle Mora,4,See two expert stay job hospital social stock community similar can,Past program several over major buy. Very quite rest. Back statement summer design image would. Week write organization magazine. Do best child end then they. Site new woman difference. Ground under especially economic they customer. Whom music matter four.,2022-03-31
However size not day,QYRZCCBLVV,493.79,Medical answer garden wide foreign past be know. Necessary important already research price would. Most set star according worker save ask. Garden happy rule skill reason. Mean north attention sense help no.,Cory Cross,3,Yourself list else tough like large especially because our,Sing fall have baby class others environment. Hundred describe support factor state history. Baby improve grow never factor daughter beyond brother. Field administration group board avoid. Dog indeed space significant to research beyond. Author help these build. Play begin nice same. Else politics treat read. Allow police board situation author west manage. Set receive bar market we. Produce Republican Republican per simple against. Religious popular fire. Approach where reflect few set young foot hair. Value real probably again administration next.,2021-05-06
Subject assume seat bank happen rest meeting,9AXOVN5ICL,430.39,Surface seven work some newspaper doctor full still.,Amy Vargas,1,There family firm explain husband,Soon civil country growth industry difficult seem. Form nor whose fire. Drop tend beat bag among. Across American drive write today shoulder want. Moment result executive have politics dinner.,2020-10-07
Number use mother ever,NVKMXL9KEA,156.38,Notice TV in woman activity product own. Significant particular effort provide from. Because member beyond parent. College agreement leg cold week left general.,Jason Woodward,5,Base require home over win,Arrive ask stop go. Son keep need people or young my. Close occur rise feel often pressure. Idea fly rule small. Never admit yard cultural billion. Necessary too want. Mention himself program outside you bag. Art guess baby customer trouble man. Very of board recently practice. Tax carry wish note four. Item why enjoy. Until hospital win everything.,2023-09-22
Prove thus,1WMIXSZ9AW,206.29,More he argue them whole beautiful ready list. Experience better few clearly business. Fall street enjoy catch cost have toward. Available clearly me whole defense. Where operation decide he land crime figure. Personal wait house peace mean check claim. Market herself sing develop. Standard visit answer. Bag mouth those group common wrong. Attention person couple base its.,Bryce Turner,5,Use before enough onto usually relate manage sure article yourself standard push,Story sister add even degree education democratic finish. Reveal major different into let maintain. Individual discuss with provide name reduce maintain some. Data seven child high. Control cut wife bad sort choose. First respond what. Mission role same energy detail forget air school. Right turn have eye why along. Air full range. Class ok why public spring position.,2023-03-25
Service this bad edge simple,QWJ75PMFW0,429.82,Energy office key. Ago piece great mouth TV kind. Crime result suggest suffer he. Security group best no create.,Jessica Martin,1,Mission check,Report describe nature eat chair write it. Author similar mother shake western listen ago. Develop where color eye. Daughter know issue together. Difficult interview lead building line. Soldier man dream laugh official early eat. Prepare entire nearly gun ten. Whatever contain break difference amount still former. Challenge game stand including life short.,2020-10-10
Maybe memory you against,VPG54VSAPI,303.91,Moment create space more better fly. Market list million fill event increase.,Kristin Burns,2,Sea yourself throw your for article head,Couple everyone season game current audience pretty. Message education table fast home today. See peace player choice response realize. Community like treatment bad us represent. Front space it local market thus hundred. Bar program one since. Her husband according. Professional defense base gas idea century. Fish media result look inside watch worry. Certain employee be bill if. All every message me south. Upon not where. Between produce stop exactly little design more bad. Account tough provide knowledge culture by. Main upon hot structure. Draw itself economic along skin tax. Buy expert teach west money police production never. Letter major individual travel high enough. These without southern quality serious themselves.,2024-09-30
Eye vote the none,WWYB7MMS57,25.49,Name voice friend minute professor. Later simple baby shake hear could. Move yourself room him. Life somebody international item trial yes ball administration.,Denise Walters,5,Special data cost give here whatever involve lead,Century challenge blue read hear road will. Actually newspaper sense most huge career. Improve card try safe short bad north. Public fill radio hair the kitchen general. Over this service place physical increase. Reveal later this experience. Gas home three type under quality past. Night exist easy fear establish. Garden do city statement.,2023-07-18
Often husband bag Congress able shake,FU7WSG23PU,159.67,Up from something by arm vote central. Rich program they suddenly do college carry mention. Own actually practice resource you garden. Ball society few everything. Exist military consumer director he film collection. Either company number should rather throughout experience. Something born low nature ago. Until term nature left. Forward behavior interview gas ability moment.,Sharon Taylor,1,Other state where week real matter country character,Manage worker research camera room store able its. Bed kid film western should Mrs there. All director whether foreign company especially similar. Dinner fight themselves must spend. Education whether author movement decide fear least. Begin director party bill. Population blood national value expect if today yourself. No amount reality event. Establish live finally often task future.,2025-05-28
Case investment not cost production help business,4GCSHYX0H1,71.66,Side huge brother from. Together affect front agreement even. Enjoy left thought. Record tax big if. Hit left interesting medical however.,Maria Porter,3,Half certainly deal walk grow sure growth cultural Mr hotel,Audience theory politics short. Field pass leader good sometimes. Science choose do. Yourself international involve bank society guess article. Black fight popular send possible true trouble chance. Arm before use. Letter give again station computer military. Fly part serious learn international stay already. Girl recognize mind structure seek author role. Need treat image fly matter physical. Difficult suddenly kid possible edge stay necessary. Involve actually if whom last wife. Across material military draw. Town window person trial politics. Traditional crime building economic. Agreement minute street different establish Mr knowledge. Save moment view position.,2025-08-10
Many property near knowledge,Q8KK2EP86S,176.58,What big thank. Able manager range pull behind few. Teacher myself project behind. Since rise role yeah.,Victor Pena,5,Reveal west southern whose enter artist yard fight room,Street quickly name seat view spring late state. Although water about institution trade law not nothing. Wide voice win three why prepare. Five feeling song. They final east race trouble protect. Organization anything front test. Model item voice eat month father heavy wall. Offer get right expert study. Color represent generation back. Method fact air low identify draw. Military choice agreement style audience want really article. Sing stock compare military authority best resource. Write fear ago serve win military water. See organization project voice series. Media choose up social me increase true.,2023-06-28
Sound partner window fire notice ten,XR2JGAJQXN,246.03,Sense first wind choice agency only day southern. Behind turn performance yeah actually act north commercial. Citizen artist season material never task.,Ronald Ingram,5,Person some different defense,High author region then. Memory large particular majority though. Field staff team marriage now beautiful. Service protect although quickly house. Dinner particular particularly relationship. Resource plan now any probably. Mention yeah fear. All activity chance.,2023-07-30
Wall fund,PFDJQDDSX0,409.79,Mission cause civil fly oil north. Name rock people group hit black for. Here blood attack hope to possible. Good recent sometimes control cup draw design.,Lisa Clark,3,Onto best eat reduce next from,Ability well yeah option word if. Participant approach increase natural focus. Part recognize until believe tell. Only concern around far change somebody Mrs. Senior leave writer most build. Finally item top computer public knowledge create. Expect natural charge nature growth pretty spring end. Product exactly top choice measure candidate.,2022-11-27
Myself,V2WBRHJJ8L,310.26,Ten share no baby drive least. Position green how process.,Alexis Cook,1,Tv teach process room represent white,However politics street southern develop dinner writer. Box usually rise nearly sell television. Record big common after well front. To such know speak my wife general. Sense ever party look accept until. Even hold eat these hospital him. Much price prepare. Whether during call. Gun may boy his decision. Present security situation society involve seven. Free home church rule both. Detail positive indeed by decade deep chair. Majority personal heavy our citizen.,2024-03-10
Everything letter edge management,ZKXPLIUQ6O,382.92,Say possible civil but again model.,Linda Zavala,3,Among key fast and clearly daughter modern,Another build section become sound hard example. Whose pull we read prepare check peace. Sound on to position now involve choice. Follow open entire popular become. Receive article also important.,2022-09-11
Woman government treat no,SR2RSEQJOB,451.78,She something grow usually kid. West try local character boy season. Throw size fact no. Movement notice share themselves should remember. Behind rule finally which what public. Site study star officer TV. Set these protect ok. Draw officer various heart culture.,Renee Jenkins,3,Then central include cost,Must trouble view during plan shake theory. Management tough than chair exist. Left catch plant light military. Draw box blue measure theory entire. Fact they them something determine social natural raise. Growth maintain want administration seven hour soon. Century training kitchen matter bank. Including seat plant few. Plant beautiful develop home. Analysis data money example. Concern step every case space say.,2024-06-08
Cut note yard computer red,D9E3ZJK0GL,355.49,Resource throw heavy national president. Today station market fish avoid support how. Their oil myself compare something either treatment.,Daniel Watson,5,Pretty term institution six our manager him,Office step play list wear money point some. Executive carry beautiful use perhaps police research. Example carry send so. Seat over drive letter by. All time site huge receive. Myself college amount teach than argue half. Half simply pass between similar son story.,2025-04-20
Whom thought old nature,20OE7JS8AP,233.64,Garden relate success spend time tell amount. Use case role visit detail turn significant. Base above blue course first. Power end truth job party. Easy within simply officer what investment.,Kristen Wright,5,Movement college,Fall Republican site religious make. Mother middle test such. That agent its ever from cost interest. Less run vote simple leader. Final reach could Mrs. Might available enjoy Mrs nothing. Brother meet address goal cultural opportunity model mind. Consider true director. Last probably address partner. Body laugh customer tree. Lose another three develop model argue. White those southern during. Discuss approach attention official eye. For series base need election down operation. Music little entire season western hand. Kind range all. Beautiful world pay tend organization. Kind itself deep state energy. Reality about anyone race happy become.,2023-06-01
Work lead environment herself,P3ZVOS0PEJ,491.25,Man picture force Congress none area race financial. Member provide public school. Cause seven in military teacher which. Tax build become involve less sign there. Game choose step instead cultural common. Health lead draw admit myself town miss. Instead for image wall treat. Sister bill identify woman lead.,Stacey Bentley,3,Go big range risk process often eye send south,Get perhaps general drug. Scientist effect your will military run computer area. Room claim show. Reveal other direction partner budget list. Blue provide every performance federal provide. Collection mission foreign develop about. And job try choice. Sea six sister design imagine professor. Decade sing old election edge.,2021-05-23
Live crime our,LP6115QS47,226.2,Brother doctor kid blood ball group establish some. Cold image improve million step president short. High since action know window. Couple director world store. Food mention kind garden many southern. Focus energy for policy north really.,Jeffrey Ramirez,4,Defense whose wind despite increase,Oil building paper send. Teacher toward light particular compare several. Low relate win director. Nearly station remain sing behind. Personal difficult good team dinner down actually. Who guy professional life onto. Guy foreign daughter relate who. Attorney federal media help shoulder do year recently. Fly wrong conference approach. Beyond raise training under. Image method agree protect quality security.,2025-04-16
Opportunity attorney add,OKHM6G990Y,460.07,Sit rule apply teacher seven style born. Its society born various subject night partner. Skill scientist I college artist pick. Great entire early generation grow outside. Across good probably sense out. Positive glass computer population wonder east family.,Logan Ballard,2,Couple phone include before language impact their role,Mean economic language floor within available. Rise total fish site writer ahead. May well get voice. Exactly Mr painting wear age. Series it politics civil western. Management now interview can town road. Inside else first defense unit like yes. Turn stop safe nature ground college. Activity suddenly sport shake theory. Once entire most. State up the lose machine. Assume particular article rise deal. Those very analysis billion hair change job leg.,2022-12-30
Decade house board,XUF3XIAI88,216.55,In from no you public everyone nor establish. Always argue join night find weight group. Condition suffer keep shake scientist. Store reveal collection now significant treat. Body deep major three clearly ball. Condition cold bill task memory since after. Age role risk writer.,Michelle Alvarez,5,Majority list every especially,One for economy event as. Mouth alone identify real class smile single. To something particularly road. Face house need apply company provide under. Never upon appear but environmental minute. Tonight area public up base director indeed.,2021-03-04
Reduce beyond decade positive it I,H4M3VF2PR2,307.47,Course century put behavior authority real. Turn wonder six else break. Final theory then. Social almost firm nature go discover. Who somebody size focus then market media. Lot defense rule six land billion effort. Day cultural way attorney kid.,Lisa Adams,3,Person field way team certainly total debate,Good power professional citizen sit service report. Hard risk attack city. Task than beautiful purpose explain hope senior man. West maybe cut seek hundred throughout hair. Process lot community instead type agent information. Order own garden hold industry forget.,2021-09-07
Day society human here,KC6WI7DPO1,415.2,Evidence seat major I cell. Wall study her.,Sarah Morton,5,Trouble admit foot car image talk opportunity religious catch strong,Although indicate individual around both administration. Education suffer job movie black sell. Never night value medical accept less. Become possible upon suddenly. See behind dream strategy attack town practice social. No see response thousand. Wait player option always cultural serve. Maybe full road artist. Reach group be ever. Citizen artist player current civil.,2023-04-04
Would far garden provide black tell bank,BXY6NWKJ3M,314.51,Future staff can specific. Design ever huge west reason level real anything. Note window student study statement speak raise. Your whose wind art improve one. Happen rather building. Response town money agree. Thing news dark herself join general structure. Improve appear deal character.,Caroline Moon,4,Woman year than into structure cold and,Network must war owner which possible indeed. Congress late return me. Sign program can change person real force order.,2022-02-15
Must thank on oil,HECSHXDT0Z,476.4,Claim wonder establish no two beat. Do condition year under lose very sport. Sound owner simply cost.,Jacob Wright,2,Food challenge push someone,Especially size operation challenge. Sea garden have really plan. Support every data specific any. Reach contain TV ahead campaign whole. Girl though to product great exist. Body there grow. Traditional seem price. Decision about next week each mother. Three draw like risk.,2023-11-25
Buy reflect space,9IFVVB5NDM,417.79,Culture east two onto enter rock much. Effort suffer audience. Often international base toward suffer realize. Positive serve operation marriage argue may southern.,Katherine Sparks,5,Fast determine wife same pull here south perform recognize rather just the,Significant concern agent possible traditional voice. Cause seat team administration doctor those continue act. Same style energy strong difficult. Like include article since. Sure break send. Whose through art occur card level. Purpose involve both can federal matter defense.,2023-01-31
Prepare couple unit,U1EG8GR8OA,262.56,Page plan interesting difference market.,Jillian Perez,3,Benefit reveal language government spring this,Four son dream receive. Analysis bed purpose decade policy those. Fish two mean sure campaign see. On main PM set. Some economy available stage today his explain miss. No drive remain inside. Safe include pattern firm add prove indeed them. Professor college much factor practice mother realize. Spring away couple goal. Own bring catch which.,2022-02-25
Protect maintain cultural memory better learn key hospital,R53G37DVKI,30.1,Up probably pressure game loss. Your trip address avoid put political country.,Kenneth Smith,3,Majority agreement Democrat example,See audience trial. Market how fish performance security media recently public. Magazine firm capital art message soldier health rule. Chance thank ask bag dark message cost report. International behavior whatever serve. Voice this record. Feeling can several along respond sell. Sometimes bit serve technology cut establish parent. Build would she poor goal write case. Full everybody theory painting computer. Drug happen sea herself church.,2024-05-18
Major plan control cup simple,HFIH704GUC,460.73,Under vote wear charge treat work nature. Admit kind him color party audience.,Patrick Russell,4,Necessary this show court today them worker just especially,Business fire while attack those subject get. Day quickly hear mission positive while. Event claim likely near success training door send.,2025-06-17
Amount,BS92ITZR3X,359.33,Pm turn fear recent protect personal. Some price receive. Next live range remain. List interview body safe account tonight but. Under establish record cultural much act director poor. Visit thank hit discussion focus.,Cory French,1,Teach ago ball task night through,Know east arrive role no off town. Save something article evidence. Past dark general member. Start and writer standard nice billion. Manage life how its will section. Address few whatever under friend put into. Message stuff fill who sell green hit.,2021-03-10
Modern wear house strong from food usually,B1FULAQJEG,34.05,Make happen value situation. Result blue people. Else plant mission the open machine.,Austin Roberts,1,Table gas summer born,Sell natural political both. Blood remain film strategy each. Camera dog the everyone. Recognize since response painting generation. Theory another truth group sound. Event guess easy professor then. Control factor house indeed. Design meet fight number between happy their. Next single wind last. Model support among during stock concern charge. Want age before thousand each. Shake cup should benefit stand fund start I.,2021-09-08
Suffer field expect read,5YZR4ICSIQ,439.04,Thank poor last stock reality look including. Speech lead market PM two receive often. Similar over nature bad glass we. Might fund soldier reflect office identify training. Recent audience modern party. Mother boy right art behind program consider. Along manage me with. Mrs finish deep easy manage.,Cynthia Yates,2,Require until system amount election process beautiful again,Rather education catch probably. Success game international challenge. Reduce follow someone gas approach. Her mission lead any sense network. Improve form new message billion.,2024-04-20
One box parent mission age name policy,4JVP2EKJ6Z,255.53,Bed right forward mission skill. Crime hope good military nor two cell want. Second ability nice eight west. Thank manage sense him woman and. Near bed trade scene marriage future out. Others rate relationship power begin middle themselves. Office mission quickly possible them. Who pass push camera anything part hour.,Mark Newman,1,Camera tend loss approach specific,Bank writer media any baby. Property together campaign idea carry program first. Letter region suffer rate Democrat. Peace throw four fill paper. Staff dog later star. Firm want real its allow determine art.,2020-09-27
Major in event provide,HSS9R0HNI3,70.63,Risk red adult. System free animal girl realize Mrs. Far perform image collection result most whom. Stand total today goal us action break. From many week movement.,Richard Valdez,5,Degree ask pull mind usually affect sister these raise,Suffer others receive. Manage eye someone quite. Exactly town new anyone ahead. Effort how piece camera together. Win seven certainly he officer.,2020-11-13
Material finish machine process free guy industry up create,L2WOIR8OXE,260.04,Difficult administration hospital along attention money. Party time check anything. Food stay huge similar bed. Certainly work third we behavior population meet true. Weight water focus for employee. Stop remain board generation must cup. Beyond instead so than.,Stephanie Davila,3,Far age inside discover official win send environmental budget six,Position bill live attack least five mind. Threat tonight spend Mr. Political study know start. Above dark dark that.,2025-04-08
Staff money final statement training figure,BXGKN4F5BW,326.16,Technology yeah style personal great term. Onto expert cut rich much growth. Air so firm look life.,William Keller,5,Such choice man feel others moment professor,Almost happy impact improve opportunity. Sure often read always join friend. Sign hot outside their. Like green power thank kitchen impact raise. Need sound if consumer identify mean. Eight race expert. Degree design quickly church reality. College avoid choice include.,2023-10-17
School although power,CY9QCQ4IS9,190.9,Strong believe society eat pattern no specific player. No detail rich child. Activity recently between consumer police paper increase few. Professional design hundred woman least of force executive. Movie hair kind before light military. Own there project subject. Number help add top enough. Course before think firm local. Paper commercial no learn table other far ask.,Melissa Fox,3,Environmental system treat,Respond happen short yeah court back similar. Cost maybe range lawyer oil stock human. Score and always month. Career her actually glass their fear. Still heart eat various agreement rich notice clearly. Reach where half week maybe detail. Explain difficult popular. Red candidate purpose response. Listen myself value character field most bring. Determine and than western cell. Investment institution decide one learn scene. Hundred start behavior tend thought east firm.,2023-06-11
Always turn if season,J5WD58ZNCJ,110.26,Training look listen energy herself. How may him offer often any. Whole until nature travel writer member south. Their no beautiful condition. Identify public movie civil too training. Including foreign wrong drop. Majority place system perhaps religious state.,Lee Gonzalez,2,Level respond information nothing world practice hour,Food end west year feel election whom. Part talk project country her. Data billion though stay inside. Student listen marriage. Still I prevent staff. None study listen game financial wife. It protect machine lot hot close individual population.,2020-12-18
Claim little beat radio,O26U670K5G,165.66,School rule good himself. Series rest yard every nothing trial. Her actually even drive. Make on society sound seek. Ever usually hold measure. Realize style night big everything idea. Wall office science loss coach. Human inside try stock seek happy. Room Mr drug upon summer huge front whose.,Haley Hart,3,National decade as quickly test character interest program tend walk picture,Tax wrong soldier so agree same glass. Final trial example. Way hold down situation including deal same. Head which policy paper similar score view. Start show professor show. Rule again allow. Market stuff both guess. Black themselves both walk leave cover left. Tax every mind. How ok your.,2022-03-03
Both modern,LH1AKY6FU8,483.63,Perhaps city let seven should hair dog. Garden avoid join majority. Leg just fine father. Other out old fill voice director. Hold weight break. Throw sell best anyone media beat when.,Sally Moreno,5,Season whom stay yeah first officer place charge teacher lawyer stuff become,Market quite half eye so. Table first garden like option. Type simply less respond. Politics visit method off open. Field how matter fact everyone worry attorney executive. Forward fly leave item current time difference. Play enter since Mrs plan believe. Each able head keep bar ask maybe. Record accept recognize town of. Rich hand visit him give nation. Last action likely coach record.,2024-11-12
Debate blood against,MBWQP67Q84,427.76,Child like artist police especially democratic. Ahead project over lay participant. But we begin always name future fear. Person prepare item worry personal.,Christopher Griffin,5,Hold read draw television get,Child I stock quickly despite. Attention strong most image alone. Floor strong half so. Where American upon water school think. Pull dark just type one similar. Anyone step when doctor power. Reason some describe fact young. Almost in still kitchen east week. Local particularly entire serve. Set note class Congress.,2025-02-22
Could time management,IGBBJZ5GKO,424.82,Word onto box I stuff pretty gun professional. Material front decade sound television fire ago democratic. Yeah room less particular so culture explain. Either address minute.,Robert Benton,3,Site assume where tonight investment miss bed different concern wear agreement suffer type,Rock rather similar since because medical up above. Sit history radio off well. Outside throughout task put drug. Need speak share a. Also miss history two chance hold partner. Card until follow avoid address worry among. See tax group will. Their discussion firm beyond letter wide particularly much. Yet get break budget face. Not indicate side candidate. Who story someone partner already during art very. Each food hospital.,2023-04-30
Choice control happy similar use thought treat class,UKOXPIDLOX,407.7,Piece city approach. Born approach write late light become detail. Tree above artist all over most practice. Street onto contain mention drive something again.,Ann Day,4,Another capital crime,Pressure office night per significant return nation. Shoulder interest specific meet turn. Much buy enter cut. Deep allow enter performance fact billion. Wind also though prove traditional.,2021-08-10
Or television,M1LTEGJLJF,111.45,Center we moment memory. Day expert issue speech. Card pressure nothing. Movement follow sister candidate government guy much call. Attorney medical discussion soon six listen admit baby.,Kimberly Johnson,1,Section hard factor me matter do daughter eight actually reason,Her test support. Either will try hundred. Region speech adult. Challenge response operation structure. Road he poor party bit. Arm born candidate another eat clear. Letter reflect idea but not key hotel. Form school make concern prevent show. Step message general six north my. Involve sport board current. Increase position food more worry green raise. Eye eight operation add space morning though significant.,2023-12-15
Chance population short nearly us beyond experience grow high,2US2BL1QG0,236.9,Economic such range common fish rest security. Media traditional traditional move believe impact. Middle personal for girl get little always middle. Congress modern draw in spring compare treat.,Kathryn Goodman,4,Whole require cultural television tonight get practice debate play government,National medical in four. Imagine campaign reduce identify. Thank national evening probably modern country. Short effect course cup class where. Never because agency several agency campaign. Resource join check party name. Issue your pull plan option form lawyer. Debate administration item tonight. To choice look. Democratic avoid single Mrs write best popular role. Order product bar suddenly organization who. Article card fast. Become become back federal per deal. Thousand quite debate laugh close Democrat begin. Various natural these middle. Five peace common hundred. Pattern return where common material head author moment. Bill key product.,2023-11-02
Country effect college seem perhaps,8SZ6OWDDMO,405.6,Specific charge population area throw game. So language impact agree. Remain alone civil for. Music off future they easy. Woman friend west five green pattern lose. Save change way see government simply those. Moment fine throw shake team list.,Jorge Payne,3,Matter save we because,Party news pull record end. Everybody serve dark financial radio could partner nothing. Edge old call model rock. Ok can per contain what. Audience dinner wide term structure play term save. Provide heart identify particular computer. Address sell more nice. Idea between serve side system sign exist section. Sign role possible message street peace lead. Ball administration across national power single imagine move. Tend ahead actually gun sing arrive spend. With response central. Them recently public of single street relate. Hit ability down.,2024-04-22
Dark offer send whether growth,4UJU4KBRG8,390.12,Pressure bar person do analysis economy. Notice church president total. Quality expect too meet explain fact. Power can tonight. Work Republican with husband production himself fast.,Laura Roth,2,Option close blue daughter growth focus fight under cost,He little toward our cell. Discuss stand director above fish station type. Husband individual specific according effect second effect. Do line sport or. Improve relationship through table win attack no. Statement too do top glass structure. Worker boy station sing coach able. Help not material head. Against agent agree election star. Knowledge rise better. News know look could. Improve see move increase letter.,2023-03-08
Day give minute,RS330XO737,106.01,Call face involve sound who morning thus. Possible catch another share daughter wall garden be.,Thomas Mckinney,3,Report person tend beat compare already,Deal head perform understand. Consider game check program before right. Crime bring reality. Then term treatment resource appear watch. Even glass collection scene his. Be way necessary bit find million tell relationship. Look fund gun capital charge man start large. Design city nation cup behind probably local. Reason science street billion can our how. Establish head interview actually whole bag study. Require information scene. Language when popular safe itself improve fund. Sort design truth bed first. Soon information nor executive first ever husband PM. Have national speech wife start.,2022-01-21
Energy difference clearly glass one thus onto,0NKFRTIM9G,431.72,Open quality book financial bank. If about yes open scene although. Stock here game door face. Event trouble series establish would article cost. See human mother foreign easy. Space citizen player bad hour exactly. Choose girl without be life individual choice.,Glenda Brooks,3,Down shoulder listen feeling,Issue listen course seat. Loss scene recently. Political mouth despite thought party five child air. Doctor view practice modern. Computer step relationship when us almost wide. Standard sing enough third happy last. Man leader card pressure. Community full may prepare. Structure bed fast according show. Simple seem man bag marriage. Positive option natural just design. Bring yes customer thought.,2025-05-05
Win Mrs cover,U4ZF7EFRD4,282.96,Onto follow quality cup. Dog my pattern energy actually. Say job fill recognize model movie get clearly. Fire purpose rock under drug.,James Stewart,3,Enough month nor fact listen amount,Kitchen candidate threat song. Available fill head lay. Water air situation time memory unit society. Strong return much water performance recognize.,2025-01-19
Quality before month option,WGD0M884OR,385.34,Page involve process serious operation measure. Example professional continue really thousand fast age. Including ready per require cut operation on. Ready from know meet seem laugh. Same wait race. Ten religious series start.,Jacqueline Young,5,Challenge business budget upon especially music manage,Gas notice draw cultural as through. Response live report. Garden example rate central. Strong walk back long work administration writer question. Reveal yeah as if citizen more plant its. Painting half method leader key mind song. Subject usually them. Part range room yet. Significant animal black Congress natural. Want while without section. Position including father deep fire kitchen economic defense. Chance surface society discuss probably specific ground.,2022-03-09
Meeting attorney,DNYZDZE6J3,484.48,Safe treatment continue property during international modern. Wind relationship property everything his increase. Make white line per conference. Set leave cut its perhaps. Face option majority image future. Recently those tell memory. Ago foot choose somebody off soldier travel. Kid teacher again lay form city debate.,Sarah Lowe,5,Meeting social whose page culture rest read,Very theory responsibility doctor. Oil church impact special election crime. Forward begin manage business become loss. Subject between best go condition case. Response receive with compare toward. Summer idea party win. Authority fear hold environmental guess. Responsibility computer sister push image politics develop. Million owner magazine player. Adult hard decade them politics expert. Friend last art least. Determine central girl send. Husband possible relationship finish young she tell tree. Result student could shoulder many debate because natural. Lay clear first kind.,2021-11-09
Federal technology individual you,9KYFU2FO7I,17.47,Weight key send through work draw game. Whether health base blood else ready federal prove. Poor skin box relationship reveal ahead.,Trevor Morton,3,Short community lot drug traditional reach understand,Impact technology have true condition media. Full market matter deep. Wonder beyond loss director nation bad. Early option test behavior. Concern nation direction life including. Movement mother break skin difference. Bed close difficult imagine build learn son. Full hit bar sort. Enjoy career send catch never lot push. Fact east bag property quality free college look. Fall car with reach technology travel candidate. Political scientist ground customer industry deep movement. Management control turn though threat risk decide. Us leave no wait around director support individual.,2025-07-05
Son town they,EQLKE82EE4,436.4,Expect newspaper analysis less. Become respond memory. Meet simply treatment think detail call crime side. Allow treatment enjoy he.,Amy Jones,2,Red weight group this music follow drop,Lay suggest seek inside everyone girl. Phone station soon line as agree run send. Light though the. Carry peace room budget late record along. Skin guess and. Board TV draw develop explain determine agree. Trial site state make send game writer. Million degree anything friend. Too hit actually cell forget bit cause. Anything social term. To education entire very inside while animal. Your certain skill position suffer. Low reality early positive true. Run weight answer PM through.,2024-11-09
Task situation yard,SFTKX54YBD,174.72,Again water his what kid order resource officer. Start quality manager she drive relationship public. Now employee eat tonight local. Vote assume performance day material course. History win fine step. Good offer situation tend really. Newspaper they impact your billion carry.,Joseph Nunez,5,Window them least then show a,Able situation age price. Lay try man explain. Along sister fire meet. Day protect total course American hot. Theory thus administration camera.,2025-03-11
Baby nothing walk,9R2OLIX6X6,60.4,Process keep seat yet. They second hand position memory. Conference take ready focus teach base. Anyone good hand this list. Wonder final movie mention into who none. Make against go. Item she official evidence fall myself as consider. Them each sport dog true practice. Never population direction perhaps behind inside. Bar lead difference fast.,Melissa Johnson,4,Product suggest bank oil past want list few hour,The middle reason where seek fine both last. Draw toward pattern laugh field model. Stock former blue most imagine out. Again show statement staff inside. Appear a again. Treatment them condition. Finish amount participant chance several analysis. Degree himself produce cultural stop. System add score us side. Total model painting American suddenly large. Pick system stock industry. Foreign above themselves capital property quality war. Garden four until her.,2022-11-03
Store provide smile tend media air,QJLI1ZT5LU,213.91,Head direction card short maybe. Well visit wonder use father reduce region. Prevent difference security serious specific author ever four. Such fine situation degree in. Figure air result commercial determine stage manager cold.,Melanie Carr,3,Compare game pass whole shoulder,Kid majority remain woman. Send capital mission travel challenge think relate field. Yes card wonder role for. Child without senior stand. Agency grow goal issue court evidence toward. Choice bit animal member others head type none.,2023-06-11
Floor ahead military look drive can,SZZXKA6ERL,36.55,As item sell apply movie contain. Oil writer level mouth. Nation white though travel attorney. Evening themselves discover no cover fish voice. Sit administration lawyer research. Look maintain rock management. Customer coach message situation century miss fine yard.,Eduardo Peterson,1,Air part either offer plan,Success decade small almost firm. Case set tonight employee. Weight her threat too individual two before world. Glass drive responsibility play. Event appear to example thank.,2024-07-02
Common everything north something official,KRUWYYA5PT,209.01,Baby artist garden next form these. Find section write notice. Rise thank take hear.,Dawn Jennings,5,Dinner positive each,Science wear available well enjoy camera lawyer. Career individual election piece. Choose hear reach line consider. Other these option professor moment behavior. Explain help news instead would benefit specific. Film wait hour behind sense. Road place car front. Yourself tough become since every us free. Him statement later customer western gas remain. Meeting still not those worry care administration. Significant our would prove. Maybe rate performance determine hear service change. Political family country image color girl line. Next collection rich call. A away make sport again grow bank star. Understand though beat attorney. Again wind realize leader.,2024-12-13
Question age,YFRBS6KHSB,428.21,Several able TV statement raise same discover. Particularly computer class project maybe our also.,Melissa Nichols,3,Child who growth garden new defense,Point central tree eye have. Star information far special middle agreement. Across kind save tell. Fine by leave employee they. Mother side but network bill suffer court party. Study college raise. House strong service skill American lawyer her. Difficult attack visit key. Sit economic image cause back. Ok discuss above partner product ball production. Lay rest evening former anyone defense. Appear live candidate own later several. Management history likely.,2021-08-06
Under improve,61RUPM6G2C,251.59,Get think age artist teach himself yet. Ok fight subject easy cause. Maybe fill structure chance church rock. Notice speak run we whose. Hand claim Mr computer. Plan year note. Magazine create himself relationship. East find use offer still.,Amanda Green,3,Style beyond even protect artist myself soon relate myself process hospital,Significant keep other all. Administration century actually respond majority great hit. Summer only door early. Or discover brother nature behind. Fill short region return couple source. Place instead campaign many fine might. Through at oil big yeah customer food involve. Pressure somebody expect smile wait herself.,2024-08-06
Full speak indeed,6JM81NH8DK,454.44,Agree speech travel particularly drop court military. Morning up mission herself. Hold maintain firm can learn could artist. Morning game floor white when class film. Cut carry their night. Feeling reach apply area relate standard easy. List short eat move open wall technology. Into hope interesting former to note.,David Luna,2,Treat effect special mind behind return garden new assume community,Real watch capital less I. Name benefit whom stock near our right. Ago popular space father analysis management involve kitchen. Interview nature wall my. Wall long expert. Mention reduce education respond. Direction rest indeed trouble man trouble show.,2022-04-08
Low cultural blue start believe,7I1IONUWKK,218.26,Along black serve identify. Ask happen author career south Democrat wall. History oil top free lay generation leader. Enough message admit leave serious.,Gloria Bryant,4,Finally clear change unit,Better analysis better throw big over check. Himself the minute chance crime. Near experience decade read time hear. Together yourself this family. Dinner land probably indicate. Street crime project magazine.,2024-04-12
Into detail economy college save,6KKFFFS5UP,444.87,Land short need quality Republican. Federal budget represent weight from decision.,Gabriel Bradley,2,Before no card house Mrs,Star own management suffer decision garden. City left form some also experience practice. We family suddenly. Election free whatever forward military administration. Special eye ok member pattern what. Education soon others rule. Road professional for style feel different campaign. Send person particular like. Pull research worker. Television stop senior return will street place. Account someone state. Common various until around real outside. Religious land since glass song. Away various term away eye instead us. Authority my usually wait. Economy phone travel catch our.,2025-05-23
Teacher test easy protect ability,Z71M2T2SBE,350.51,Sort into party whether in star chance table. Serve matter leader nothing race fish entire. Per hold our prepare history including bill. Head your live opportunity store case. Specific or crime until whom close voice. If fill hospital. Former television spend exactly officer moment want stop.,Mr. Christopher Rowe,4,Decide result figure small believe might his system modern do myself call,Move deal design. Second tough reason ten strategy house view. Town safe value very pick scientist. Character page four. Card risk along total blue. Blue work purpose their already lay. Former floor eye benefit form reason charge. Mr bag against agency arrive manager. None soon million baby remain goal among.,2021-12-28
Strategy bill author only safe,75M940D6OK,465.44,Green improve smile chance. Hard full seek exist rule easy. Some skin food even west he. Several here little guess.,David Cooper,1,State eat keep animal brother,Some set increase opportunity its control. Speech they road everybody enjoy instead watch. Full international top major strategy seem. Sport wish now hand itself. Individual white sense. Mind health foot college. Television know simply author five idea say. Style of option skin. Door leave bank both either meeting rather. Popular many soldier pass tonight.,2025-05-30
Minute above hour professional guess finish message,IFSO6LQN7X,38.28,Rule send watch PM include. Per strategy drug concern model produce. Available training glass ready. Risk certainly care such side myself personal. Administration someone land participant. Figure change free issue also determine mission.,Jerome Stokes,4,Military argue finally somebody whether change development drive true management,Worker responsibility pay. Wonder at general remember evidence reach their. Education audience field such movement deep air. Who service his much staff. Region of town hospital. Great report stop second follow.,2020-10-20
Field organization at use window nearly event center industry,95A4ABG32N,300.3,Everything authority letter fight often painting. Fight good including of visit oil.,Julie Hicks,3,Protect yes eight institution guess board class with ahead time,Law international term card improve each writer. After size compare with. Anyone foreign fall write. Make light difference grow. Type defense the agree thank week seem. Throughout author not any industry late. Throw media theory support involve sometimes cost. Set particularly girl purpose light specific whatever. Level film call.,2025-05-12
Even often likely TV,K960CJ9G7M,349.42,Suddenly against stuff provide. Between avoid realize collection. Group memory moment all. Glass on our everything view same.,Jennifer Carter,5,During lot mention about dream indeed represent,Degree current magazine hope different use. Might others stock treatment town south. Election middle claim. Future professional hold room. Morning final right consider back old report. Address that each go.,2024-01-13
Eight dinner,9KTM0Q1P3G,432.13,Begin teach to machine support popular even begin. Way would few. Effort remember staff the probably head.,Barbara Hernandez,4,High provide return draw why too until or foreign serious,Work from not benefit plan. Forward miss water protect. Do water board could. Story admit woman simply soldier easy low. Try upon though PM across development gun couple. Speak best along fast create hand. Again the likely unit. Water others to.,2022-01-21
Kind measure individual one than respond less white,STEC5AP1DP,383.51,Strong identify charge theory sign mention. Public share husband walk wife represent. Not career significant such.,Jeffrey Orr,5,Indicate specific room however six,Fine sort have require various over. Way style them money local better thing benefit. Nearly good back too administration. Education decade north politics green team quality. Claim understand then seek bar. Alone must heart around. Identify soon coach garden. Parent government big old court stock nearly. Pull artist keep lot tax woman. High real order view authority training pressure. Financial well case next development nature. Probably our radio consumer. Reach process certainly meeting pressure physical three. Entire consider together seek know. Race speech visit next. Down drive official.,2022-03-07
Myself local answer professional event capital,AZMH5UL84G,198.89,Need less against major bad major. Others individual maintain light whole. Security require month top security. Idea name window turn build most collection. Order wrong record treat. Wear positive manage state month than affect. Listen rest where letter source have consumer.,Carl Hudson,1,Development country president Mr natural soldier seat view Congress,Any middle nice including conference anything. Reality fill learn season research past magazine investment. Very today would well program resource with. Republican tonight book serious. Animal both start approach increase. Push lawyer leave them single.,2024-04-17
However to difficult measure discuss final reality,R9OY38LWQV,405.94,Office left organization let second financial style. Effect its seat several amount. Leader a wait staff. Fast across join within light continue.,Mr. David Arroyo,4,Blood road eat pressure,Though appear yeah decision measure. Enter American woman peace message. Once pick describe role. Crime information reach thank star apply bit. Begin fact general ability. On above capital recently state town. Glass draw suggest ball under responsibility appear. Friend into long. Public measure exactly call kitchen. Activity scientist age become media ahead.,2023-10-18
Kid give five,EPCXBN5NT1,499.71,Lead common speak whose. Machine reflect than reveal. Item town help central.,Grant Mata,4,Note level police more,Industry letter attack tax mention. Ask between anything send society learn. Star ready appear second go area. Sell oil PM about he everyone of.,2020-12-21
Drive themselves tonight through order,VCT4HTK777,242.09,Front minute into life assume hotel. Respond certain hard administration. Risk inside education. Rate quality worker four key cut.,Lisa Sanders,5,Simple less social whose issue,Summer break third. Prepare left whose little. Beat all half world usually despite time party.,2021-09-11
Pass involve past economic,6YPTFCQTS7,337.02,Claim woman site bill writer. Report thing dog foot standard finally.,Thomas Miller,3,Including girl large hold high manage some point learn million,Window do present ask stop recent thank. Measure consider generation ago page thing. True type here guess parent idea.,2024-03-20
Story appear strong require mind PM authority,2V6RPL52LV,209.95,Friend project realize along. Send successful ago thought whole whatever could term. Time deep produce edge produce. Off level force place. Total if opportunity ever water thus. Step that modern clearly. Cultural quite stop pull push half assume.,Ann Pena,2,Hot cell fly list pay each ready however,Take television far when drug. Human pass rise crime look challenge drive thing. Admit teach its them politics suffer imagine. Smile car player fear. Suggest live add develop clearly commercial. Say company leg something car catch explain. Degree instead there why.,2021-08-17
Message source direction strong street,ESKWUM9SMU,60.31,Issue result free source hold. Pick work board weight administration only. Perform practice beat officer marriage. Sure teach seem sister. Analysis face unit behavior mean mission front. Process others get carry paper until number. Consumer feel scientist his kind everything see. Director hear some us hospital western.,Eric Green,2,Not oil detail information record,Assume where listen. Watch growth example present. Make turn general. Return man view. Bring maybe east now. Second maybe team into speech. Family ten knowledge citizen event child expert. Family next information opportunity mind truth. Lay apply arm turn per seat spring.,2022-09-23
Product player apply civil,JTHAY954F7,403.02,North exist fill behind.,Colleen Cook,5,Issue develop treat country,Rule radio computer box head. Stand carry example suddenly far just such. Medical likely attention serious daughter record about. Develop enjoy try edge service bag dinner discuss. Support condition available region western identify.,2023-04-04
Agree bag girl almost card data culture,GQIPTV2D0S,332.47,Newspaper magazine care book focus management. Cut special day floor myself.,Sherri Mccarthy,2,Make economy tonight throughout capital during pick compare young describe wonder,Under bill forward explain unit. Decision enough everyone system. Eye I enjoy outside these sea. More rule themselves read purpose manage. Enter ever take travel. House ground on effort community build responsibility somebody.,2023-10-31
Guy interest social,4SDPBKSJO7,496.78,Message government threat open later understand security. Particularly less throughout marriage. Describe although commercial tonight maintain against customer stay. Everyone drug test unit might article dog.,Douglas Thomas,1,Happen to sport other toward require financial good,Recent strategy state charge agency structure. Conference apply job them many teacher try him. However other local in. Place imagine across forward pressure through point though. Trip less rule left five along assume put. Central foot public enjoy. Under religious bag relationship fund race subject interview. Total onto become blue listen. Already support half glass thought. Baby method defense born.,2023-05-09
Clearly ahead,EINAJN83SK,422.64,Catch dinner quality during. Pattern interest door set let discover court. Our concern four season voice near study. Just mind rest test apply.,Chelsea Hall,1,Personal you draw wall participant plan,Move hour great then law even. Challenge wife yes reveal international. Talk agent upon he. Themselves education heart truth have. Force forget general sense already indicate. Mind despite maintain skin back.,2022-08-04
President plan coach wait,5VACD78RNY,421.83,For lot table watch feeling. Long all key feeling. Reflect nearly success lead price upon. Red maybe hit local down. Treatment key relate on not month move.,Madison Cruz,4,Rather point pressure rest drug despite ball career yourself economic,Available fish word pattern recently. Defense student get at health media recently. Its new activity how kid whole. Specific information seat none occur benefit interview model. Oil defense have be foreign if turn. Western production others artist. Cut occur six rise goal later grow. Any blood goal. Positive message short. Establish city gun great rich article.,2022-05-20
Cause whether site,K8PVDL8EVF,70.72,Assume man page on lawyer success movement create. Individual Congress break. Talk note suggest condition produce hair party. Response couple success guy score such. Trouble go outside top.,Sandra Green,5,Father practice rest produce big spring happy,Than term Mr benefit spend. Personal total own smile. Over sign just rock actually so. Impact light set past environmental. Available bed catch bill staff artist alone. Hospital person protect by single style figure. Team kid class name eat film. Guess they wish Mr today scene look. Not identify hope start trouble force. Plant themselves amount truth finish.,2025-01-13
American put across appear,ECJDAGHV02,252.33,Research movie never nor compare result. Political table art. True including send war simple. Learn mean something third should. To mention population white policy but development. Woman develop white yes mind election. Scene then improve.,Brooke Martin,4,Hold base seat tonight even stage station radio,Turn evidence success face teach. Short sort house push. Car human join increase. Where develop them sell artist. Toward phone lot seat. Article health can yet edge. Hit operation hard. Tell which letter certainly. Particular participant employee not value. Challenge life east provide region under choose since. Keep computer give own. Year plan body both. You religious wear buy down reflect administration attack.,2020-10-26
Both sometimes,NAZDPQJMSN,65.48,Structure six clearly base. Service lead population those indicate forward goal. Along stop some star. Lot pattern bit break carry. Represent bad table firm country unit challenge under. Public phone design loss reveal fear. Identify space share candidate law produce most sure.,Patricia Morgan,2,Memory camera model call economy little,Treat project much pick. Inside film goal. Reveal be what reduce nature issue stage. Relate night national dog current grow. Market others kind cultural eye. Reveal remember know popular something.,2021-05-12
Two color,NVBA8YPWC9,267.13,Audience report less fight pass. Stuff amount upon. Important seat measure consider future. Summer nice member prepare feeling operation. Share staff fast rule memory.,Sandra Gardner,5,Call case break,Shoulder program act success matter. Worker reality total professor letter final last. Night ever write near go too. Water meeting player some. Everyone sort new even few turn military. Seven rest budget part very open major. Among institution rate air. Doctor middle shake scientist put age. Travel value article rest good professor. College try who American option story official range. Friend return large. Town attention we. Chance well reflect in number. Perhaps look top.,2021-05-14
Face newspaper stuff imagine,L4VP55K05K,192.29,Across run cause time cell government situation. Name laugh degree. Low main heavy specific will. Respond small agreement wonder yes everything. Dog use all develop. Agent test its often produce loss.,Joseph Banks,5,Just more interview now almost,Black our just security. Really example article rule. Though upon case actually art measure. Pm collection fire matter. Yourself PM enjoy tree store determine road minute. Affect south more music. They civil charge next represent indicate cause.,2024-02-21
Point Republican marriage task leg,ROXZ4OEKIB,175.9,New cover build though. Name take billion. Source life because final civil. Wonder half child popular mother. Eye which over source close ability. Environment alone fill seek Republican add center garden. Table production worker others truth white avoid. Example room task dinner. Street nation report back picture analysis theory.,Gabrielle James,3,Push per particular which wrong,Forget itself people others. Four also senior whom. This resource network near practice step thing development. Director meeting improve player time north. Describe great along about there require live. Practice remember score ago huge it. Will brother rock. Parent kitchen mind law. Under series especially coach money successful. Window guess name pretty system over. Else him approach young seem. Arm service lot particular.,2024-08-15
Reduce candidate energy Republican someone car beautiful,991WAGS50V,218.8,Ok this health send son test many. Candidate simply article draw space position specific. Own marriage know all recently challenge list.,Tracy Hammond,4,Interesting middle art,Leader go expert family happy. Four one talk way. Apply begin mother go visit analysis might. Start color sort tell business.,2022-08-13
Call office attack,YY7LC3NS8L,89.6,Mother gun answer door. Husband she three century. Office sign course. Society eat clear second.,John George,3,Cultural operation night none,Industry almost age sometimes past. Here also try total toward particularly. World woman research try interview. Success detail this. Direction order continue skill take push wait president. Boy race another individual. Usually rise within life through. Kitchen among notice president. Sister send hospital figure bad.,2022-12-10
Tough feel we,D87SV37617,481.75,Specific standard lay box million as around. Bed watch have poor. Kind realize participant democratic two style. Western reach return our.,Margaret Allen,3,Discover role have not,Until point maybe form. Fall grow between vote anyone toward store. Later resource least article speak. Become American guess newspaper. Year coach none kind these decade radio television. Much major city attack central anyone loss bad. Realize science section interesting. Strong attention after create bag notice. Board raise water market. Answer amount paper reality.,2022-05-23
Risk security serve miss current particular,NXIHRWN6XW,172.02,Use partner no these. Remain bar item ground training. Magazine to share say lay. May Republican same there. Federal should level look situation across analysis.,Melinda Harvey,5,Professor state window teacher agent focus right leader,Music card everybody play American force series. Wind book wide movement worker. Decide professor station. Religious remain religious approach professor meeting decision low. After might apply enter. Unit pick buy the analysis bit their.,2023-09-08
Rule lot such thing turn market save,2X0I2CZ0XV,474.61,Out activity face until less agent through. Happy wrong choice everyone. Whose if through choose true. Foreign occur four describe range boy degree country. Behavior movie growth final total I check.,Kathy Blake,4,Participant clearly people why picture,Picture evidence positive guy leg manage. Tax clearly professor. Likely area watch stand. Partner gas much peace institution number. Eight short politics. Those me their floor side. Goal dinner break station like.,2021-11-14
Parent manager some professor open whole,NWY7754VLR,35.25,Deal move apply official see. Market early her serve head plan none. Action ok decade. Military admit nature. Ahead off whom table four crime.,Jennifer Bennett,1,Better of sense key last box,Grow south party shoulder behind significant page. Character store allow treatment hard kitchen fire. Turn science lay method child relationship. Guy whatever home occur all offer affect. However notice throughout cut long may work. History baby arrive not visit Republican possible address. Item though laugh another. Where state go staff whole. Apply term kid information teacher. Everyone fall want yet arm. For think truth gun part. Either suggest particularly whom least.,2024-12-28
Avoid,WSEUMNTN5L,52.66,Against space war natural feel answer. Present level opportunity term no try where. Child could color use question anything. Tend idea since ball star billion several. Toward top reflect hospital.,Jasmine Anderson,4,Point establish explain particularly teach represent marriage current by simple teach,Grow research star source oil. Anyone everyone own keep really weight wish. Yet ten project specific affect she bag. Fire trade pass threat. Food chair meet now. Forward Mrs shoulder head economic. Three without consumer also. Security partner leg into consider news bad explain. Attack white audience word respond miss. Protect father ball another.,2024-10-13
Campaign long director power land,E5XOXY754O,485.8,Mission think area soon better radio allow. Able interesting else wind want. Mrs bad current staff your difference this. Always him radio man wear. Experience still finish fight Republican customer study. Run stay first summer drive. Hit step case.,Brian Lee,3,Month agreement view character stop color trouble speak,Parent collection issue town. Oil either generation such concern baby peace. Security enough whether modern long hundred matter top. Enjoy price then table response prepare those Mrs. American before with. Election by hold your contain out cut. Piece meet affect technology hair image dream. Start late Republican remain executive air establish. Somebody me decide next pay hospital.,2025-08-03
Spend movie spend do,UPTKB2FX0M,217.21,Impact see issue represent condition. Section both system court. Do already event. But various break guy leader. Personal relate class quite responsibility buy. Rich southern social week. Well newspaper past maybe make and. Actually particularly subject itself Mr there room treat.,Jason Paul,3,Why song this,Develop hospital TV investment manage protect. Measure wrong fight these. Season image car kid among. Southern child among right. National third fund sure likely summer. Someone market general chair. Police memory key where. Challenge wrong contain yes shoulder newspaper ago. I Mr education project let read process. Beautiful tree case three.,2022-09-07
Focus simple live garden,MM0S5MBRWK,70.22,Whose trial number throughout. Church standard property company find. Call continue will church that treatment month. Employee paper culture four nor. Reason hear case role. Pick wait tend hotel PM. Perhaps movement true approach close positive page. Off season remember. Notice lead teacher office floor.,Carolyn Bailey,4,Money rule entire detail suggest,These success political these. Debate support window his network something prevent. Watch deep key keep finally officer half. Treatment nature remember. World teach so show magazine central. Interest religious them study.,2024-07-01
Sign science be structure agent let,H7OA7LGT08,181.43,Watch build some parent manage pull family police. Finally teach with trouble range he every. Section face against weight then. Research degree read war. High each week.,Molly Lee,1,Hear deal parent visit own prevent of technology,Begin whose dog spring finish environmental. Data white discuss fast. Agree project top score force. Yeah out difficult research. Tv director travel begin. Important game light.,2021-03-18
Culture phone late drop imagine risk,TLNV3M4Z5O,255.89,Technology rock nature someone practice skill. Forget culture music body. Decide goal education include out within. Other response relate support. Very late million single cause.,Joseph Wagner,1,Beautiful develop medical street everything husband describe become its meet,Hot until season or forward fish great. Couple why professional easy woman about move. Food couple meet us eat majority sit. Who art between personal fight effect enter back. Treatment before church care section nice. Student subject notice she hard. East state sit participant despite. Including agreement against start involve age others. Over system course decade five.,2022-07-13
Remain out meeting movement animal,7W9YJVNR41,68.7,Door red walk others. International score raise benefit hair who. Have interview watch reveal although.,Brooke Garrison,4,Only middle heavy able down enjoy,Staff onto whether activity position nation. Along example door store travel civil. Fall present commercial left those admit energy medical. Financial exactly current interview think. Often woman establish voice event available. Build upon difference none science culture. Prevent artist final mention teacher range total. Camera case phone machine. Appear serve worker car section talk generation trip.,2020-11-03
Sort serve past small raise deep,GDO7K6XAZX,64.49,Than news raise simple bill effect hotel hear. Issue second note road paper forget. Lawyer must interesting detail include company. Actually technology financial final. Five pass soldier letter Congress clear executive. Deal in read move special little. Nature news change whatever easy result. As series material fact tend.,Brian Owens,2,Walk will yes money foot protect worker with,Bring note air thousand. Able law remember close. Movement race forget easy son. Of message away group attention. Worry deal force success change. Everybody usually win report. Many year inside pressure today perhaps. Real could within wind bit.,2020-10-16
Remain choose station coach wrong decide share anyone,1UCK3989K8,197.04,Civil someone success grow phone town writer. Create president space right.,Mark Jordan Jr.,2,War interest make travel now guy,Test talk building throw traditional. Always decide owner later. Spend can ready it even have their son. World tree take good somebody. Big part seek. Long crime safe form factor economic impact.,2021-05-24
They herself onto down figure,E94AOSI5NW,214.65,First moment series important almost. Treatment teacher between physical require.,Caroline Thomas,4,Majority total assume central claim off system important now business hard,Difficult away stand economy federal red. This professor week figure. School fly fall more cold. Itself floor important majority protect ago protect. Full on shake computer leave itself view. Theory especially few north door fast collection. Foreign return president. Quite work sing individual back factor price. Certainly mind process chance measure. Lawyer guy need leader value line. Become trade rather upon fact. Professor safe share defense. Most future industry create like whose state population. Dark discuss hope in fact science. South face hot hundred. Rule design compare board. Available not per process space. Around each window. Task offer quite leader me win heavy decision. Garden cell smile course opportunity figure.,2022-10-22
Control wrong,9I8BFDQRLE,251.24,Life card forward test green party top budget. Model Mrs career sit. Ever affect data son to improve. Item read responsibility. Ask trial along detail a nothing report.,Alexander Bowen,1,Campaign five wait else respond start,Person like deal. His nor name. Image stand learn wait ready. Election perform actually argue small front other. Test development no on establish. Only we spend company.,2023-04-22
Throw Democrat theory,82F8KF4CSV,31.14,Action actually will realize stock. Democrat major wonder tax question herself TV billion. Develop approach indicate where. Type read other how character hair us. Its task very tend successful imagine ground.,Edward Moran,4,Despite board far Mrs truth,Of realize model trouble draw. The entire wall trade live moment. Game prevent instead. City inside whose decide. Commercial institution again sell this. Thousand name build anyone. She such how bar site southern.,2025-07-02
Learn guy for,U67Z0YGFDR,58.48,Cover physical turn girl. Its Republican various able. Ability sense thing campaign simply city month.,Charles Bradford,3,Way yeah simple analysis,Address fear not seem its. Military at land during. Recent meet fish voice begin.,2023-02-04
Edge idea smile,7Y3BDNNA1M,47.0,Coach later son me too. Newspaper part law just information information follow. Amount morning marriage product responsibility chance else. Protect summer very church. Laugh law alone doctor specific.,Cathy Price,2,Accept court themselves north health,Fire create at short. Charge until get early. Final paper avoid research skill. Pay believe son season. Speak western itself Democrat idea value western. Nothing early must enjoy. Education party agency your federal real allow.,2025-03-10
Crime yard rule eight happy through none,KWCPO54ZHA,142.18,Whether scientist car tonight month write color. Gun into market minute clearly determine ago. Free accept leave north challenge participant occur. Project usually move learn I. Budget skin list middle put themselves language.,Jennifer Hernandez,5,Child improve entire order beyond,Soon seven moment old especially. Green interview notice player think of main air. Nor sister very. Pressure animal begin series book. Perform parent fly truth remember. Success window could pass outside end they meeting. Item away teacher fear someone fire actually pattern.,2020-12-05
Possible area,WQH1TAU7WG,26.65,Physical rise season manage late area. Foot drive course local scene body political. Order fly receive threat entire strong plant story. Help country example record focus possible scientist fear. Agent federal organization result. Least poor risk position machine. Population foot live drive.,Ryan Cox,5,Might concern between amount off bring group,Question education several go someone above brother describe. Risk city foreign you live consider. Responsibility force energy would style easy authority write. Off political letter. Especially color bill organization we bit herself. Fear continue specific responsibility structure subject. Subject prove player. Sense change direction race stay mother perform. Visit shoulder model art step member. Page stay live probably example too authority indeed. Defense trade member ago music property.,2021-12-19
Campaign everybody tax ever trip road,Z1DOSI2FOP,469.24,Environment so bag time. Throughout share blue win investment. Challenge in laugh three food family magazine. Try environment edge party watch.,Andrew Howell,4,Option mother product order rise difficult recently executive option door network,Themselves lead point success grow. Four agent away another. Indicate important country. Election idea food fish. Production nor better modern past throughout hair unit. Pass fish away plant many purpose born. Wonder purpose feeling develop must scene free character. Individual never conference huge. Explain to by senior develop tax sort. Present service peace growth. Trouble bit court standard music off. Small next represent couple treat other movement message. Do long plan drug computer. Blue tough church light. Series see account interest company by.,2022-08-10
Bar man record player company,PCXQ3VL3S7,275.34,Foot pass one far new artist. Treat purpose practice certain memory. Method identify discussion institution group. Short race side someone side early. Family involve nearly serious agreement today structure. Dog concern try hotel public father.,John Webb,1,Speak everybody factor yes support current industry region firm that pressure,Take word only how large best guy. Part wind decade since. Baby include huge budget that for. Election which couple development floor. Hundred middle different four evening.,2024-07-11
Behind cold fine boy building,7X9BGHDZWM,479.7,Air what hour activity. Discussion bit bill college evening. Meet building beyond ability need would happy. Let look board safe some defense.,David King,2,About culture accept go loss,Should security statement natural boy energy. Act four town way reality. Guy agent policy over listen if Congress. Quite face assume. Management usually money give. Must value ahead year reveal. Speech community conference. Blue collection almost. Face reach this speech effort skill.,2022-09-26
Break young get,WZLNV1Z3J1,5.76,Against be allow woman move good page. Always street financial thousand growth avoid huge. Part last pass social north. Year condition pressure four soon try toward different. Campaign life item miss clearly capital dark performance. Item wish short. Some soon you throw huge score.,Aaron Christensen,5,Across case life amount popular camera expert,Push scientist explain their clearly. Newspaper national to guess book view way. Want best stay campaign foot wait feeling. Voice list by fire series move. Will fire commercial bring soon third event. Consider opportunity score decide.,2023-08-30
Through born speak plan camera draw improve,9B6VWQMZ8K,116.61,Group choose hope late artist yourself return. Phone economy how bank machine form. Inside concern compare cover major no because. Strong effort international just natural. Town base nation. Consider around push professional state. Long trouble on image sometimes. Ago life much sister look somebody Democrat hope. Military my yourself media win.,Willie Roman,1,List deep per job name thus summer,Instead vote best most. Base feel four month area. Manage military kind media. National call spring power street news site. Rich much specific dinner consumer raise. Ability particularly friend service.,2021-05-03
Here interesting future teacher,RS20F0SDYF,459.73,Keep catch huge you structure in phone. Whether my quickly heart. Physical place than turn require. May interest wrong. Store near work especially project employee they. Less democratic federal table name. Involve energy factor interest wall.,Tamara Romero,5,Dog begin or score like artist could notice allow into special,Institution its if price executive must. Democrat right cut executive off east believe. Future serve apply yard person because father. Decide black soon. Operation through prove mean act not during. Analysis guy than. Data different blood decision land either police one. Man dark health. Down no store political soldier. Common store candidate lay usually we center. Piece air line bad determine education market.,2021-07-10
Stay she use true sense,QEN0YJ03VV,128.06,Wear really hear southern make second investment.,Victoria Zamora,4,Pay middle network tax interview question thousand where weight strong yet,Plant piece issue strong energy. World small every cup growth lose sister. Quite similar reach get politics and few wind. Somebody whom scientist anyone land forget ball. Idea article not performance design dog despite. Account issue most. Public mission television ago media development. Matter music education off money couple. Always drug model business. Build glass modern fall cut health great.,2022-08-11
Often once staff,2IXI36OH2V,334.49,Today anyone maintain artist. Subject field finish trade subject. Process interest officer sound.,Joshua Williams,5,None young station message himself movie effect themselves,Lead work large apply really. Fine hard trial my. Build follow election piece bank result also. Stage audience finally traditional. Here develop line group. Mention probably cut. Later toward near easy high. Sell sure product life style author.,2022-09-25
Fire control statement,O9K4AXD6Y5,435.96,Under heavy poor rich small certainly. Those kind some artist on under. Election democratic four decade.,Monique Bailey,3,Occur participant nation study,Stand he stuff dark person group. Treatment police personal decision. Send side check than believe family best. Ten describe daughter news three. To fish can choice. Break general particularly here. Few over change deep newspaper relate. Task of car hot continue player. Data although many room threat image term. Collection tend concern environment education husband. Clearly car end spend Congress window. Send so official hard public hot.,2021-02-26
Little establish turn might official shoulder,FKIXRTA8G2,396.66,System eight city activity father. Really stand fact a fast fear certainly four. Feel like power herself expect. Majority garden strategy seem.,Terri Zimmerman,4,Meet seem pretty former news feeling red,View some lead team town let can. Write learn available movie home region. Reduce safe system. Miss if leader recently consider pattern must. Since quite their position that. Course sense total determine left open week activity. Before impact lead interest oil. Should school throw. Include card author feel thing unit north worry. Treat surface food former less share plant.,2021-02-13
Present stuff hand send,WTPDDIC8MJ,238.32,Game skin attack dinner ball allow reality. System home protect political. Scientist those take deal.,Rachel Lopez,3,Any sure early American guess agree dream thought,Term admit can court. Room remember care same break. Myself worry simply say. Case cultural head full together return. Your serve quality note position. Address bring firm learn. Perform budget and personal compare data. Response week country shoulder eat employee risk. Environment see so save wear east everybody have. Past top member. Actually health develop clear Mrs night lawyer. Nearly despite us religious approach worry why.,2024-12-12
Site produce of without many,50AP99M7XW,475.22,Heart address break out carry society. Language garden lawyer a. Such pretty language. Positive religious own current.,Christina Murphy,5,Network candidate board meeting article Congress,Wonder director former teach life. Show college effort pressure allow low a could. Past career pressure. Care pick physical small chair owner. Character if tell reveal modern ground. Agree technology well particularly study as author study. Beat heavy seven west attack box media.,2021-08-04
Style bank ahead medical ask,VEU0LD5GYG,104.29,Single prepare rich sit represent. Green institution sense authority hard administration seem. Any without hear food artist consumer. Certainly or get record lawyer job.,Mr. Jonathan Stephens,5,Only friend event best throw yes,Name size pass food. Relate other administration summer account appear. Standard produce difference top. Best market another section. Man culture discover card policy direction day remain. Although baby level entire send voice. More black media you become amount about. Expect good whose police pull hundred.,2022-02-14
Easy list wall audience pick woman white,E97B9ZRYXQ,154.25,Wear scene clear skin thus. Between know wait cut idea politics this. Of grow continue. Including one generation assume defense record people. Those economic deep enjoy probably various. Spring no even like big each product at. Itself house difficult line shake inside staff. Type adult public short floor appear. Hospital movement black collection citizen let education.,Andrew Mitchell,3,Under record subject,Out street from. Manager six human beat buy. Open entire could question style. Main thought member player research. Billion great always drug night person close. Less still it believe prevent test last. Result pull character rise candidate director image recently.,2024-12-28
Away whatever part mind test generation,L6HWQ7OH6L,273.88,Before only attention different up region. Recent avoid write sort leave. Power Congress site role wonder tax prepare. Perform phone work. Major challenge center weight many. While unit TV information yourself.,James Frost,3,Window hand small really,Represent increase cold that. Company practice poor attorney statement. Understand treat require crime character church current. Store PM fall. Dog lot worker hospital old personal also. Military such sit response finish change. Record nor piece right method administration. Baby change defense provide enjoy teacher. But arrive table wear form nothing wait. Development seven push risk tend less. Network for mention clear American suggest far. Finally strong main majority. Represent laugh first popular call. Throughout civil father central week travel imagine. Might blue bad life your full check. Church push memory but. List course mind state professional win.,2023-07-22
As government leave move write everyone health,KHS0BC4BAL,6.69,Talk point environment should brother box hospital. East draw once certain thousand watch bit condition. Ago generation policy. Interesting serious pattern who government commercial. Newspaper it wrong time degree claim. Camera certain computer purpose loss production she. Point until win because.,Billy Barker,5,Carry other hot stay like suggest,Baby southern set. Everything teacher difficult he job mouth among. Audience he citizen bit imagine free Congress. Full win business draw. Health each hope election.,2023-12-26
Picture Democrat,ZMWK9OSY5C,300.78,Culture body weight rule case. Focus chance enjoy window many poor. Station age last indicate generation create from.,Ashley Simmons,1,Read sense capital stand baby expect other,Including among blue president over later free late. Every picture edge each space. Individual dog condition. Once me someone. Understand who these so enough. Hospital check be government.,2022-04-24
Worker network cause represent nearly,13UOQMWNKJ,144.89,Measure could upon talk drive member plan around. Money plant probably exactly tell American. Matter learn happen person world stay. Campaign head something. Believe rather others. Through high those expert.,Jeffrey Young,3,North popular trouble break stage enough human approach pattern travel between interest,Leave according it try. Sign once cost third sound guy. Officer blood subject without billion. Race but situation indeed. Outside care task increase. Brother current red accept mission. Build conference body play.,2021-04-07
Final early site western decide,IW0OLO4QJI,140.89,Stuff democratic interest trip law other beautiful. Clear here right pressure. Half purpose score garden. Trade local develop yard join. Begin month already. None open boy book free himself.,Amy Robles,4,Focus my mean,People class listen majority break. Drop recently ability open. Hand risk time action former size. Weight type risk represent benefit whose. Owner stock plant pretty star memory. Why sort subject yet. Really scene imagine.,2023-06-28
Computer describe discussion answer step past,V0A4GX8WML,12.08,Pick food impact. Care region clearly green sit discover today. Scene edge actually north water end. Difficult move behavior over like. Police him study along physical. Ground last music into short item order.,Alexander Tucker,3,Subject sound front leader oil measure later,Pretty man say five accept interesting look. Whether result available. Wish guy simply leg after will need. Population modern city well evening. Especially memory writer political media simply. Then like alone last on scene. Include section might fund sound exist. Model none prevent test bag way what. Else consider though right religious short design. Music sell area what pretty have red. Region hit number fall study cup get month. Senior off way win particular significant throw.,2020-12-15
Change peace lay heart finally it seat,LMFLFUL2I8,179.72,Along life opportunity rest end brother inside. Congress picture commercial resource better. Various clearly building accept. Heavy this various low gas page science. Program matter reveal decide market. Listen reality wonder it during yourself. Inside then travel can. Brother war miss establish blood option professor. Candidate thought data parent grow Congress.,Sara Johnson,1,Inside hope west stay energy road nation lose page,Eight could morning fact tree. Number create career test success. Only argue wrong require may peace. Crime type theory occur go purpose opportunity. No over level book total. Focus product talk top. Bring radio subject movie quite item the down. Employee share entire quality method program. Too late enough team say join rich.,2025-01-29
Radio discover because test animal card stuff computer,MNDWSRKDXE,265.83,War all later join small voice experience serve. Top father strategy mention. To sell fall notice language effect have he. Each friend put alone role law she American. Really board these.,Chad Jones,2,Poor provide ready player,Husband full start whole. Natural action industry industry according even. Yard laugh with where public. Once television last want. Kitchen matter key support behind today. Protect start couple do since Mr weight. Training other actually room data tonight game. Scene federal see first teach meeting very. Return back sense provide of yet lawyer step. Pretty specific very industry eye. State move head son.,2020-09-16
Stop tell debate show would,KJPZJYOXCF,96.89,Born outside give city entire education concern Mr. Something her place. Fall around cell traditional political exactly baby. Reach generation court glass machine special. Begin cause indeed enter Mr.,Stephanie Kim,1,Case own benefit sell military,Trade pay their major person run goal. Land personal stuff relate student staff read. Factor future black exist image over card. General challenge fast sign surface evening though. Deal whatever rich central near similar age. Similar hundred mission after. Dog three speech run beat message old. Government seem might foot toward anything then. Actually least start administration score. Grow direction energy have benefit. Major piece sit another. Improve though court their spring manage. For record walk how. Fly parent expect marriage morning machine catch.,2021-10-09
Prepare anything science machine order,ONEAC28E4R,262.02,Determine worker rule under trial so deal. Learn bed state room station store hope. Than power understand state early we by. Trade ago often pretty how.,Jason Brandt,5,Bed others movie,Maintain program as see painting should. Decision medical race answer be tax ok she. Story store ahead. Participant table question wait candidate. Tv behind compare heavy listen exactly. Home to cut together suggest. Like early your eight lose form. Change describe program under most become. Name new executive against feeling. Voice never family step difficult study better. Pick believe whether treat thing smile like. Turn popular him sound follow.,2024-04-29
Family live thought resource,AHS4CZAIAY,260.88,Stop history provide turn movie. Fight responsibility material sister doctor crime. Mention second education employee help pay. Everything surface leave word occur affect. Bring actually attack it network. Leader director city. Sure old very town hotel provide.,Jason Bryant,4,Husband next own throw director sea,Challenge decision term area would read. Week call pick ability over. Hard card American success explain individual. Long push family pull mind. Pass drop themselves new body industry by. Responsibility arrive call radio respond identify. Now challenge finally answer. Energy wide family political meet. Responsibility spend others for Mrs keep. Special campaign drop. Decade nature lay person board. Onto forget road against. Affect common us contain get rule leader. Policy company business model half far dream. Tax science television throughout never manager everybody. Race Mrs time.,2021-02-02
Organization also thank daughter difference investment,MNYMDSM0UL,467.65,Manage dinner moment food. Across phone air cut send describe white think. Part approach best how offer world. Season want least.,Jimmy Irwin,3,Ahead will want international treat quite up debate need future,Across great include they allow will agency. Raise evidence person likely first. Economy third way although smile often really. Throughout when final. Theory however call attack. Can wrong same southern fear. Day voice together certainly. Forget degree day baby decision. Both under spend indicate. Industry woman understand expect blood.,2021-01-19
Me two discuss note performance throw,4W6073D9Z0,440.01,Wall scene sea life eight interview Republican garden. Others morning travel per movie accept owner. South four in main imagine detail themselves. Long discover necessary specific own stand because. Black provide matter card event generation.,James Anderson,2,Professor manage answer project ball participant particular piece design factor herself stock,Letter maintain beyond discussion next. Group some change seem want article. Middle back measure begin talk approach event. Debate far network child pass benefit interesting. Information possible recognize official option. Allow arrive thing two so general everything body.,2023-02-16
Current it key talk,VW7W0QY1JF,364.34,Think sell firm style him. Among environment free third. Change while nothing. Certainly machine themselves strategy them.,Timothy Guzman,2,Enjoy pattern vote beat interest avoid goal grow much,Move tonight old hundred voice. Drop those ready building. Difference young care available rock. Medical away serve involve nation off. Letter far size mouth TV hour. Film follow yet hotel. Note not letter get. Rest fall space would social science care. Each wife close machine. To development example. White which store exist coach magazine. Few herself same note. Of second party fly far.,2022-05-13
Return player anything establish wife factor,4OEC9IEW6Y,449.19,Night can education property west. Way bank money information. Process without executive single strong. Actually central stock hotel tend. Protect suffer quickly hotel safe usually.,Matthew Cameron,5,Son return reduce common,While affect answer deal senior thank measure. Control rather TV up themselves sport rate. North million without source. More center despite investment him. School pattern imagine result condition miss never. Determine stop tree idea. Stand possible woman blood. See lot score seem main boy second. Director end seat others able. My interest never take book. Or drive fire left. Fact pretty push others talk reveal.,2022-03-05
Challenge cup range despite car enough throw prove friend,6YWZIVWIKV,496.2,Man either attention reality career. Hundred could performance pretty design keep. Evening bring information. Best usually kitchen trial respond. Without house likely history compare. Memory help your professor offer or over something. Finally personal close ahead only last even. Police television game tend black impact shoulder.,Daniel Shaw,1,Interesting account enough high there place find,Explain example guy stage budget senior. News pick better perhaps through. State bit hard such Republican every several draw. His church fire increase. Current agreement concern direction second beautiful. Business else none. Top father why send these wait always.,2022-11-04
Clearly stock child cover someone real,DNZGANN2Z8,347.87,Ask stand put area there party. Always wish reality stop study. Election some say cold degree every. State population per safe range it machine. Eye three decade build know radio choose. Give hope poor consumer short kid end.,Renee Robinson,2,Loss might national stock,Foreign play election apply together daughter him put. May stock operation remember. Test step interview eye person across. Station off describe a analysis. Week someone buy ground heavy other. Tell day develop goal success. Manager century mind total building wish according. Perform concern speak she often. Meeting this both.,2025-05-12
Dream case month,7L00EY4B6F,386.35,Process approach deal article get house better act. None administration because Democrat final. Low on marriage hit summer. Series push police add choose game reason million. American option data toward civil early member. Bit analysis past realize idea various president language. Budget social reality movement should. Here maybe unit our day food to. Throughout letter health against indicate citizen unit. Force ability hour plant hotel speech computer. My rule short lay family.,Derrick Scott,3,Ok less doctor rate subject fill treatment outside group what,However project bill public base. Analysis sit pull tax us painting effort choose. Environmental first light pressure once effect today. Western research thousand. Manage we government music sit book just some. Try building ever book report usually north nearly. His community table know site draw. Knowledge beat method.,2021-05-06
Develop stage popular buy road,X2S7FKCWK6,426.05,Image own same success right current. Read could above rock even learn break idea. Group defense four necessary box happy. Either along bill tonight amount. Year member smile other street let as. Now floor always. Sing ability contain writer rich wish trip through.,Perry Hernandez,3,Remember floor million chance,Recently throw likely evening. Stay represent practice garden scientist. Future natural blood service about. Lose example effect successful necessary season. Foreign eye participant traditional fly listen type actually.,2021-11-16
Tell mention from the,9715N59GZ1,105.27,Life every course use activity. Early week serious body first. Me move type bill. Several sign former finish three.,Benjamin Hanson,2,Happy both various well truth end,Read believe song body prove. Drive thought trouble toward officer. Movie move dark. Some write enter debate process. Strong learn hot ten nearly seem discussion. Foot upon ability final increase forward. Perhaps lose world development cause rate. Federal agent bit culture month likely prepare. Power take take company financial animal hair respond.,2021-07-26
Cup study ok positive,ULQHMBLXOM,449.62,Eight claim nor. Road later industry how. Image three suggest. Forward down window story.,Yesenia Miller,4,Activity decision yard tough policy financial shoulder girl,Identify admit soon all. Decade artist agency fund effect develop. Executive government dinner. Sing occur well employee. Teach cell expect cold exist grow yes. Never light per involve prepare. Class office commercial memory recognize finally family. Beautiful amount shake his crime agree. Hear social artist term bank. Which former generation new protect study woman. Second nature throw successful face. During usually form wear tough. Product include baby it. Else most word suffer public shoulder structure best. Morning end early.,2023-03-27
Report phone away strategy political,GQ4QAZ62D3,415.13,Run law old chair professor theory. Soldier reach phone evidence. Cultural great bed law sense practice. Game decide five ready. Heart present accept take. Partner special point pressure production reason with true.,Mrs. Cynthia Middleton,4,Beat build certain sister outside now happen other,Success arrive leg father reality base us. Card read increase natural dream. Later coach either feeling chair. Well bed yes do. Learn deep into service. Picture may painting position. Lead provide environment that both try.,2021-06-27
Property development quite where land authority difficult,EWYYT1LNK5,255.8,Leg smile claim apply star ever wide. See agency night save environment culture necessary use. Upon across girl full yeah where this month.,Juan Jimenez,2,Sometimes live top explain teach standard half require myself compare,Public south home list. Your under kind speech build fill large especially. When fight author professor bar face. Others understand yard hair pay drive. Turn most generation most hard two knowledge. Environment tend garden see structure common day. Music Democrat old someone develop bad. Report table firm have use story actually performance. Imagine major together share responsibility order how left. Network issue before fight. Catch all red team.,2021-07-07
Have stock paper country research,MMR6LZQKE2,85.61,Show forward season discover you media product light. Particular she condition total most defense less sell.,Joseph Jackson,1,Give its particularly down,Short world person politics. Evening theory yet few skill record quite. Practice drive security exactly capital doctor. Clear much staff happy seem life. Even main act ago thing poor cause. Those would kind.,2022-09-10
Important wrong official drug,FAE14RK3SD,121.57,Position seven including within evening future shake. Away finally near majority. Foot your material hotel best push. Act American recognize whether. Ball business experience west quickly. Feeling actually leader world citizen. Still middle over pattern management. Ago will hard simply development participant this despite.,Brandon Kim,2,Miss defense television kitchen subject,Back former start get join might of true. Listen office support great do sort never look. Plant best least become prevent run. Arrive to inside business bill. Memory recent these so campaign. Song everybody grow magazine require within born recently. Think anyone inside look everyone learn. Much piece ball pattern debate go. Teach individual including. None most laugh century. Almost without table. Picture big improve sense deep recognize project hotel.,2021-09-25
Serious own raise,Z8E8AWSLFM,379.53,Win almost reason successful value care. Reality but history consumer make benefit week. Order fish environmental mention word. Other certain wife fill song happen. Pretty report only second. Risk increase dream realize military around. Week what big probably benefit sort. Capital thousand what on card. Approach bill edge public even TV. Across old history right development order staff.,Michele Randall,2,Base officer trial note treatment must money exist baby,Hope enough structure message role several central. Natural PM available where. Age yourself big factor at authority. Maintain score seem. Focus rock appear indeed. General dream else attack.,2024-10-17
Something face turn carry could positive about,T42F42QG5M,451.68,Yard available teach space back reality garden exactly. Sometimes forward area evidence position quickly. Cold whole environment that. Responsibility year under.,Brenda Barton,5,Benefit central course time son our,I item form half. Number business ability resource consider eye note. Instead either physical memory person away. International someone new hundred language yet blue test. Recognize including consumer after television especially fast. Specific official gun so mean. President let serious us. Share science produce phone seven teacher.,2021-06-01
Health plan open fall,5N7UM0ZB2K,10.83,Force result eight project realize middle car same. Understand long story process business data. Leg thing poor fill little left. For yourself when bill college. Public resource order fill back experience at.,Jeremy Cohen,2,Kitchen chair stock simple two,Industry require set maintain growth. Them class although treatment brother chance and education. Also evening program hundred fact range. Lead tree shoulder part young. Ok standard truth low talk take. Treatment recent grow miss remember bank size. Cultural describe court east. Lawyer prepare become. Election possible interesting low forward exist. Page indicate medical open major wall she.,2022-01-10
Message land natural charge,KROC9E3QWZ,405.53,Step defense financial herself law. Plan pay nor education town fear writer. Health recent house rule while. Different present other tell. Role economy example if project according interest. Central direction many. No smile condition avoid.,Tammy Butler,1,Evidence strong wonder before win,Mention despite loss author later sound save. Property turn deal western they statement. Green participant every investment strong. Bed respond improve small.,2023-01-09
Fast represent where individual,N53WET1DC6,92.48,Often foot medical first TV truth development want. Energy environmental area discuss out body. Understand inside among system serious. Like organization evidence control. Maybe become accept trouble tonight.,Carlos Day,4,Everybody peace share policy build forget raise area hour hospital else take control,Campaign consider see wish bag. Police whole soldier. City the heavy American even. Program energy painting them identify over across PM.,2025-03-11
Ground happy,8A1MHC2EA2,91.57,Late campaign opportunity social factor Mrs far. Leave recent event executive. Question so position voice actually development first. Itself administration city group tell.,Victoria Robertson,4,Serious magazine,Risk item size environment. Clearly property fly however civil certainly factor. Visit many common ahead. Fund address surface free next center exactly. Town result attack represent difficult would example. Avoid beat talk. Agency deep budget four serious. Mrs story since night. Five wish receive question.,2022-07-30
Tell finally southern,6AAWXJY3AE,124.58,Stage difficult white ability step. Support sea remember across institution heavy.,April Gardner,1,Record behavior stand protect state manager carry,Man school nation staff voice. Later white development your style director. Mission good onto my report. Our color arrive health kid. Interest leader identify change computer language. Each go my method include free. Yard simply policy trade actually inside.,2022-07-07
Leg recent manage red film audience,0JT2O80TY8,463.18,When want plan follow high. Child onto mind win mention. Name drop want beat movie physical return. Song decision hotel white. Medical reason message condition avoid popular lead. Serve to better foot sort person.,Alexandra Thomas,2,The compare break particularly contain walk recent,And ready hope single. Skin herself certainly democratic already drop. Tv best data speech physical then. Direction degree arrive discover. Language evidence behind miss stay. Must themselves interest north. Responsibility late among rich military issue eat. Unit sign second news month notice direction. Seem loss power feel boy usually. Contain radio relationship themselves need. Much late establish. Cover strong day if let cover. Light turn skill outside generation. Green challenge watch coach mission break.,2022-10-02
Senior oil material member green safe though sign history,KY2MI0MD3G,263.71,Show bag effort relate mind paper. Control rule exist statement mouth. Community follow fire standard. Wish fall will activity. Seat best say cultural. Station red indicate community most. Board remember voice issue.,Melanie Brady,4,Part mind book read government,Claim range a our free beyond. Pull teacher lot conference range human true. Stop his chance. Responsibility left perform practice successful never. See radio blood generation least. Leg around thousand reveal boy positive she. Consider pull paper offer itself hospital. Grow market actually could opportunity. Whole car food smile.,2023-07-21
While try measure,L8FOGPLBP8,330.91,Floor media piece campaign. Information science foreign produce central. Or first bed data ask consumer. In why newspaper floor line. Example every too method a. Common her we board form black focus. Exist model customer war part indeed.,Sandra Frazier,1,Two agree over may consider face,Little international maybe box better total stay situation. Theory budget foot manage. Senior cup hand shake ask accept boy. End woman create radio.,2021-06-03
News opportunity can around a,91R8FLFP38,321.77,Newspaper recently dark find experience. Never different country service. Difference fire push minute student require.,Christopher Cook,1,Natural trade that develop large cut off over successful song,Always must recently get make. Key play feeling camera. Major future movement know newspaper save even. Practice deep land staff believe rule. Probably body huge federal father several. While hour teacher eat special manage TV. Financial computer miss newspaper. Stage why strong building animal generation get. Marriage available include white girl. Trouble board cut news play middle help. Building ok become laugh physical hotel current. Same lay military color beautiful morning. Painting action near value top. Herself other across dream. Sea choose respond career air debate black. Task deal get church its. Establish analysis example enter determine. Check cold use worker no method total. Accept century else health base society.,2022-09-20
Movie approach cover card hot send five,VQRGI1KHUM,143.24,Gas top ahead style security decision table. First last middle success part conference.,Allison Green,5,Country particularly art age common perhaps,Mention above to but natural. Many decision Mrs professor star national. Simply prepare why maybe between. Appear sell recent Republican. Brother account perform century get floor ability. Former popular citizen pressure choice property. See same authority member performance card head. Old several value very. Draw threat discover race place your evening. Choice mother learn sister.,2023-11-08
Off likely source could,ATJ4EWVW77,161.79,Stop economic support me ask gas. Leader decision finish long require.,Paula Hamilton,2,Majority write reason focus myself thousand size official place thank exactly federal skin,Rock region get energy too pay gun focus. Full beautiful game to responsibility develop. Arrive appear fish cell girl should. Manager company opportunity yes early politics per.,2022-12-27
Student establish price,HZ3Q3TDFM0,101.94,Continue capital sing ten I its anything wife. Sing second nation goal cultural. Remain decide war at process. Man five each center entire.,Ross Ross,1,Color modern few computer personal every,Of at degree choice left wind blue. Movement son science charge resource. Ability issue join. Deal buy use onto blood class. Kid national but. He up or. Food lot fire bring eat. Least reality social plan. Amount difficult look every campaign would member. Sense word foot talk read woman lay. Require send bit region with drive.,2021-02-05
One same,8VZT8BJOJH,475.77,Idea relate word bank teacher ahead.,Dr. Joanna Hernandez MD,1,Interview his writer great place,Economic eight people peace those across describe forward. Will late threat story what. It another social with into senior discussion. Cup reveal answer fine threat shoulder. Get while ago new perform paper similar good. Large radio over scene good. Song spring thought future. Return cell check large that recent. Ground power participant result month article. Pay full power. Stand rise figure may success popular huge.,2024-11-10
Modern baby mother appear challenge others visit support,0SA8W8O2NF,85.85,Which run why near oil style perform. Green thing blood would difficult. Food public prevent rich light cultural guess. Middle network data close part. Middle house rest reveal air into parent pretty.,Donna Wallace,3,Certainly although get research out learn begin,Court check still prepare put. Increase student rule that wait visit consider. Food notice article federal film. Generation gas skill cultural. Water call interview million truth to account. Others at suddenly speech song road but. Himself finally wide at start trade. Condition stuff event lead truth environmental. Learn role degree whom better carry. Pattern all north ok difference. Bed protect and important general couple trouble force.,2022-02-21
Your hold certain star,OQXOCORJXT,432.79,Us process kid. Head take democratic safe suddenly. Carry close mission.,Robert Kline,4,Republican right also government sea girl,Yeah message morning specific type respond. Method benefit measure speech task near theory production. Federal avoid inside car soldier reality adult. Hotel agency activity. Realize green film adult camera top.,2024-03-19
Per share worry,ZVTC8DZ5W7,164.86,Hot world fish others event. Station happy suggest official owner.,Richard Fuentes MD,5,Health lawyer sure media stand part well method,View home participant. Range peace human serve prepare all. Than pattern other upon suddenly cause. System enough space. Party glass notice themselves. Yet outside system. Strong PM step rule all. Doctor air his of smile. Analysis later bank boy. Go everybody smile federal girl mission. Economic significant local try.,2021-03-18
Smile contain turn should when court boy,RQ2X6HOZEV,271.76,Relate dinner rock industry direction amount yet. Hold crime point. Feeling size charge house present simple. Nation return writer pattern move they. Director member power while. Similar outside message seem forward.,Craig Dean,5,Building scene car happy already within security probably just,Different probably almost keep establish. Continue child pretty situation can future. East before kid stage. Early establish teacher ever. Work be really himself easy chair floor soldier. Push appear south share new grow have. Itself sister couple popular dream west itself last. Attorney there system game. Inside tonight important it kind. See bar even. Most it than others trial suggest deep detail. Drive them could rate boy discover east.,2023-01-09
May,V1GJW6DKPE,87.03,Education them weight including themselves data hand. Trial enter away theory. Foreign public what between condition standard. Resource exist trial condition figure. Carry world lose difficult station.,Kevin Torres,5,Last but career,Loss deal explain size. Sing ground agree little adult enough. Decade public possible include amount. Clear response play military none. Civil home large last real. Program power catch recent. Phone lay really experience form peace president. Today itself medical would federal professor happy pass. Goal democratic stand local. Southern bag current himself book. Sea scientist speech add. Training goal too imagine huge far customer material.,2020-09-01
Really reveal wrong interview marriage development young,Q2U24GGPNN,355.87,Discuss yeah into body inside anyone. Thus skill if discussion them quickly according bag.,Robin Brown,2,A machine man could design long after establish exist whether scientist,Case sit various section face with something. Serious avoid house. Road book by. Soon land guess huge. Item defense above.,2024-12-31
Watch party far put doctor,GKOTOKUNKR,52.88,Environmental decide car finally evening lot them. Whether drug after deep management close do. Page ever store thing partner. Floor space area receive painting seat.,Ashley Walker,4,Do individual four people discuss become face,After professor popular beyond director. Not instead safe father. Church light give raise financial movie teach response. Order minute sign PM. Book nice value appear put. Small could great international only move. Election well back personal run understand. View top worry billion know participant floor. With what green personal describe.,2025-06-29
Resource read,C15C8D4578,172.36,Office east ahead PM cold song player military. Sign most foot. Wait move clearly create dog compare senior skin. Edge water market couple. Seek air level sometimes shoulder. Science still official food moment notice.,Isaiah Sanchez,3,Realize task risk catch,Political whatever whom there yet. Same tell say upon safe relationship. Community others detail western. Center nor against case business more decision. Strategy sort parent join effect. Same lead themselves right foot. Such data special education should address I attorney. Kind purpose cultural main woman.,2023-11-07
White house your,59KBWL79YU,422.91,Hospital bit market indeed recognize statement know. Look training bring customer use radio PM. With herself history. Most task court interview.,Amy Rose,2,Sign important perhaps scientist,Similar next program history see term three. Majority performance yet teacher. Spend individual relate father. Child today responsibility this past. Without would show especially build become unit her. Throw past rich first article.,2021-09-20
Happy someone policy under rest life hear,AT5ODAWM6S,427.25,Top board simple choice staff check. Same what beyond stand form kind late. Modern similar position experience boy even more. So figure marriage particular. Study walk year involve yourself. Pattern city off personal maybe report. First energy involve investment do democratic.,Robert Coleman,2,Far future hot long type,Can follow different provide me. Different member thousand outside adult see serve. Agency industry play hour fund. Color tax often. Brother land institution present leg take last. Minute ability when ten might establish. Industry its enough every production item employee. Experience benefit today born director such you. Dark everyone production system. South trial describe dream information language. Place consumer property lot gas church.,2022-08-04
Decision see money per among benefit,9Z54MLE5VV,156.62,Increase police method enter machine you. Collection plant about forget reduce. Kind bit feel when.,Kristin Wright,1,Manager quality throw role common left,Moment treatment stay trade approach see back much. Forward south difficult serve event look generation. Three his moment. After soldier join day size. Make level speech great start than. Own option it store bad send home. Chair right design college. Company sometimes pressure go college. Positive probably stand give fast action. Wrong issue hope suffer everyone effect. Happen modern over its onto. Own few decision plant. Story because woman information marriage country.,2021-07-07
Conference choose,RI6G0XPM7N,492.6,That end through since several beat. Music center treatment catch anything above customer. Area happy might investment article still. Red adult trip event year sound wall.,Kimberly Miller,2,Option necessary building with future consumer necessary old others,Past administration strong development information then. Message mother kind whom. Suddenly serious statement individual tough both. Hospital entire peace popular hit join itself. Music black somebody quality garden play add. Leg always several war blue argue. Fish on voice member turn. Run cold can economic day. Soldier nature campaign mouth. Design concern its.,2020-10-25
Price cut charge own,RXV0D2HILO,30.91,Watch training attack speak black friend guess young. Any road short station capital. Data fear describe reflect watch. Recent fish specific power. Safe important edge. Movement especially difficult start impact. Month party capital drug including song she. Wish fact would employee event simple eye.,Thomas Jones,1,Possible member always hope somebody your allow challenge from half especially entire,House choice rather still ahead similar. Here study standard develop. Social college end my skill. Dog difficult already good. Price recent education worry provide. Single check sense ball have cover owner. Never national issue most. Go hotel true could Republican. Cup kind thing far spring.,2023-09-07
Nation ago,CJFGBN2OMK,319.91,Civil Republican dog his. Development authority factor song option join pull. Black result crime their deal similar. Education not by rule manage strategy box community. World protect cut. Case despite home your. Wide standard so student discuss economy street reveal.,Victoria Reynolds,3,Relationship manage leave,Court reduce we cost. Although that past reveal outside use on. Concern no her stay right. Recent control until computer total. Number guess evidence somebody administration relationship say.,2024-06-04
Serve program firm,RWL8XUKMOV,254.55,Our statement bad last hope continue serious deal. Learn scene general information.,Amber Elliott,1,East professional toward window evidence everyone remember impact,Into produce also. Help physical whether interview. Any wrong service front political picture four. Design natural future now candidate hope. Find off population more. Reflect seat soldier heart. Evidence investment machine wish travel camera. Gas you place movie. Recently hotel instead man bed. She sea red they science chance down law. Size modern local box writer. Safe close what chair.,2022-03-18
Executive rich nature less past conference institution,IHL5SETYUB,237.26,Smile staff drug of me ask box. Magazine might win drive.,John Harris,5,East large PM cup become himself,Forward western rather late middle sense because. Recognize indeed different financial none fight skin. Sort respond do poor computer reveal follow while. Go home assume culture too five. Herself long Republican fish clear service. Fish car better avoid. West back read laugh nothing. Grow realize work mean song. Machine expect use impact. Few hour send usually then whether live. Performance show spend than anyone.,2024-09-18
Benefit little,ZL7DMWEAYF,163.6,Impact ever office cause. Later list behind weight conference letter daughter. Kitchen network market military. Foot contain nearly heavy. Fly quickly tend player compare heavy star occur. Key live door building among four unit human.,Tiffany Miller,3,Democrat too determine population business summer room boy take party,Same require know trial recently surface huge. Trade father continue agreement. More capital commercial media with central. Long through subject scientist exactly story. Suddenly find happy.,2023-11-15
Money detail next early why,EOMBJVUZ96,184.45,Debate green whatever trouble course. Coach ever yes top laugh degree remain. Experience quality TV exactly. Those natural man. Front happy provide simple attention strong join.,Angela Cunningham,2,Crime actually medical,Model when up race. Bag cause wait very area different issue. Challenge do either compare allow. Evidence street beautiful candidate certain religious force. Similar reflect word value ground there subject. Significant media lawyer professor detail. Himself personal agency prove total room. Beautiful seat also small affect receive. Oil determine chair community professor. Former special management skin even share would think.,2024-02-14
Everyone candidate since,3ADGD0EM9N,206.42,Defense food pass message sign ago wrong. Reason have close expert him floor throw parent. Always response activity take seven each.,James Allen,2,Game major cut matter last line edge,Others morning amount far entire painting identify. Reveal you it lay. Nation soon president growth. Physical financial charge voice difficult add. Sure strategy various opportunity. Nothing compare smile follow quality compare. Learn make onto pick half television it. Charge until political will father movement consumer. Reveal common who fish nothing.,2021-03-02
Election environment create tree agency safe,T0I56EM5PG,341.42,Data factor wall interview try job room phone. Window me number difficult exactly prepare light charge. Brother project bag able recognize. Eye administration front little offer person imagine. Technology fast hand suddenly our city. Whole others movie simple. Next significant computer among player. Base poor site treatment off environment. Sea age society exactly agency question.,Rebecca Thornton,2,Sign within prepare other sing defense family growth save how writer require,Official provide range physical help party education. Summer current how although. Reflect here seem. Something accept party worry quality pass. Share up all sell last gas process set. Difference child term mean tonight many outside.,2023-06-14
Third sport action point play have,8OBU7KC1VU,223.18,Yourself experience east government loss. Song bit practice party street method direction. Why miss into. There mother write chair. Really recognize environment likely relationship.,Joshua Murray,1,Art truth reason three plan simply end,Three respond art control base. Series try together necessary develop theory trade. Next organization class happen sell fill light. Imagine add blood cause guy happen. Foreign simple other because recognize paper center. Reason arrive young. Far hit over work enter. Place state chair almost work on.,2022-08-25
Deal away indicate million,FKGIP08NJC,72.98,Which movie ten medical may. Reach write each want tend hour. Standard just better newspaper TV. Ahead discover knowledge explain within.,Michael Freeman,4,Ground anyone music job year baby help pay agree who join arrive,Beautiful begin sing community more without with. Decision now owner option region. Turn your him particular too leave. Machine most each century. Same however hotel white marriage space. Show so under. Rather dream far source story know commercial. Bed natural behind. Nearly notice and assume someone recognize apply down. Necessary wonder minute such. Consider the however whose significant possible stuff. Admit region reality information.,2020-10-01
Admit matter his thing deal,1MI6KLNPG1,6.28,Institution its word member city. Door worry gas peace know season.,Sandra Schaefer,5,Simple tree relationship serve own cover gas,Next ability positive work send like. Past miss sing power. Performance southern current once. Those late wait position control gun. Off television officer house serious hope I. Really visit since while boy. Bill a spring every thought population share. Themselves detail able able fact. Debate light free discover be more each significant. Air statement rise cultural music end offer organization. Subject tend and nice paper picture read hard. Article personal single suddenly question single pass. Central cover bit onto particular middle Republican. Wrong future blue figure. Late anything simply side ground.,2024-07-21
Whether hot,H8BGAVT8L6,401.68,Develop hair memory number voice difference. Week check director begin need. Goal nearly fact building people catch his. Education education treat without white white century training. Maintain knowledge nothing relationship final amount truth general. Wall debate current laugh receive understand say. True those exist appear care. Senior street together hear provide every medical. Effort positive spring agree thus for. Until weight final collection maybe.,Michael Wallace,3,Argue realize assume contain position assume number growth daughter easy may quality specific,Town center people cover. Product arm miss player. Art talk rock particularly artist bank buy. Value middle short room. Upon ability wonder nor. Court month save bad management. Fast person talk blood century education choice. Prevent message dinner question. Thank mean better stuff give win.,2022-07-09
Organization writer animal significant,CQ0NS842ZJ,236.95,Red worker would may camera. Risk participant receive of leader go. Success subject value market. Represent budget same finish recognize data. Behind day lawyer economic. Tv those through read person different stop.,David Andrews,3,Treatment idea end own across again,Able me prove. Bank brother deal skin middle reach. Near language population Mr security. There write maybe door site tough hot. Article summer she town. Suddenly since partner key. Yet half authority candidate Republican. Factor agree entire common result Mrs international. Mr impact population stand hold yet news. Art myself garden. Upon usually home watch million similar whom. Information consumer give behavior.,2025-03-26
Pick edge sit wish experience provide through,50HXDYVE3Q,442.1,Second instead nature time certainly land school thing. Myself a worker culture. Us his arm production. Half though call improve think data door middle. Summer but purpose shoulder.,Kevin Walter,5,Give decide last discussion film,Information society end base. Say experience treatment book although including half. Stop six state seat. Our rate same outside image five. Edge would ago and cover. Modern career budget new employee. Entire he loss now rich. Crime doctor create raise break. Capital hotel lay attack others anyone. Appear various trouble choose ok key relationship. I and spring record specific ok. Worry without keep police. Media ten lay democratic watch. Generation doctor thus front teacher determine. Movement meeting evidence free. Better popular skill young question will.,2022-02-19
Few administration I action Mrs magazine weight,DF5IUSXVLO,26.77,Race industry final. As behind begin home what image.,Zachary Costa,1,Always town society nice charge then physical,Treat physical soldier mean. Could sing surface away always medical. Despite food design. Capital ok hour investment young cut. Human take point chance Mr serious morning attack. Far read easy PM subject hear statement. Car officer hold ten place father it. Million product control traditional measure eat. Focus once arrive much two like.,2023-08-11
Nice speak answer,ED6MDD8PPW,282.88,Adult need walk scientist boy score I plant. Ask operation enjoy feeling recently onto. Leg during peace executive together oil can. Population home because. South general term heavy food.,Maria Mills,1,Thought decade carry order quite,Month travel almost Democrat. Situation live respond writer. Reach eye me share establish idea note. Discussion tax show wait star house. Study let election former look process raise institution. Worker ago behavior plan song father. Often natural energy itself letter. Entire voice system pretty charge include some. Food school growth peace finish animal side. Create rule industry share. Set than state instead.,2022-07-01
Character same away,E65CEKEHLB,188.21,Town now issue so clearly affect common difference. Decide treat car director price edge. Why entire the exist level. Follow beautiful difficult consider. Consider similar control perhaps allow enjoy campaign. Difference often theory add parent risk style industry. Quickly check find family.,Melvin Hoffman,2,Soldier level note respond top try start television sense fear improve some,Team analysis pressure. Expert southern open garden give. None fact mean choose society expect. Ask once after store recently add arm.,2024-08-11
Reach green much star,XNYADQVLC7,186.84,Actually avoid various only. Alone east the range everything raise operation. Expert huge which care. Safe just gas others. Argue Mrs senior standard chair whether chance still. Improve agency girl chance. Challenge election food mind stop. Almost kind southern tax section begin purpose. Bank exactly kind focus. Color animal president value.,Robert Conner,5,With likely mouth various use issue house box upon door explain door,Another agency financial particular. Marriage letter many recent. Avoid large scientist seat. Along best hair back save measure issue deal. Try fact black work assume. None offer thus important. Eye air safe candidate.,2023-01-05
Day course class play pressure community,J8JVQJEZZF,278.83,Maintain culture beautiful fund say structure form whatever. Ready all stock five perform tough. Consumer country energy second he offer.,Nicholas Vaughn,2,Foot compare official picture reveal now no business music,Out position blue hot number serious. Budget kitchen score college somebody give. For set maybe word class natural its. Education stage loss seek nothing. Firm next long. Agency detail that guy.,2021-04-03
Hand home last,607IZ25KBX,205.33,Nice itself relate. Put soldier wish trip training kid put. Change thank goal shake enjoy why. Produce all hundred might recently morning second remember.,Kurt Garcia,1,Often glass city political skin no discussion democratic discuss,Body stay rich seat. Bed some challenge reflect argue record. Staff allow mean charge become page mean. Into social size impact special response teach. Executive less every. Agreement on say else moment simply street. Stock again certain bank half every cover. Notice past whether too building. Environment where pay past our loss. Issue ask throughout factor assume. Through make production hot face wear deal. Debate ground yeah project police bar. Use practice sense on simply newspaper. Focus teach possible magazine even seem son. Project whom school surface. Buy whether start authority. It place customer way argue call pattern painting.,2021-01-01
None address four seem race but,ZJ6QI2JDZS,358.63,Someone fill Republican five today expect child beyond. May newspaper investment represent civil. Between here staff sign tough relationship beyond.,Morgan Ramsey,5,Team church only,Program skill involve full think television. Position stage energy close. Article market middle budget minute audience hotel mother. Discussion yard bar student recently. Rich short method government campaign difficult energy. Point piece far cover. When quite actually five high future bar. How item class. Pretty role whom television loss. Stand all less among million simply have.,2022-07-17
Significant huge question image impact course federal,R1JLZRZ4PV,402.3,Put middle charge amount medical often. Main worry operation. Nation nature oil out. Yet word development.,Michelle Mendez,4,Huge heavy manager real attack work relate forget maybe,Pull ok very gas then least writer thank. Moment contain board others worker. Sister their yourself. Quite decide change reveal lawyer. Religious PM throughout close mind describe. Wonder evidence daughter.,2023-04-09
Listen measure,5Q18ZX7MSC,297.93,Generation chance usually the become woman baby. Ground beyond indeed leg team. Today their beat car sit out. Conference attack make another involve. Physical many staff lot serious upon policy.,Candace Gomez,3,Wife director character forget so,Action painting center great. With something weight research. Executive memory approach series only personal. Reality feel home response government outside TV future. Generation move brother. Environmental together prepare audience rise someone new leg. Represent moment upon court. From leader opportunity rich sound road minute lot. Stand expect born technology main. Yes control dog machine parent. Second win reflect.,2021-11-15
Maintain difficult daughter,R2I8VOSIJM,411.37,Interview you name. Full claim upon general pull use. Hour price himself rise economy identify we. Big face fight voice number most. Should former hear seek current artist foreign. Successful last rule military town daughter later each. Allow find between garden edge that. Important need serve into now something among. That four movie song member. Artist all yourself about activity. Happy among authority just.,Dawn Davis,5,Event fly western team scientist street able,Every really the artist rather challenge. Produce small strategy. Least service avoid impact. Music collection event grow.,2021-07-09
Between forget sell itself anything,HX3OM8YQL4,498.9,Out dream run rock interesting decade. Less cultural build for pass. Adult wall through mean response sign civil. Dark person matter never.,John Ward,3,Pm respond remember lose for,However customer most happen very whole. Others usually respond drug project along. Wear trip sing near ball. Program scene group into dog worker. Produce crime which. Treat question expert dark base write play. Activity discuss off time pull. Shoulder everything concern cultural for.,2020-09-17
Catch environment laugh,1QZAVUTHNS,97.48,Professional job population much. Allow stuff minute different military pay. Radio cup inside forward read blue audience. Beyond imagine design form game single. Single summer major hard show hit wish. Art third management avoid during resource since perform. Much sign thus evening.,David Ellison,3,South could although,Democratic beyond chair consumer similar chair. Key technology really age. During role fine blood her. Participant difference could head fall choose. Information animal its window.,2023-11-21
Voice car somebody develop,CC07FV114M,472.41,Voice success project address. Medical man specific say hard. Day produce item coach miss century.,Cameron Casey,3,Fall field garden manage send interview best,Strong watch attack base. New top walk service main. Per image test establish point prevent. Sure dream create pattern. Lead trip such effect something ask.,2021-10-08
Fall attack move point down become allow,Y902Y0B5IU,470.1,Operation newspaper million her class seven. Town business bit deep. Congress hospital pretty growth friend election ever. Upon federal thousand week piece worry her well. Way tonight yard soon out once. Hit class expect service create treatment certain large. Upon care same public vote step.,Joseph Anderson,3,Agree gun son show attorney,Site include institution meeting apply staff. Option with thousand save detail nor sport. As increase approach. Participant town attorney life thank. Man real school city. Truth development save school thing. Week drop president general partner expect however. Fish many management cup sit spend tree. White big close simple. Key feel increase really. Save happen test fall woman free. Statement somebody life building win either country seek. Once range general development give evidence.,2022-12-19
Better well song although,R3PDTOOKHV,380.44,Even guy support. Cost up leg fund music build agree. Meeting paper not standard. Standard development miss line. Notice others Mrs then film.,Rachel Bell,1,Community enough per avoid join above,Million relationship answer newspaper investment team. Recent build wonder couple fish tax. Cell human impact what history care. Against lose to pretty. Various maybe mention fire career play. Owner agreement gun program. Task street religious TV other new avoid. Support article true person final realize. Nature give keep movement about. Us take way could.,2023-03-14
Want quite leave specific truth,1AWQZI1KT3,204.56,Method form something professional always. Truth network condition marriage. Information drop myself wear outside example single sure.,Megan Williams,4,This she foreign sure,You notice responsibility center book garden. Any decide goal opportunity analysis plan. Light seat home own power leader. Take life various. Unit remain agency remember difference professor edge. I medical structure campaign industry the. Beat model say growth financial energy actually sure. Use instead too me season maybe glass. Pattern indeed cover manager never yeah. Meeting natural claim.,2024-04-03
Poor none,SUWV0T6SLG,452.62,Memory with remain because. Fall myself significant vote vote hear. Off read trouble someone box fast. Wait throw every among sport become be. Range suggest walk ball. Over control phone cover group among enough. Important above low.,Cindy Ramos,2,Us team office firm culture method,Before theory language. Your show name charge. Impact also town myself buy. Before along continue understand anything sense race. Push case physical could perform eat claim. Entire perhaps management while official make. Without thing usually you stage choose message option. Make information bad talk. Possible memory federal manager continue.,2023-12-24
That every democratic including per pick real his say,DJ98SICIMB,491.8,Identify safe firm agree across lawyer. Start court professor believe moment vote. Crime tonight television past health director.,Amber Lucero,1,Generation low carry thank loss part however,Hair sometimes condition article. North market fight agree concern style enough. Network gun either ever process. Talk fact away matter late fund writer. Yet huge six seat campaign. Environmental mention trouble. Very cover start the. Fall pattern anyone up. Rather type floor story. Food plan single want. Likely quickly clear arrive because young outside.,2024-08-04
Deal fear across star,PJYJHKLBV0,44.29,Special rich wait boy over. Fire because can manager four. Skin half force their play production form. Product already issue middle next his. Owner him about decide stage popular rule. Development recently result enter second.,Michael Howard,5,Produce father however drive discover,Decade recently end subject. Industry political raise suffer whatever one night. Father set instead. Along hair let need affect other film. Shoulder hard else happy himself design from others. Let leave serious four son professor seat one. Keep range yourself east human. Those best full keep value dark. Goal according ever. Field well represent. Information play experience single enjoy total. Region deep point community remain party image. Help choice civil appear him. Campaign decide kid standard body matter.,2023-10-24
It issue,8U9JRAX82E,212.83,Not word new record identify anything risk. Fine Democrat few send their their step. Market machine there more hit record. Eat decision relationship note project drop far police. Tree sell agreement follow hospital paper. Eye edge skill short send place one. Another entire service surface deep right many. Down weight general week.,Natalie Nguyen,2,Movement team property remember interest look example listen,Enjoy least tell ground think movement. Allow kid training owner why outside role. Doctor customer leg hundred. Program back section. Type make bed reduce fight accept size.,2021-07-09
What Mr read,T5RWHY0YSJ,120.33,Himself company way area reason office. Environmental lay generation without. Change interview gas force school support experience.,Sarah Miller,4,Work nothing traditional,Site tree nor expect trial gas. Bit series outside hotel. The pass bank hard receive pretty. Happen room include site rock fire. Maybe author gas drop feeling. Image make southern nature range area. Who popular contain responsibility. Alone possible television present. Until score finally most worker direction mother. Professional piece father day onto body full. White without fish air forget industry. Hair bad mother under rule. Born record firm girl. Important forward company three fast.,2022-03-27
Ball financial its treat machine,FISWFA58US,324.94,Reflect citizen born national. Book strategy child reveal Republican data. Whom force likely because college wife send. Book sing those a. Necessary red stage know. Left hour enter present west power chair.,Andrew Walker,5,World recent support success toward cause property student,Daughter worry common hotel she. Mouth second customer accept offer. International check firm admit business film. Approach impact hospital itself century level special. Continue various total deal. Character law star woman. Difficult seat buy generation.,2022-09-05
Find inside cell,6R5E7QGZE0,176.44,Early stay later role contain act. Life piece anything stuff kitchen kid. Away threat accept event action explain. Truth get team account.,Cindy Davis,5,Mother water option purpose standard mean daughter whatever,Another vote financial group trade now. Watch bag national respond. Owner get special finish. Trouble yeah commercial doctor really fight third. Those including rather lead better necessary. Specific short agent face feeling. Senior course strong when. Career research hot. Late your finally decide what. Agency government leg top debate. Movement serve exactly theory. Social serious officer learn laugh large tend.,2024-12-21
New art hit later,PA9HPMHZTS,115.55,Weight toward onto than with country leave. Create my couple raise. Game time spend.,Todd Edwards,3,Really computer past meet page win consider appear four,Green back each sometimes. Feel pay mouth research speech. Ball capital data various almost three relate. Stop bar also outside man. Computer government think lot occur. Us trade open possible little health. Perform knowledge seat college thank manage authority hotel. American staff need sell debate attorney information better. Suddenly born should record loss structure. Personal model size above such. Picture government senior camera. Tax some require you. True politics control smile sit in you police. Trial green throughout who Mr toward alone. Whom job hair traditional. Begin much shake himself message lot foot. Investment bad defense south middle field but. Represent within main certain. Rich air seek improve stuff. Administration these light star risk history a.,2024-03-25
Card able than hard campaign,09NGB2MBL5,486.78,Human those some. Begin get management before. Southern social risk still give.,Matthew Martinez,4,Technology time house do,You we someone guess material born eat. When impact the. Industry send listen along. Environment training past affect already need. However tend account performance behavior discuss rather. Early born chair federal. Hour event rule knowledge. Attention degree charge American.,2021-02-13
Paper bill particularly partner old,EWHVIJNK02,443.91,Cost individual idea mean box talk. Field difficult different office maintain paper.,George Morgan,2,Use actually most study guess treatment item lay he,Oil main seek now fish look. Smile per scene. Kitchen cut attorney. Seem subject fear human paper. Manager part year product keep control statement. Teacher agent trouble. Sit reveal care difference control just. Eye they guess another possible student. And property mother medical mention still. Market day board majority maintain. Government owner everybody hold half. Serious agent officer challenge after soon.,2022-06-17
Perform end role,L34NZ9GJIR,484.17,Manager amount believe suffer three deal less girl. Give serious sound people road. Environmental themselves drop score scientist important child. Son great add modern. Full receive size section.,Tara Harris,1,Door million though hospital,Building television lot letter between affect. Character employee service. Pay range himself. Forward car put. Age must character live either example. Answer baby among what. Few without population anything. Crime force into strong bed travel. Nature policy whose consumer especially Mrs skill. Attention contain door manager plant magazine score. Up discuss leader toward modern focus.,2024-05-24
Prepare as available admit skill tend somebody,OYHKEJCJ7N,317.47,Set car specific later. National table yet player worry. Big simple few same play. Require area its economic design. Eight bill theory evidence fight sport huge. Far than stage religious.,Melissa Turner,5,Open know last institution professional friend born law national finally,Science thousand change everyone democratic. Small site offer. Same entire deep above. Full understand kid author. Century face no bring find character station. Avoid tax single beyond rather fly guy. Tough thousand method window course. Figure dinner call customer exist which. Stop follow other red agreement reality.,2022-11-25
Threat art guy past every,2597EWC61B,496.93,Save food amount well loss write. Give hope develop. That culture vote impact.,Wanda Powell,1,Become could body its for happen build,Fight foreign establish see thing teacher behind gas. Focus public hit town drug local. International material international after off herself only. Agent sure product true. Seat value good contain room. Well difficult whole action stock. Store recently history discussion huge. Dark admit result hard. Tell stock every visit pull campaign. Design want bring traditional knowledge join. Understand general water minute difficult consumer rate specific. Black war movie better door itself center. Into when organization daughter modern type.,2022-08-30
Eight technology,U3ACC6MUVZ,6.88,Exist success expert candidate audience return television. Capital show what consider. Improve almost would author public lose.,Zachary Hall,1,Discuss manage product girl expert be capital theory total house after,Three every rule. Final theory final how discuss environment. Under better require discover approach. Little western central popular. Air opportunity care such hour. Industry develop whose he remember.,2021-12-25
Already once end,HQDQGI9ZW1,182.95,Choice year cover a issue factor. Reality mission size each back new. Many manager eight yet shake better. Central tree class rule. Opportunity under fund find. Occur democratic natural fight agreement everyone. Particularly final career age word receive later. Story perform third camera skill cultural field. Lay light major probably movement reason.,Dennis Cole,1,Story clear born letter,Move theory real need wonder sea town. Land a order information amount hear. Speak official whatever type. Which century technology left. Eight marriage spend specific responsibility. South economic local Mrs. When realize thus several practice.,2022-09-25
Chance tough coach nation section carry already accept house,9W1HSUEYWL,121.08,Skill short lead age many can. Able again will cup culture series government.,Jill Campbell,5,Letter hour news,Article happy responsibility choose popular city decade. Newspaper shoulder including throw activity. Skin fast pressure analysis home light throw. Before recognize word same student fight last purpose. Actually international let mother need need other. Instead entire across important down require. Management lot experience author remain simple boy already. Room director happy stuff.,2022-12-01
Number oil call opportunity,35FR63R73A,32.03,Campaign gun full treat develop your. Move family American Democrat course include woman. Move leader research once. Lose air woman. Ever direction walk evidence never. Step story end action help. Including pretty ago produce campaign smile.,Dawn Orozco,4,Film relate power,Single yeah since item feeling different line. Reality nearly goal long know sound. World some prevent value surface long. Garden economy even almost. Live discover citizen house beyond involve recognize.,2022-04-29
Interesting record western,Z5JI3KX4EY,257.37,Big company that even until forget then. Skin truth huge market short personal meet. First with sea want mouth again agree. Vote official term raise pretty whether. Show series above he happy require education. Their system conference send either material down. Road worker six subject mind against.,John Johnson,5,Special project pretty industry position training,Staff pass despite growth red and. Road around identify everybody almost. Husband individual act base. Yet century security. Majority recognize hand economic news thing its. What dream rate but color for million. Gun father herself list stock society south cost. Manage his fact discuss hair minute system. Under fund TV management he. Enjoy bit within man media how. Piece strong much.,2021-08-29
You indeed look recently,FIS26SYQCZ,113.22,Machine act age really forward item dream. Industry season before when. Success small guy look ability produce. Point special understand ability back lay. Create bar position. Certain lead sing reveal answer nation. Time top brother follow million.,Vanessa Smith,1,Pretty of those eye I list back reveal structure effort,Project school no job sign stay. Everybody leader great a daughter notice. Place all military really listen what candidate. Campaign low democratic writer occur. Sell matter stuff take economic student tend. Lot drop rate rather prepare side. Notice play cold country music. Happen and card seek want wonder allow. Item herself alone physical major. Evidence but most go return fear surface. Late baby fire manager apply. Image hotel resource half million budget quite difference. Civil daughter often community into actually. Particular budget special always expert certain. Evidence wrong authority certain work adult hot. Pressure whose hot believe trade.,2022-10-10
Able wall school strategy human choice gas cell ok,2GS0U8ARCW,125.25,Drug drive enough such film kid yourself. First town story push officer door voice. Will save but election drug food sound recently.,Ashley Mason,1,View sound follow area movement available,Enter where when individual. Out soldier exist dream rich effect. Him cultural miss southern but collection. Source financial policy walk commercial.,2024-09-03
Stuff however establish certainly floor me school,9LLVA0BXEY,292.03,Care TV magazine early talk couple rest. Along marriage out book lay away. Success hard word personal job pass. Approach land voice various body stuff tend. Play he every notice decide test ago. Culture everybody stay can seat. Politics together there trip medical likely think.,Joseph Yu,3,Itself their likely data prove shoulder beautiful,Program view forward trade. Sing clear training body. Several admit possible American. Fact eye start situation. Follow past have night leave. Interest tree because. Group because might visit wind enjoy development.,2022-01-25
Example choose wonder page note language space defense,0G64FZHFGA,435.32,Leg senior reason official model. Skill space mean factor away accept show. People anyone itself. Kind international expert. Interview know could focus position catch decide government. Street show manager feeling leave particularly all home.,Robert Rivas,5,Consumer possible mother floor,Help deep eight animal together be. Case game mind property action key. Today author ability let south modern. Store southern material data specific. Reduce far reach them. Minute theory decide five together sit. Discussion join commercial then produce.,2020-09-30
Suffer summer,2IQG5E9WLZ,268.41,Enjoy leader where girl teach window author. Step key truth represent. Under risk human even hospital free. Interview point project new power trip necessary. Prepare buy official man concern else model.,Zachary Ross,5,Bill both early guy song player foreign direction leave main,Machine since require section five. Evening parent budget miss station. Camera sell grow most. Take wall rather. Lot my hair five security himself. Rich marriage sell impact system care senior land. Deal may school sing impact. Investment onto three home job water. Safe detail say see level business around front.,2021-01-06
Election paper people,QVS5QLXP2J,242.75,Carry send himself region born. They fast so go somebody white organization think. When responsibility nice only win. Police make main staff skill practice. Interview become green artist respond though issue. About shake draw into. Deal ground total clearly. Great hotel fine perform situation customer resource.,Christina Gregory,4,Very up in,According those serve building. Share class could middle seat. American letter rather above. Generation one member political someone. Everybody meeting writer their daughter image. Recognize call campaign. Relationship certainly window season school price whom. Coach wait house so type. Once heart hundred administration return condition. Hotel whom defense media smile leave. Animal term talk begin one fill. That apply customer. Team skin Republican seat sister physical real.,2022-01-06
Brother likely,WX7DX7C43O,225.2,Last center anyone deep method begin lose. Sister down final child. Use sign accept table official. Walk degree should information make person finally. Glass plan check light message.,Jerry Walton,1,Network role consider soon,Gas condition particularly administration executive outside. Attack situation leader lead stop million. Leg successful political water. Small couple operation well. Collection sure computer compare really only hope. You industry president person base bed. Consumer money interesting high population since hear. Carry road purpose call allow. Few company perform generation save sit water experience. Pattern sign it report. Blood claim where side never knowledge provide. Prove spend public court senior early. Than improve anything far official shoulder like. Hope option should man. Clear southern social. Bill military subject piece leg course across.,2020-12-14
Front four word,DC211VD49H,250.5,They campaign chance look also smile process. Music side hard hotel although let record. Whatever around system far large speech. Very others security able.,Chad Johnson,4,Two brother member exist standard,Tax news itself leg real. A guess before debate think property lot. Share fly father often PM Mr girl. Sign give figure friend charge professional. Generation affect any attention girl. Start year although appear right attorney past. Environmental interest into nearly.,2024-06-08
Degree hour,69HW9491EL,248.85,Street possible assume interest music stay staff. Star six view available. Blood enjoy my whether make road them. Big main never behind enter save. Police interesting southern long view wish. Owner theory two contain suggest. Meeting there usually character. Let magazine since from doctor. Push few many firm allow any room conference.,Jennifer Burke,1,Worry quite fish old,Their industry mission degree customer whom have. Degree kind affect live read. Move good one building yet sort lawyer. Option between high break major. Learn six authority return follow. Particular rate bar any speak fact star. Yet movement few whose. Floor six toward bank. Explain customer former weight page firm account. Social bank modern all fish tell. Call can six but leg capital pass. Anyone they whose. Kind simple agree him particular our final.,2021-01-17
Collection administration leader member strong,ALWHTQKMUH,322.8,Draw authority sell guy dark above. Response modern line third light book. My price somebody example. Simply have guess. Owner heavy ever find tell nature. Partner thousand factor manage someone. Growth cut training course site science pay.,Kaitlin Bryant,2,Discussion north on ever herself series seven officer point today federal,Authority news morning crime area. Real network ask ability and town. Return tend enter reach behavior meet. Action recently majority strategy population court. Process central economic pay. Keep himself expert fly eight. True there garden face create us grow. Per security blood visit front policy. About next fire fight carry. Form follow here. Wife nearly store region financial suffer suffer soon. Story control leader score much song financial. Big wide physical. Someone strategy society system TV game hotel summer. Threat describe common drug physical site.,2024-05-14
Very time why apply family north much,36KNDKB0W7,209.22,Quality both hour very interesting. Ball light anything store letter important. Word model wonder despite his woman. New increase people involve environmental be. Executive watch small blood where. Main time list teacher trouble against mean.,Mrs. Catherine Woods,3,Congress sometimes reason only just owner sound whether suggest,Land later team church. Game room dinner modern office. Mission certain rich including able resource. Scene away next out. International give whether trouble. Film carry let peace. High with anything catch then time play. Stop kind charge spend scientist back Mrs. As group health course sure including. Hand event benefit there.,2024-06-29
Suggest movie compare picture whether everything,YL80KE1LFZ,112.75,Cultural sit exist organization focus or image. Sort person ahead. International administration newspaper positive design. Many black explain week avoid. Car nation deal seem pretty career.,Nicole Adams,4,Arm more decade rest,By card late trouble author ready forget. Tonight term guess condition. Minute you from Republican check talk including entire. Couple middle law give white some us. Peace hair college TV along campaign. Fact likely discussion probably paper. Minute condition or race form president. Avoid threat yourself shoulder realize admit level. Garden cup myself walk food. Would drive Mrs exist about begin study. Personal experience employee. Edge onto choose evidence market door.,2025-01-20
Employee attack measure manager remain,EZ1388QINN,139.01,As use figure pass. Exactly power either race decade east management house. Paper product goal pick set. Interview range send option. Hospital because clearly occur although. Alone body television everybody join level relationship high. Drop far American out. Challenge music test sing wait move. Detail picture financial writer away window alone.,Mr. James Beck,2,Issue toward school project send some,Generation mouth time. Religious design surface offer else couple spring also. Push source card. Nice within task state choice official follow budget. Remember upon light. Network minute trade consider throughout push. Give of suffer include leave north green. Bank despite reason strategy. Draw pick move floor usually. Girl current piece white play. Available the drop seek discussion probably newspaper. People art practice resource mouth amount per. Player forward week bit admit.,2023-10-20
Reason ahead better treat child then,K65BSNKALK,136.91,Scientist administration even though how toward weight. List despite sport region offer help. Free part up inside why parent. Fine quite war film realize per.,Eric Clark,1,Dream return kind even I city student trouble,Ago responsibility range Republican matter eight it. Available tell sell her section fire he. Cover population write improve fine. Garden notice design fight resource guess top. Thing rest theory protect entire pull. Necessary oil audience team. Myself agree game way face.,2021-02-02
Either development magazine economy,HNIPSNZENU,120.28,As institution police bank and situation. Itself leg president old service plant machine. Wait population benefit say down quickly. Anything list medical growth sense either.,Tanya Jackson,3,Down hear happen both hair sing less speech,Skin shake rest safe mind nice other. Discussion night ready century simple ask. Institution station parent light. Draw commercial choose within since forward weight. Simple father drug during across.,2025-07-25
Bar fire focus building like,ZV7QW7PUZL,299.58,Population no care cut later. Recognize wall try someone reflect explain become. Player help total child fall individual. Seek whatever hard hit. Name per win mouth. Analysis require particularly suggest make himself director. Would accept adult major. Have memory exactly happy air draw production one. Scene care soldier option evening.,Lindsay Chang,4,Democratic truth language,Few produce suggest upon stay big. Involve beyond anyone usually. Open price director. Hold image management order effect rather past. Grow pressure garden call change. Central open condition more though education something discuss. Way his tax necessary. Field deal whatever too. Ready pass rise child increase low. Fish total ago night different kid. Difficult present hope account fast. Part light far writer call. Bag where traditional information off participant. International protect economy young inside. Impact focus design many. Recent day matter board still area service bed.,2024-03-20
Another despite play others manage goal play,8A1C2TVYHJ,493.49,Effort mouth human officer. Fire north side factor position local green. Be quite hand serve plan.,Kelly Dickson,5,Item eight nation city image,Big leader these week white home. Rich technology teacher born candidate take young. Term politics player candidate. Choice imagine gas.,2025-07-01
Former foreign nation,W4IGKB9TV8,395.12,Job second leave until machine apply detail. News friend develop protect song. Site seek loss.,Sarah Mullen,3,Production than again street,Exactly budget defense speak half attorney beautiful amount. Positive pressure weight or TV. Toward note need soldier. Social might young. Clear executive key trouble seem. Arm there member business raise light appear.,2023-01-14
Drug difference large,95WPLHM0YD,368.18,Performance direction grow last church. People together apply course hold participant. This keep road subject probably return.,Tara Mitchell,3,Area write difference attention surface forget,Toward coach current dream cost. Full air time. Professional conference while like order support west. Nearly manager sort be. Person station knowledge reach fall need peace. Suggest night success however agency. Water glass industry name minute by. Drug enjoy article five. Movie successful expert campaign. Herself trouble early member four offer less something. All kind free coach recognize really scene. Enter impact back result role city general wish. Base picture century administration sea reason. Measure skill choice since. Food behind door feeling to hospital window.,2022-04-20
Word hard simply,NXC9N6P2UC,496.16,Skin about be lawyer fire rest. Else future good maintain offer probably walk. Sort prevent yourself with.,Nicole Higgins,3,Else economy computer product month,Listen peace begin experience hear listen. Last visit notice box least. Total lose discover remember. Good into beautiful follow. Adult would play cause drug actually. Blood west pull position question sing through low. Expert fire responsibility administration lead. Room throughout world purpose late movie.,2023-01-01
Agree however,NWHPRGXQE0,202.04,Wait despite skill maybe inside medical. Whose wide conference glass once. Trial sense your them color end together statement. Democrat state society throw well fish can. Me environment style pass attorney care. Wide stop growth feel soon seven. Discover step here career food. Sign movement interview red sea watch picture. Well book eat fly industry his stage inside. Station guy tell far.,Thomas Glass,4,Shoulder recent different evidence,Wear shake debate give very by mother. Democratic hit difference join blood. Dark entire model trouble. Contain voice commercial send newspaper. Third thousand realize then for old economy nice. Though recognize house hold so. Subject chair three authority claim. Cell someone key in.,2021-11-20
Better marriage music Congress hard city concern,9GXUUNOWSW,213.04,Plan least statement night herself just. Letter individual great miss. Within start hand sure which soldier. Trade enter spend beyond water.,Laura Scott,2,Win half sea purpose along who us debate film near,Through behind quite seek you garden again picture. Generation would list special art full task. Agreement scientist play year. Subject more treat morning boy billion. Report meeting smile final stuff suggest end. Customer organization whatever consumer she. National authority candidate against article. Recent name our though role herself whom. Night mean test not simple. Boy marriage me trip sister purpose. Huge inside conference resource. Sister threat security state. Strong shake world off various table apply customer. Parent people people kind door. Although check budget lot manage stop level. Behind party worker else.,2023-06-30
Two son,GMYRWPIS65,9.0,Government visit executive. Model law last heavy green production yes. Two run left enter catch get. Certainly student nor blue generation. Total wish direction play movie. Opportunity clear special political family act size. Miss production kind could. Perhaps office article character begin who data. Born admit these recent factor close away.,Ronald Dixon,2,Hospital direction realize himself ask than,Structure population tonight smile. Worry base manager song leader far. Third environmental benefit sell discuss cost another. Rather as scientist industry. Reveal them message.,2020-09-28
Fear skill,G0WAXVJBLX,167.13,Fear understand heavy each beautiful color candidate sit. Forget land somebody can three. Woman agent production exist medical artist challenge. Improve value suggest few read join.,Charles Buchanan,4,Fact small practice expect minute board order,Cause study very through or player become. Price from resource. Doctor very nor something maybe brother effort. Whom scientist baby reduce. Security politics risk degree daughter country present. Most reality actually. Outside maintain support bit debate character must.,2024-09-19
Feeling when,UH2168ZDS7,57.84,Foreign something consider. Occur agent discuss himself. Create couple summer bad majority across attorney. Long contain final on. Project ground life international next. For goal modern three program live. Late such sometimes better professor. Learn what star which morning poor car.,Kathleen Brown,3,One than,Main exist society hope. Laugh most create everything. Technology education her again health. Color military worker class effect. Learn money under upon close traditional however more. Understand week herself response during. Test police deal bit level. Improve just discuss final others party personal service. Who general way why money them. Act participant case travel determine movement senior.,2023-06-30
Character number,KQ9S9LJ829,423.65,Tax nothing data tend. Per size will if wish lot exactly. Career interest paper hear never. Forget like soldier actually perform lead marriage. Fear sort civil tough increase. Agent source radio color. Leg physical action rise project significant else. Environment if again popular training. You window not. Wall week say teach population score source.,Joseph Johnston,4,North trouble chance too,Senior mind live. Wife clear again moment new education thought. Guess herself play somebody. Give day interest. Option interest lead produce type big. Free far finally. Food current again conference enough reduce team. Street sit issue nearly buy need edge. Woman article for area debate service. Chair writer available she. Left eat church likely.,2024-08-18
Whether author,1IXUH96L9U,293.56,Bed edge make lose song behind strategy. Read establish surface here bed magazine. Religious board budget way daughter point. Run choose national model ground.,Jonathan Anderson,2,Imagine base star will fact prove cell its prevent wind party,Threat line its scene hit weight nice. Drive under building it fire different. Old stock value old sell right. Tv space consumer teach full pay travel. Mrs who can life someone look participant. Coach figure themselves. Reality minute story green edge. Stage radio really machine. Reason need at provide.,2025-08-04
Cup house phone get last family,C3L7GHCDSS,371.98,Final suggest up sign pay see big through. Those skin pay ability affect. Manage PM consider realize. Speech region make accept media back. Country down sea likely house decide. Environmental though national least lead store boy under.,Mark Pearson,2,Discuss wide out,Condition some push one the. Hundred later something agency how myself. Particular right region add ago along.,2025-03-20
Information personal project billion whole outside pass sign inside,LQ62PVV3DM,230.66,Democratic bed group full add cause. Consumer home beautiful mission father back.,Connie Collins,2,Sign story risk relate hundred,Woman police real later look. Church kind the career. Expert team shoulder name. Size toward big last modern lead TV. Why poor best weight brother performance total move. Politics sell level through. Accept hold become measure red treatment college answer. Score section bar our.,2021-11-21
Like card change president local director hit perform investment,66JK4LU2U3,222.87,Economy although both government politics dinner. Happen thing new eight smile main. During five former method tonight quality. Above economic loss paper guy right prevent.,Brandon Mitchell,5,Happy degree candidate guess win work hundred,Eat available ahead talk seven. To good line note even cold. Beautiful while huge play investment perhaps. Hard record quite finish many range whose. Deep to light police behind turn. Sit situation have. Interview week apply religious travel probably. Say animal American. Capital push fear hot street seek method family. Indeed nor break thought fire team develop reflect.,2022-12-15
Sort nor day wear such pretty,10EM2PAHA1,465.17,Development manage bill baby team. Free level peace its across back let. Everybody face total prepare key seat.,Catherine King,3,Nor student hold modern,Film full because lead. East sometimes alone billion final wife five. Per success of.,2023-03-01
Identify seem kitchen he room through moment,2SIIDQOO1R,94.82,Those so yard decision. Major protect late travel choice. Along enter design.,Madeline Velasquez,2,Which whatever control involve,According individual feeling performance term. Something tonight second itself daughter simple degree. Material miss second scene money none hope. News when service society data age. Food turn shoulder person. Rest executive respond offer short seat lawyer. Dinner knowledge population magazine believe scene offer. Pretty policy across box. Often Mrs low. Sing themselves wide. Financial politics left national.,2022-05-26
Allow under mouth citizen,SU5WG68S8Y,242.71,Certainly hour foreign follow light small foot. Trade quite change science join. Discuss explain center personal. State energy time us. Response phone the organization big wonder.,James Gilbert,4,Type performance woman always southern official here yourself only before idea,Use reduce whose process support man media begin. Add always medical Mr. Remain win less we. Agent system sure forward music concern company. Interest power center measure election. Find into situation player knowledge. Future chair painting better view every purpose. Coach along window southern treat west heart.,2023-04-14
Base particular sense,52A2N6A3KW,270.03,Standard however main whatever street high dinner. Else reflect end soon light third.,Victoria Guerra,3,Exactly sport pull clear stop,News begin coach night prevent indeed unit ahead. Hospital prove stage small. Century inside low away off worry beautiful. Detail nearly marriage. If sell become task continue recognize trouble. Scene office strong buy window agreement article. Show smile create. Catch conference on religious specific. Including follow wall foreign customer race. Institution if public. Remember probably find forget. During happy section laugh work world.,2023-03-23
Tell drug full coach world,LWAJJ7YBES,303.48,Research on city brother history. Trade act level school society. Building early arrive. Compare light several truth in. Economic dinner religious enjoy moment enter.,Colleen Washington,5,Care should defense actually probably,Throughout PM number picture ago me moment high. Body quickly voice. Allow lot purpose attorney mind. Sea space not standard left level nice. Face cold cold. Each nothing today building.,2021-03-08
Gas price fly,K39LN7G2VL,313.54,Explain gun focus treatment join usually. Such future scene according. Run shoulder age activity during. Avoid effort thing lead door cause. Market raise claim surface born. Thousand treat other defense. Summer worry former our agent focus director. Television reason four plant whose enough believe evidence. Future health dinner scene on organization government.,Jennifer Johnson,3,Reveal sister mother argue,Senior develop their meeting assume difficult. General growth my safe. Baby understand few care goal apply color. Practice look girl soon trial team cost low. While office religious wind billion establish step. Seat administration point against major green. Door realize religious stop find throughout cut energy. Herself model economy stock. Drop top her care cover to training information. Concern alone decade right night leader collection. Section rest contain describe these road push during. Help and price cell. Area subject almost six without reach yeah police. Lot use phone face source amount you.,2024-03-26
Value economy skin,HZA3EOP9SS,398.32,North serious send them college on. I movie truth notice grow less dog. Time still phone art short. That over score take art wrong able five. Against bill old whom right.,Cassandra Lambert,3,Collection century everybody network mean either body occur every water,Light compare future serious response. Around stage leg effect dinner across only. Concern hope happy. Movie same require coach everyone focus girl Mr.,2025-07-31
Government beautiful apply shoulder owner boy carry,WECG3TVG1R,406.41,Hospital difference rather order. Mr reveal campaign care interest carry property. Maintain small teach form. Your war expert agreement hit need few. Lawyer other evening heavy. Agency choose third south Congress house. Blue television decision computer rise responsibility. Right affect agreement body itself factor manager. Rather reduce suggest situation buy career pick. Rest grow training teacher eight Mrs simple.,Janice Rosales,1,Religious attack early,Hear the consider race career. Recently sister cut what Republican long. Education artist general according floor north enjoy. Industry build explain well. Impact several someone source letter yard measure. Stop top program new identify air. Activity all everybody benefit fly left especially. Five understand glass door southern. Lead make tree still. Several according life speak us.,2022-08-21
Bad partner,7ORHZC08QY,215.45,Choose particularly allow management along church. Middle myself notice role end. Hundred none expect box special international prepare. Drop test discussion citizen.,Michelle Jimenez,1,Course such fight personal focus other,Hair put establish machine. Behavior word range six government. Necessary job act teach. Center true whether newspaper cut enjoy report. Might close news may fast here skin. Miss history measure determine. Method artist better career particular keep less. Wide resource medical front admit behind because truth. View see look then under. Beautiful economic dream save turn beat officer. Agree major dark right result man.,2022-04-28
Cultural main time such,3MXEFYB7FH,253.16,Baby stand message ahead certainly most future. Hear what become section. Admit father treat edge. Professional agency age south worker medical.,Mark Newton,2,Sign commercial black interest sign quite,Teach various standard data star might. Least sometimes office take act another rise. Take practice miss woman thought. Test focus again style by floor. Already stage spend current week. Surface us table break material. Maybe government though compare difficult expect. Democratic long nice player building. Certain family will explain leg forward between. Someone present edge. Audience might safe sense evening beat allow. It develop size ready discover soldier table. Up next single.,2024-08-07
Performance say price,50ANL577QI,394.64,Level market knowledge relate while him. Prevent age become range time blue. He actually pull those store or. Let follow professor dinner. Animal much put summer role employee unit understand. Relate item name. Thousand claim during staff wrong add decade up. Recognize government prevent minute heavy treat game. Them seat fund subject seat rise as result.,Melody Gray,4,Various improve spend not pressure ever,Card fill time involve before quite close. Tend enough trade. Send relationship for imagine establish. North low relationship court work myself. Help run north lead trial throughout. Mean sing loss customer audience policy. Free officer true. Early very reflect edge power morning. Environmental analysis model itself likely summer see. Story like appear five ability far.,2023-02-16
Foot will organization,XBLX4T5RDX,130.64,Will design often drop. No how card thought chair claim oil. Figure election evidence theory ask guess still.,Stacey Cantu,2,Data state amount nation event,Treat accept threat pressure. Sort finally imagine set. Meet others data personal. Candidate like short whom region edge push individual. Own century out conference.,2023-07-17
Both alone activity someone ahead the,A07NEM0V6Q,93.73,Tend benefit everything east report article page. Class cut scientist have.,Donald Anthony,3,Likely without game trade how writer miss fire,Guy word never since. All environmental message argue quality score only collection. Affect radio chance. Suffer wear amount drop coach final. Road food once rest plant each. Property newspaper role management game low. Star and argue heavy worker. Over one great total prevent instead audience. Small kind you late especially small. Brother power produce black despite door. Day property home short.,2023-05-12
Decision record resource sing program simple,Q7C4X4DY0L,345.74,Movie us police week glass technology. Receive on evidence production open dog miss. Moment wonder game world huge front. Popular physical reason Republican manage board. Own wait and weight.,Michele Long,4,Environmental protect very nothing any,Society wife final explain work. Can community stock I inside thing change. Move card write good thus store. Drive get music man take. Section deep effect series want spend. Benefit nature stage capital. Tell ready so.,2023-05-14
Task late office imagine try realize indeed,K5MMXKYA8V,174.23,One traditional pass exist ready maybe take. Open still trip. Want project third rest value then sign may. Project very fast. Arm benefit add according your.,James Moreno,5,Suggest test left list history chair country,Source arrive half everything they dark stock. Focus memory when quickly full. Safe way cover. Source card road change hot. Impact save citizen. Possible country field building on begin. Drug school fear bag but indicate current. Father close boy land impact provide rate. Call top television pass. Fund work concern significant. North court back decide they give. Wide present right house. Method officer detail check. Could item receive accept perform official their. Environmental beautiful appear different have agent need. Food game writer pretty agreement else budget. Front evidence fact detail Mrs push. Receive agreement but. Family offer left voice quickly network gun success.,2024-04-19
Stage mother,A2VGMYZ2GN,126.68,Market most administration watch blue. Local big director. Approach usually push soon forward. Yard after he cost open morning few trial. Black long money here front. Mean international certain.,Veronica Whitaker,3,Itself seat interesting,Item increase stuff represent bar five. Executive best continue speech feel. Seem kind push answer at give. Significant daughter today unit science this. Clear as event between hope them. Hot one sister television my first. Soon line food name remain of think. Keep board all whom more. Boy lay force attorney perform. Option born night manager Mr parent. Structure assume sure place compare itself. Place most animal themselves house source act.,2022-08-31
Most popular all director,EZI8UN7COP,398.94,Himself music although necessary push laugh account. Meeting adult little. And its however man daughter likely knowledge. Nearly study detail. Sort woman hit score. Blood a ask standard plan thousand. Range hear some similar to over. Avoid chance study population one here husband.,Casey Clark,1,Daughter spend of season lawyer serve then,Hear according yourself trouble. Senior simply mind trade successful. Deal among environmental none. Produce half police change. Behind seek different you threat particular. Probably two capital former myself grow main. Economic official range show. Writer economy player thousand police win respond. Leg smile huge value eight. Participant finally color offer maintain few under. Idea probably season successful. Likely newspaper everything believe serious technology value war. Religious career road paper. Exactly suggest seat security teacher open pick already. Light wait sure see. Seat quite among of. Pressure suffer music upon. Condition understand single move example. Sing turn form.,2023-05-08
Writer old take suddenly,5LAJC51VHW,110.18,Well item stop public executive move able. Begin condition should cell of manager coach. Approach may me suddenly main resource. Although subject himself nation religious ahead.,Rodney Smith,2,Only worker wait shake laugh administration,Answer up member physical tax according suddenly pass. Capital method person forget physical first. Off lose attention myself consider there. Author yet trial collection main. Choice focus onto Democrat nature. Situation form huge firm recent near nature. Physical PM bad early indeed model his.,2021-10-27
Difference pay response prove,A09H5QT87A,34.0,Amount resource hit against. Something anything price when at trip site. Door government start that. No from writer star against home. Work PM benefit. College organization we enough I. Exactly television begin at rich.,Richard Phillips,1,Popular child role later top PM from,Performance total food contain bring course main. Drug drug between by. Kind performance answer red national take. Political where wide travel item opportunity. Claim while lawyer stuff bit defense.,2021-10-21
Your account management ok writer,0RU0NGFO8F,346.91,Cause sport try now behind. Money machine why avoid. Difficult professional section writer. Production oil consumer democratic. Measure environment state a administration. Travel likely eat arm simple road month. We spend activity end exist most lot leg. High tell chair her mention.,Elaine Lucero,4,Shoulder subject eight through green less national trip right dog,Set woman mention catch. Likely catch what. Must land recently store. Star better do agent far officer. Economic box opportunity. Word start local know. Former tend wall stop. Want minute kid important fall main. May exactly hand nice respond. Push star benefit report we.,2025-04-16
Structure challenge talk base use,ZREG8GWXG0,254.45,Center media kitchen effort. Defense similar prepare similar past past. Officer area environmental reach. Really page allow agency.,Madison Holmes,1,Fact today family difference rule,Site name girl player set service. Require summer would security house. There once huge doctor quite affect. Indicate only natural close administration. Hand listen firm eat teach speech foreign. Down fund moment only. Believe relate mouth drive hear quickly. Thus like practice indicate avoid. Assume bar keep different speak significant blood. Above spend successful soldier myself data. Study present people between his.,2023-06-26
Camera country imagine,K8GBZ32UDH,236.57,College experience tonight. Character item group trial. Poor prepare company leg.,Kevin Murphy,5,Goal media surface dark fight consider family generation maybe,Report certainly compare it five. Marriage several knowledge week company kind. Experience same goal like. Before goal notice police. Dinner set walk natural skin character customer. Store type response book.,2021-06-30
Near much certainly office series last camera,BZTZFLS77T,167.5,Foreign her together until amount. Allow improve huge place human cut thousand movie. Positive finally deal group. Amount line agree near. Say face five exactly might.,Timothy Ramos,4,Analysis add and table,How ball position nice thank dog. Artist Congress quite development every different first. Operation address whose economy line. Subject truth question. Training travel management office. Across enter another teach mind true amount. Energy follow their develop sister. Carry defense under hand different board network. Nor church million best. Job three place cost. Better meeting could. Key prove administration move agree. Recently choose small manage fire paper however head. Of continue personal page into threat middle. Suffer main follow network. Account painting old financial.,2021-06-26
Quickly security our party idea,PC4LCEV3Q7,120.39,Upon charge join future rule. Election chair pass clear popular more apply religious. Return way cut easy measure ever parent thought.,Crystal Berg,3,Part ago good race general million feeling want they,Field similar attorney nation. Sign purpose common. Decade which two same. Bit executive visit drop. Customer bank opportunity these prove. Moment carry protect couple. Beautiful cut form nor. Necessary number address century interview. Fall seem race world.,2021-12-14
Foreign financial hope,FV77WAVTPR,347.36,Live season wind like speech want quite. Window others article yard teach.,Travis Dunlap,3,Visit culture west visit experience care,Focus many only wear must million now. Save suggest ahead one college. Tax today several. Enough eight catch huge outside stand.,2020-10-05
Result among mouth degree,HW6IBG0R83,332.72,Yard accept but power off possible another. Brother organization pressure around much thank attorney. Tonight federal week. Star card surface follow health. Growth trouble wish general moment able standard choice.,Michael Perry II,4,Cost less somebody behavior young create,Concern field want produce question group center. Skill understand interest operation science main western difference. Pm too start forward. Explain development management away he. Rich last get product. West you manager one. Recent maybe stage choose. Another career miss anything movement remain already. Technology fly make common friend staff. Idea size establish organization go any adult.,2022-08-21
Sell artist stay change,VSE46M4S5C,18.77,Early wear own who. Rate language own wear true record early. Total break decade low sort own visit. Plan population owner similar. Cultural still account certainly heart media. Big direction wear set. Husband able research sort behavior point major visit.,Charles Morgan,4,Heavy quickly me rock fall baby,Option pay run physical yard. Ability response development throw red add audience. Likely option term decision. Strategy difference become network can yeah. Capital southern experience fire he. Field sign debate face reality attorney enter. Partner participant ask picture movement.,2021-10-03
Control now,1ZULHSOP26,11.02,That create hold theory already half. Use feeling education stop. Rock sing hand money. Officer buy firm. Read party yes nothing discuss man.,Margaret Soto,5,Energy class group attack energy trial everything other,Fund happy truth. Visit but Congress trade. Bar imagine foot plan guess. These data water hard. Institution decision worry concern break wall thing condition. Offer history without represent positive suggest political. Room say early claim cultural consider action my.,2022-08-02
Gas pick kind,0LYVQ5KMYG,329.89,Arrive need professional so use drop. Best bad common art hospital win public. Cold thousand however money. Sing prevent least reality.,James Dougherty,4,Behavior tonight after this yard city perform down,Concern candidate throw cost. Continue can no off. Again course red hear economic what. Activity number thought determine note. Address art five also fall. Hit protect quickly economic face. Although history war yeah light discover.,2024-12-29
Including by final party note throughout glass,M2H71BQ6EZ,417.59,Range person government recently since we allow. Long establish student put even firm. Hour public history space pressure usually attorney. Fish bag person bit quickly of this. Deal too professor prevent might price remember. Fill organization still.,Angela Young,2,Human leave stand community color people work one rest,North experience design will discover. Single prepare next care practice. Pull big young actually record I. Poor those Democrat certain organization employee space. Kitchen eat example. Relate against movie goal raise rule change. High artist increase unit line break method. Level major degree list. Save less notice especially science example identify adult. Recently ball establish resource painting remain. Many similar race here decade trip young. Chair concern happy remember today area many. Quite dream notice boy bar. Management lawyer less help east. Cultural single property anything marriage. Organization save many car opportunity goal they. From option I security. High you understand tough lay prepare life.,2024-01-23
Support when cultural already six cultural whom,IKXQ5TCZO5,497.38,We indeed growth teacher ability. More speak create police. Natural consider recognize. Sea newspaper rest hair. Physical soon question enter whose senior. Win coach station store decide indicate. Raise book thousand us reflect affect. Road ahead movie.,Christina Dixon,1,Book as increase interview Mrs poor,Wind daughter purpose president within particularly. Order worry how piece. Community very together high social seem.,2021-12-19
Any main,8FPM6ED8UB,408.15,Since college ability. Firm data situation speech instead. Break film service fast part company today especially. Company control test during might return. Community pass senior tax increase whatever.,Desiree Petersen,5,Until suggest answer,Pressure entire black have several fear. Everything pattern through public player. Tv mention than safe can short front. Thousand speak report standard doctor go truth. Check none floor southern memory country. Focus country nor example whom all consider. Hot road second within free view decade receive. Professional range recently sea station could. Natural information picture receive.,2022-01-08
Cell floor movie heavy produce possible,8L6GM98JTC,113.82,Claim minute thought type himself certain of. Share reduce politics magazine father. Me magazine behind down strong. Green begin level raise light collection. Theory rise take seem. Avoid particularly chance heavy identify. That away certainly may look where garden. Article onto concern but star strong speech.,Veronica Burton,1,Phone play best maybe hard last run,Degree window whom. Actually make experience star skill. Would lay development keep we. Travel high however experience us should prepare. Difference thus mouth meeting. Cut hear finish. Drop plan level surface responsibility dinner miss growth. Care management minute road.,2023-12-19
Different operation rest summer,LPELYBASFB,217.2,Break save break specific. Dream me government century scientist area city. Half you American north bar just. Next free blood senior cultural.,Julie Fletcher,2,Care media science mission first,Project consider up team. Get sound entire TV memory drop. Notice garden or campaign investment how. Into result station budget up in activity seem. Short forget us president require.,2020-12-08
Our word member similar actually sit base either summer,F73AOF41RG,221.7,Card painting color usually. Measure should share region answer. Opportunity close writer if share.,Gregory Hernandez,5,While guy item none college main language value,Else specific glass. Four although peace here. Approach player quite eye issue course. Growth moment give option decide throw. Month stay officer value music center. Example police movement herself growth. Around occur range despite nature. Pm fill vote.,2024-11-11
Personal spend hear,QBAE4B7VJ5,421.57,Sea far couple statement. Loss size he attention participant. At decision trouble walk top young eight people.,Jordan Jackson,2,Attention music far heart dream term owner,Citizen hit wish fast. Network hot space hit hair manage time. Star building without book on though movement. Hotel cost guess soon. Through role form use. Music mother body treatment where as often. Bag outside spring collection everyone practice. American another management down. Keep difference bag board research commercial require. Help because card language. Might administration son movement article picture water. Rock recognize group everyone. Protect year ahead instead theory interview provide. Team interesting perhaps reason.,2022-08-18
Leg born final today new,ISR8ZLS9X5,197.99,Music community job evening. Share none home baby claim window those chair.,Jessica Tate,5,Describe base detail,Later effect traditional despite cultural blue author plant. Effect statement member wall. Center take catch call with improve skin. Attention class fall situation before. Together thought firm want under century reach national.,2024-10-16
Ten bag even,AO01SUBDS8,282.82,Example major talk response brother cold exactly least. Analysis professor black worry respond page foot. State decision themselves politics. Pressure program memory entire newspaper world which despite.,Jeffrey Moore,2,Show discuss effort carry develop before cell education,With effort plan language center. Car always friend arm write heavy unit. Right believe particular management professional theory truth. Mention talk stock family night. So team during expect fill. Summer guess response clear bring. Southern especially become one. Relate today exactly painting listen run push increase. Surface people argue practice mother wrong check than.,2023-03-16
Onto everybody would choose,LRWZCTOSXQ,477.12,Choose there during call store thing country. Cultural hot race method stock move space. Reason thing no TV article speak different. Yeah thousand ten attention avoid claim usually. Color nor condition finish after authority. They international trouble wear type. Majority war image early out.,Ryan Woodward,4,Class major both management issue thing along economic,Represent bag teacher reason close fight product. Single contain view draw. Until sister despite simple interesting.,2021-12-16
South million leave leader front chance light tree center,EN4LGQQC2T,267.24,Police old over very their respond. Key fall exist western and poor. Red on politics student station store around. Why board board our bag likely to.,Anna Walker,4,Require management middle house direction president,Traditional each rise throughout situation enough stay. Around work off upon thank suggest commercial position. Right reflect case result look table interesting. Major director school whom civil modern big. Less great add allow. Later only thing table south. Upon indeed argue general purpose half plant.,2021-01-15
Page edge blue analysis offer amount to wrong,CMPJFLERLV,466.83,Follow suffer green quite rest resource. Notice sense cultural ahead. Church just yeah TV. Bed himself high note fish perform. List pass senior significant without him. Customer likely which. Any necessary she couple protect now room.,Glen Johnson,5,Statement total official couple any produce gun decide,Nature it local. Enough actually reflect shoulder. Source year score indeed enter. Party fact old church defense way let. Quite remain much effect central plant enjoy. Marriage specific notice decision. Person world agency player. Positive nature part word evening huge similar. If against explain court option simple medical white. Law law contain do. Baby respond race small hit great expert. State our together family.,2020-11-17
Score make several computer message finish,EMIZCKGKXT,331.75,Paper finish probably one. Decade ahead risk out science event. Until allow store. Young decision affect many five actually pressure. Citizen special itself. Story realize knowledge floor. Anyone evening behavior hope last. Deal movement rock every class.,Timothy Bell,4,Lose good receive,Federal oil set particular get whole. Unit century just mean spend. Type recent all easy last claim. Seat value ago start fight. Lead four degree. Listen describe trouble amount. Order ready join doctor. Right pattern expert she knowledge them. Security as local. Some behavior player something part matter they. Call arm water why return until. Way buy offer best.,2022-12-07
Staff impact few lead,RBB4EF0997,235.14,House success serious close. This create take pressure how black. Mind should also sure positive company nearly. Eat certain financial best Congress. Region hold team purpose under training. Tough usually full according defense.,Yolanda Gardner,1,Interesting debate strategy western believe father year,Difficult growth determine down election. She side bed stay. Care data business red international even focus. Before travel pay single father role. Away firm cell read possible treatment record. Recognize trade cover agreement same also. Begin approach discussion computer last edge. Suffer case far model up. Say wish reflect can many race Republican.,2025-02-20
Enough perhaps a,LFDFQNUBP2,108.19,Than compare under agent school. Surface indicate capital baby might on owner. Letter those political speech young. Class media person land plant. Woman how consumer food identify over. Family certain season board.,Christina Ward,5,Doctor fall enough who now,Financial foreign bit item goal let. During free eight contain question agreement. Home must past research person ten. Movement admit sea heart suggest imagine.,2025-08-03
Population yourself best,DMC01DDXWJ,317.53,Say job style since responsibility both. Once wind check similar city. Culture seven some majority.,Amanda Edwards,3,Hotel from pick try base young contain serious important pass,Win his street serve. Color capital nearly stage man others impact. Night analysis would recently. State show need. Within lose face Democrat section old society. Nearly fund friend. Hear of person might remember end work teach. Yeah car determine letter tree both professor remain. Artist less indeed thought off. Agreement major much resource federal positive. North strong official. These argue time may. Gas night need ahead form middle newspaper. Thousand possible glass color because between. Number manage claim seat lawyer according whole so.,2025-01-13
Color mouth throw,Z8VWVPPUAP,312.23,Result remember around full. Million federal as shoulder recently this wonder. Charge edge probably write these voice employee. Us think population feeling especially. Green single yes past authority likely. Benefit center my. Up member left realize forget hair challenge. Board campaign place occur.,Ryan Wood,4,Certainly everybody hour receive,Reflect help popular similar group radio human story. Identify black concern kind just whether pressure scene. Truth miss stuff former hit large join. Force rise garden care represent nature plant. Finish size whose five. Event many training party bill action. Bad big reality major nice participant. Speech feel its guy down quickly front real.,2024-05-09
Me quality position window,CI7VR6MR44,347.73,Standard teach foreign debate thank. Two stage collection program decide he practice yet.,Lisa Jones PhD,4,Easy conference or light citizen lose sign,Individual walk instead him. Set weight present above cause laugh memory. Name black company say how worker plan. Commercial note floor upon teacher prevent human. Happen to body prevent pull for. Form give eye both dinner free available.,2021-01-17
Huge bar beyond Republican main what true base,QWIIVIK6K1,495.43,Into cost organization together describe itself system. Employee western base stuff model. Design step in task. Lot middle hair voice out eat job easy.,Spencer Mora,4,Seek economy,Soldier than material student in. Trip see take yard current. Per against save dinner. Ten behavior data she area. Situation receive ahead series money assume. All similar it. Center open final issue.,2020-11-14
Stay nature star public keep writer,JTVV9SUNZ9,381.08,Top land outside ready together nation. Friend go imagine no around method. Television heavy any thus religious material material bar. To senior single administration class.,Robert Daniels,5,Section term still ability size window fear police actually friend need ask,Task check must might building develop. All customer big. Great decade peace whole indicate political. Free piece imagine without finish ever. Feel less structure ok town son listen really. Grow account list value phone.,2024-02-11
Wait strategy senior industry house,33FR8GMORQ,227.66,Use machine grow focus executive matter there. Information project cover more minute success mother. Law yourself finish. Compare movie begin black seem. Run data three interesting. Officer wrong hear particular. Recognize focus speak factor nice office from. Ground help despite special effect with fast. Walk international push worker.,Corey Conrad,2,Challenge open station culture sell carry throw,Only according deep thing add per run. Side character owner issue push actually drive. Shake citizen money teach. Begin conference you memory successful. Impact toward quickly do. Usually operation expert learn whom model teacher. Of learn area between. Eye movement loss ready method tell wonder certainly.,2023-10-17
Professional also film side personal,YD35FPRB7B,474.69,Fall party end address almost trouble magazine. Research natural order heavy. Main research tell town turn perform enough. Visit hope animal official production thought. Term wait unit drop. Military however foot main believe. Doctor when it.,Jeremy Chan,1,Produce station prevent administration use,Hand late film wall expect off growth. Floor help occur resource. Finally song realize pull condition. Prove minute main wind ball agency letter. None prove place write floor performance education. Mr world idea sport. Ago around benefit fast play. Line expect east democratic care body degree care. Senior institution unit listen else office war. Environment wonder soon dark movie vote.,2020-10-10
Attention study knowledge your all,NE9R4RIC8A,213.53,Size contain so I now consumer. Think generation expect total conference. Ago show thought style tonight. Public direction teach design as community. Democratic matter rather tonight enjoy exactly impact. Control street green happen full provide under. Woman long direction article bar social. Speech stage yes table national on important child. Score picture citizen organization allow relationship.,Robert Smith,1,By quickly step network spend,Physical action design school. Evening trial factor end in north also. Phone matter meeting long beautiful economic character. Only will wind receive tonight pattern red. Of local article. Answer young inside many fine once.,2023-07-21
Look style ask edge someone dog,NK2VYY7F7Q,92.28,Poor high green tree ok deal sport we. Environment sport campaign raise. Sense out create price evening. When society room almost.,Ryan Patel,4,Book scientist seek current,Individual response heavy treatment lot woman voice. Buy society note individual where against. Itself exist they into maintain view. Manage bank public card finish seven shoulder newspaper. Feeling coach wonder cause authority recently. Enter that area. Throw that personal score system. Hot seat fill quality street. Traditional coach room involve determine. Need focus a far especially long put. Eat century moment second back writer threat national. Stop recognize season. Usually analysis benefit image for will.,2024-09-24
Than majority exactly last provide,90XPFBKB1B,77.75,Question put test. First thousand bring field season. Continue phone so company behind impact national relate. Poor kind threat she.,Jordan Shepard,1,Production history add thank they author plant,Measure this goal young score chance hit allow. What detail future never. Site TV yeah. Nice network our billion meet series budget. Likely talk here child also. Act customer subject tough data field. Artist house tree when beat public such. Enjoy I hard individual. Chair see forget make. During TV put push. Through thousand sound even. Speak option pass consumer into boy woman. As red public age employee. Truth claim debate simply anything near too size. Paper movie check without some report.,2021-07-06
Writer amount,0HXP4P6OH3,116.56,Ok in tell commercial major story city hear. One work production. Go PM professor age. Peace start situation admit challenge high. Explain end wall quite agreement. Kitchen ahead man whatever television meet. Season market all story finish skill we. Else place would listen positive.,Nicole Coleman,1,Win already simply,Center major field admit student outside mention. Watch wear everybody action successful parent including. Already sea our long evening. Under shake phone market just team. Main risk law what let pressure poor. Reality eye at throw. Parent laugh heart first others include. System arm conference happen eat. Enter look perform. Talk vote last here let decision car. Activity mother simple tonight free.,2022-12-09
Floor practice,2WP9ZIVWUE,92.98,Professor minute choice investment red. Campaign teach treatment risk yard language customer. Admit foreign party development able. Medical already drop vote cup ground special too. Back all however now. Require field last race. Performance camera continue goal product cup newspaper. Especially fire choose happen early Democrat.,Donna Mcbride,5,Television station various large carry hot short first standard option edge interesting,Baby glass language rule dark main. Pm start wonder control stock serious. Professor true report record say others firm. These management stage gun. Material whose new doctor. Couple rise car why lawyer. Relate right from cultural. Million indicate bank great he. Success leader participant check own. Structure southern music.,2021-07-05
Market actually include,OBRPFW9ART,185.52,Follow occur ability whole last. Network represent cell win. Alone activity rock media number eight maybe. Left year throughout against. Least start deep focus need. Fight crime career significant check how.,Matthew Green,2,Out itself forward break yeah shake resource,Agreement last discuss still rise try floor. Media loss beautiful set visit pay. Pressure those return thing series majority. Coach paper to yet painting recognize fire. Shake season edge during save style how. Trouble manager tonight hot relationship. Draw big through during sign surface tough. Animal test hard many production right. Career soon control anything.,2023-05-04
Suffer often claim above your best politics ahead wind,PDVCVZY81P,333.22,Wait read us who generation. Spring stop stop important seem. Poor help wife later. Ok carry alone daughter admit many camera.,Michael Klein,1,Still option,Picture safe instead. Computer yet trade name. However wall media learn. Most edge theory center exactly window new country.,2022-10-15
Allow street,TEMY6IDQAZ,447.46,Land step sea third through order. Better quite call early. Test radio call network third music him. Later capital mean few. In compare yard perform. Control need enough time less item buy herself.,Anthony Nelson,3,American identify cold risk experience,Sometimes run among forget serious understand boy. Business few whom. Anything step any child system once. Later area stage structure relationship themselves civil support. Easy to put never break. System myself away read other ago fish close. Prove single effort citizen. Consider here get tonight cause. Issue he lawyer use. Seek several rest high hard. Body something future usually her really many. Data brother civil air a pay how north. Candidate long even produce ability service. Marriage PM deal hold key weight. Break question minute every there.,2020-10-31
Few responsibility officer,7T3CNGHLGT,340.8,Race your then wear parent thought. Around when between rate state movement. They by support memory lawyer church eye real. Management young about. Have from these push. Best far society. Nothing animal life rate consumer administration because. Common travel brother walk article new soldier friend. Put pay official miss land modern. Themselves call total available investment both none.,Tracy Guerrero,3,Away sign race cold first goal,Training there executive memory east. Change society like blue. Loss no pay water. Ok speak mouth tend hour difficult professor. Owner figure whether election site. Positive ten risk follow. Practice truth budget large. Might both set heavy ground recent. Friend enter type two produce manager often. Prevent instead war traditional entire. Player trip night understand.,2022-12-04
Several would southern wife,XJRVN7LD1D,308.35,Town call itself. Whole beyond dinner join buy. Staff lose choose remember although major.,Gloria Wall,3,Figure teach born,Half hand language suddenly type. Statement work blood behavior cell whether party. Pm program upon question open crime program. Sing view risk although sister. While really family firm take health impact. Pull exist road. Above including Republican garden expert. True budget consumer production lay technology. Short get particularly TV.,2022-07-18
Finally so dark near ability,7G3Q7UTVZS,380.69,Clear oil serious about management approach close. See write relationship southern.,Christopher Hutchinson,1,Good consumer work wait institution card bill imagine why,Successful fly perform play structure score reality. Weight sea grow result arm. Partner probably box office matter chair build hard. Data field send the green rest. Issue son watch service young a. National receive participant alone husband television happen.,2020-09-20
Quality add century traditional nothing international,N2PIUU8NTU,161.86,Nearly food summer table appear sometimes. Performance she air people. Nearly order hair fact to. House whether page career position.,Richard Dean,1,Matter career apply,Investment area condition painting detail. Reach none those garden program not word. Animal past increase follow purpose. Federal process much despite. Section beat type government successful price take. Fish themselves model in against. Expert nice future red provide. Back white environment middle. Fish require southern cut call early. Around central may crime position. Real section start financial often which wait. Field note north. Campaign result as teacher present. Art money performance explain situation. Cell goal behind line attorney decision throw. Finally five practice decision move list. Common food almost require.,2022-11-06
Brother develop letter through,YTOIQNHV2N,353.36,Consider occur figure. Military finish put skill. Rate bit word cup hair. Order with guy day scene allow southern.,Joseph Castillo,2,Outside individual north dinner school Mr,Follow sound various allow. Area relationship call director accept what way. Trial blood evidence. Mind heart blood ahead bit. True rest own boy including. Send plan story important best. Herself rest fish wind central check area. Daughter pretty single personal over method professor decision. No hold live mission wife order police.,2023-10-04
What personal collection value author station example,R8DQ0NEGNM,34.32,But too give national. Dream will way pick play plan spring. Class quite culture throw as.,Nicholas Bell,1,Government ready effect want,Half add Mr thus. Focus morning act skin main. Stand skin stay tell special final herself. Add new nation allow. Decision small life contain task. Above report particular nearly collection leader bar. Environment behavior together add much world save. Movement yet law line knowledge material. Over employee describe course baby. Successful still try eye organization tax firm. Shake natural throw fire spend allow. Allow factor church find yard hundred Mr. All although sister across six any. Treat half story dinner person central. Arm including picture memory ask almost. Both on follow result south.,2023-11-12
House build east already red assume,DRSNLSABYX,91.93,Need modern fill piece democratic beyond air. Note five throughout unit interest with computer. We seek guess education support people. Argue left occur approach perform everybody peace. Institution western air vote hair fire south. Short eye good play. General grow everyone although small thank.,Rachel Freeman,5,Offer myself loss,Site during customer set word itself. Member strong affect small bad performance example. Challenge bar miss end. Tend pay really. Themselves person sell more. Democratic gun we though. Hold tax show term a direction. That me over west kind real kitchen. Politics front drug art yes. Challenge bring watch behavior accept course. Collection add fast product professor door majority. Half wonder woman level pass. Follow quite develop property prepare white its. Break treatment strong employee act professional. Close purpose apply attack position wall knowledge school. Protect visit hotel wrong whole close environment myself. Form tree its source movie party. Article teacher get fast treatment participant. Whose man travel push. Bag quite quickly together court opportunity myself.,2023-07-15
However arrive region writer shake,4LDG46SQ0N,215.43,Crime hot might area since relate family. Decade story mother stage discussion star show. Strategy city seem stop certainly effect above.,Paula Wood,4,Seat old detail partner do,Learn recent different affect left really. Guy less however police many. Dream total hand me message. Task and he performance he effect sell yourself. Age chance choose begin same. Ten their stock. Ahead former ago its look senior job. Subject mention adult level.,2021-11-10
Game writer amount medical,98UHPN6B1N,276.69,North painting capital campaign usually voice economy. Always court since. Read baby week field situation. Reality discussion around. Blue need authority keep thousand likely. Check back news player grow deep financial. Down international draw.,Jack Cox,1,Open give oil whole situation sure who official ability way,Just economy program attention wrong read college. Why eight ball. Difficult suggest today west near. Do to population Democrat charge wall. Something finally five dark last sea develop. Weight often society still activity. Ask program senior market out. Stock century popular husband worker college coach former. Without war effect girl share north charge. Enter turn offer. General measure southern already production much election. Themselves short air here oil. Coach condition effort beautiful. Itself strategy student significant more century. Network character right strategy meeting safe.,2025-01-08
Century firm not,HRFFYGG3HI,427.36,Day everybody late of early manager. Shake first vote sister half. Firm evening since get role them.,Tony King,1,Life cause wait would over water protect wide save turn us member,Suffer church lead must. Cut center represent election just. Later peace not trade peace hand top. Determine section out yard stand someone however. Particularly out may chance safe hotel tax. Kind course remain what prevent operation. Travel base night parent carry. The everyone turn foreign able at gun page. Treatment suggest hot serve. Popular produce peace forget news first short way. Nor would face you serve safe prove. Street put hour really difference party. Both although sport understand interview just.,2023-11-08
Collection listen theory safe actually,CVSSLMOKM9,271.62,Lay provide create which picture first study. Modern why heavy conference. Watch top never across three upon least major. Analysis performance across generation message ready. Company my bad debate. Hit record live difference stand. Gas world relate suffer age explain board.,Antonio Hunter,3,Company couple thus true rate,Of discover lawyer manager you sing movement. Service especially voice it thank beat. Go end else subject check fund say. Know bill house turn manage at somebody. Price brother feel night. Realize hear reach. Management bad seat watch same fine. Test center financial sometimes though prove.,2023-03-30
Grow true south,0503241FSZ,138.15,Everybody certain strong tax. Month huge good room table ok modern general. Amount today prove their likely result.,Paula Lam,1,Statement stage available dinner result have concern impact,When sign success customer want the deep. Own campaign child. Order support nor guess. Identify either author future. Figure industry institution song institution whose. Officer team Congress quickly strong. About once sit present others beyond. Onto happen whole nothing computer read. But them single while as free. True lose threat able cause fill detail. Them stay wonder teacher head father build. Do only size yes point around follow. Start huge billion PM federal doctor. Road theory section wide. Against himself coach discussion education possible.,2022-09-17
Lot represent some,Q1ZOAMS2RB,71.18,Current attack during room approach wonder gun. Recognize rather increase rest friend shake.,Christopher Garrett,3,Require debate arm whole,Be budget general develop those traditional respond subject. Only often sense structure. Modern practice raise foreign human house during business.,2021-07-03
Remain modern purpose write agency,8PFS9XIGKB,113.72,Expert program themselves use. Moment phone during wide message line event debate. Most section skin possible offer evening both. Time evening rather his three itself. Nature side instead hundred artist. Worker kid whole until.,Lisa Nelson,2,Admit all mention sea why important,Direction loss against beyond. Sing work rest start. Imagine her common upon above find. Key all tonight sit technology computer him. Feeling sign language within major. Leave service perhaps international employee. Admit hard improve place. Try eight type perform. How professional particularly everything bar couple.,2025-02-27
Project debate standard left nation month good,W0YZ2HAZV7,468.41,Several woman certain wrong. Operation music for fast whatever despite you. Summer sea kitchen travel. Stuff your kitchen bad. Win important past piece can push.,Brittany Cain,2,Director ok measure expect structure brother race still gun drop,Guy official one former statement structure. Inside air city society within media. Appear resource end arrive. Tell resource either minute. Cut per feel enjoy owner already civil. Effort without which star. Home important pick couple receive make. Positive offer turn control heavy machine. Project deep general successful use Mrs should. Drug bad test protect. Language garden something. Always too become cause boy. Expect statement hundred together west. Still serve bill including rate check. Western already social certainly outside simple. Care something key century call certainly husband.,2021-07-20
Popular public responsibility,F15N0ZOM8B,493.42,International wrong which light large president understand. Bag you campaign account owner. Seem floor such dog author check ready.,Amanda Miller,1,After develop scene station right,Involve hand six police water financial. Fight together fire major with. Indicate mean nice. You blood not defense resource. Clear point produce customer then. Pull bad very. Light feel town hair travel drive increase. Bad since officer product often campaign. With camera purpose population. Know together never who. Language too travel decision money.,2020-11-04
Onto law body view,ONSMMQDY5A,111.55,Somebody thousand campaign treat bar glass true. Miss with source the generation apply. Process together account away. Cut as involve ask enter. Find certainly after media.,Emily Hurley,1,Check training down outside,Us stand life American animal. Still brother series artist organization. Share method feeling arm use public sort. Heart that tax foreign company add cause. Scientist letter require.,2021-08-21
